run_id,rollout,success,steps
square__A_all__s1,0,0,500
square__A_all__s1,1,0,500
square__A_all__s1,2,1,259
square__A_all__s1,3,0,500
square__A_all__s1,4,1,280
square__A_all__s1,5,0,500
square__A_all__s1,6,1,182
square__A_all__s1,7,1,241
square__A_all__s1,8,0,500
square__A_all__s1,9,1,459
square__A_all__s1,10,1,259
square__A_all__s1,11,1,170
square__A_all__s1,12,0,500
square__A_all__s1,13,0,500
square__A_all__s1,14,1,149
square__A_all__s1,15,1,181
square__A_all__s1,16,1,241
square__A_all__s1,17,0,500
square__A_all__s1,18,1,221
square__A_all__s1,19,1,240
square__A_all__s1,20,0,500
square__A_all__s1,21,1,321
square__A_all__s1,22,1,251
square__A_all__s1,23,0,500
square__A_all__s1,24,0,500
square__A_all__s1,25,0,500
square__A_all__s1,26,1,361
square__A_all__s1,27,1,170
square__A_all__s1,28,0,500
square__A_all__s1,29,0,500
square__A_all__s1,30,0,500
square__A_all__s1,31,0,500
square__A_all__s1,32,1,367
square__A_all__s1,33,1,321
square__A_all__s1,34,1,232
square__A_all__s1,35,1,373
square__A_all__s1,36,1,375
square__A_all__s1,37,0,500
square__A_all__s1,38,0,500
square__A_all__s1,39,1,168
square__A_all__s1,40,0,500
square__A_all__s1,41,1,240
square__A_all__s1,42,1,223
square__A_all__s1,43,1,253
square__A_all__s1,44,1,294
square__A_all__s1,45,1,298
square__A_all__s1,46,0,500
square__A_all__s1,47,1,295
square__A_all__s1,48,1,352
square__A_all__s1,49,0,500
square__A_all__s1,50,0,500
square__A_all__s1,51,1,299
square__A_all__s1,52,0,500
square__A_all__s1,53,1,409
square__A_all__s1,54,0,500
square__A_all__s1,55,1,310
square__A_all__s1,56,0,500
square__A_all__s1,57,0,500
square__A_all__s1,58,1,171
square__A_all__s1,59,0,500
square__A_all__s1,60,1,159
square__A_all__s1,61,0,500
square__A_all__s1,62,1,231
square__A_all__s1,63,0,500
square__A_all__s1,64,1,193
square__A_all__s1,65,1,273
square__A_all__s1,66,1,399
square__A_all__s1,67,1,209
square__A_all__s1,68,0,500
square__A_all__s1,69,0,500
square__A_all__s1,70,0,500
square__A_all__s1,71,0,500
square__A_all__s1,72,1,458
square__A_all__s1,73,1,151
square__A_all__s1,74,1,150
square__A_all__s1,75,1,352
square__A_all__s1,76,0,500
square__A_all__s1,77,1,213
square__A_all__s1,78,0,500
square__A_all__s1,79,1,424
square__A_all__s1,80,0,500
square__A_all__s1,81,1,364
square__A_all__s1,82,0,500
square__A_all__s1,83,1,199
square__A_all__s1,84,0,500
square__A_all__s1,85,1,345
square__A_all__s1,86,0,500
square__A_all__s1,87,1,432
square__A_all__s1,88,0,500
square__A_all__s1,89,0,500
square__A_all__s1,90,1,303
square__A_all__s1,91,1,219
square__A_all__s1,92,1,210
square__A_all__s1,93,1,380
square__A_all__s1,94,1,172
square__A_all__s1,95,0,500
square__A_all__s1,96,0,500
square__A_all__s1,97,0,500
square__A_all__s1,98,0,500
square__A_all__s1,99,0,500
square__A_all__s1,100,1,312
square__A_all__s1,101,1,448
square__A_all__s1,102,1,229
square__A_all__s1,103,1,171
square__A_all__s1,104,0,500
square__A_all__s1,105,1,182
square__A_all__s1,106,0,500
square__A_all__s1,107,0,500
square__A_all__s1,108,1,178
square__A_all__s1,109,1,384
square__A_all__s1,110,1,453
square__A_all__s1,111,0,500
square__A_all__s1,112,1,242
square__A_all__s1,113,1,427
square__A_all__s1,114,0,500
square__A_all__s1,115,0,500
square__A_all__s1,116,1,212
square__A_all__s1,117,0,500
square__A_all__s1,118,0,500
square__A_all__s1,119,1,151
square__A_all__s1,120,1,280
square__A_all__s1,121,1,267
square__A_all__s1,122,0,500
square__A_all__s1,123,1,178
square__A_all__s1,124,0,500
square__A_all__s1,125,1,227
square__A_all__s1,126,1,340
square__A_all__s1,127,1,320
square__A_all__s1,128,1,416
square__A_all__s1,129,1,316
square__A_all__s1,130,1,246
square__A_all__s1,131,0,500
square__A_all__s1,132,1,329
square__A_all__s1,133,0,500
square__A_all__s1,134,0,500
square__A_all__s1,135,0,500
square__A_all__s1,136,1,392
square__A_all__s1,137,1,172
square__A_all__s1,138,0,500
square__A_all__s1,139,0,500
square__A_all__s1,140,0,500
square__A_all__s1,141,1,253
square__A_all__s1,142,0,500
square__A_all__s1,143,1,247
square__A_all__s1,144,0,500
square__A_all__s1,145,1,183
square__A_all__s1,146,0,500
square__A_all__s1,147,0,500
square__A_all__s1,148,0,500
square__A_all__s1,149,1,191
square__A_all__s1,150,1,200
square__A_all__s1,151,1,240
square__A_all__s1,152,1,331
square__A_all__s1,153,1,193
square__A_all__s1,154,0,500
square__A_all__s1,155,1,353
square__A_all__s1,156,0,500
square__A_all__s1,157,1,210
square__A_all__s1,158,0,500
square__A_all__s1,159,1,219
square__A_all__s1,160,1,208
square__A_all__s1,161,0,500
square__A_all__s1,162,1,460
square__A_all__s1,163,0,500
square__A_all__s1,164,1,387
square__A_all__s1,165,0,500
square__A_all__s1,166,0,500
square__A_all__s1,167,1,322
square__A_all__s1,168,1,162
square__A_all__s1,169,1,182
square__A_all__s1,170,1,290
square__A_all__s1,171,0,500
square__A_all__s1,172,1,256
square__A_all__s1,173,0,500
square__A_all__s1,174,1,210
square__A_all__s1,175,1,200
square__A_all__s1,176,0,500
square__A_all__s1,177,1,210
square__A_all__s1,178,0,500
square__A_all__s1,179,0,500
square__A_all__s1,180,0,500
square__A_all__s1,181,0,500
square__A_all__s1,182,0,500
square__A_all__s1,183,1,263
square__A_all__s1,184,1,228
square__A_all__s1,185,1,213
square__A_all__s1,186,0,500
square__A_all__s1,187,1,222
square__A_all__s1,188,1,240
square__A_all__s1,189,1,191
square__A_all__s1,190,1,171
square__A_all__s1,191,1,234
square__A_all__s1,192,1,179
square__A_all__s1,193,1,196
square__A_all__s1,194,1,271
square__A_all__s1,195,1,186
square__A_all__s1,196,1,261
square__A_all__s1,197,1,319
square__A_all__s1,198,1,329
square__A_all__s1,199,0,500
square__A_all__s1,200,0,500
square__A_all__s1,201,1,272
square__A_all__s1,202,1,305
square__A_all__s1,203,0,500
square__A_all__s1,204,1,319
square__A_all__s1,205,0,500
square__A_all__s1,206,1,300
square__A_all__s1,207,1,176
square__A_all__s1,208,1,352
square__A_all__s1,209,0,500
square__A_all__s1,210,1,162
square__A_all__s1,211,1,269
square__A_all__s1,212,1,305
square__A_all__s1,213,0,500
square__A_all__s1,214,0,500
square__A_all__s1,215,0,500
square__A_all__s1,216,0,500
square__A_all__s1,217,1,253
square__A_all__s1,218,0,500
square__A_all__s1,219,1,460
square__A_all__s1,220,1,167
square__A_all__s1,221,0,500
square__A_all__s1,222,1,245
square__A_all__s1,223,1,177
square__A_all__s1,224,1,329
square__A_all__s1,225,1,396
square__A_all__s1,226,0,500
square__A_all__s1,227,1,260
square__A_all__s1,228,1,252
square__A_all__s1,229,1,279
square__A_all__s1,230,1,221
square__A_all__s1,231,0,500
square__A_all__s1,232,1,282
square__A_all__s1,233,0,500
square__A_all__s1,234,0,500
square__A_all__s1,235,1,232
square__A_all__s1,236,0,500
square__A_all__s1,237,1,170
square__A_all__s1,238,1,451
square__A_all__s1,239,1,150
square__A_all__s1,240,1,189
square__A_all__s1,241,0,500
square__A_all__s1,242,1,279
square__A_all__s1,243,0,500
square__A_all__s1,244,1,209
square__A_all__s1,245,0,500
square__A_all__s1,246,1,230
square__A_all__s1,247,1,220
square__A_all__s1,248,0,500
square__A_all__s1,249,0,500
square__A_all__s1,250,0,500
square__A_all__s1,251,0,500
square__A_all__s1,252,1,212
square__A_all__s1,253,1,476
square__A_all__s1,254,1,190
square__A_all__s1,255,1,362
square__A_all__s1,256,0,500
square__A_all__s1,257,0,500
square__A_all__s1,258,1,252
square__A_all__s1,259,1,440
square__A_all__s1,260,0,500
square__A_all__s1,261,0,500
square__A_all__s1,262,1,247
square__A_all__s1,263,1,278
square__A_all__s1,264,1,219
square__A_all__s1,265,0,500
square__A_all__s1,266,1,306
square__A_all__s1,267,0,500
square__A_all__s1,268,1,391
square__A_all__s1,269,1,230
square__A_all__s1,270,1,195
square__A_all__s1,271,0,500
square__A_all__s1,272,0,500
square__A_all__s1,273,1,197
square__A_all__s1,274,1,178
square__A_all__s1,275,1,210
square__A_all__s1,276,1,400
square__A_all__s1,277,0,500
square__A_all__s1,278,1,197
square__A_all__s1,279,1,156
square__A_all__s1,280,1,251
square__A_all__s1,281,1,200
square__A_all__s1,282,0,500
square__A_all__s1,283,1,236
square__A_all__s1,284,0,500
square__A_all__s1,285,1,316
square__A_all__s1,286,0,500
square__A_all__s1,287,1,191
square__A_all__s1,288,1,241
square__A_all__s1,289,0,500
square__A_all__s1,290,1,252
square__A_all__s1,291,0,500
square__A_all__s1,292,1,188
square__A_all__s1,293,1,202
square__A_all__s1,294,0,500
square__A_all__s1,295,1,217
square__A_all__s1,296,1,171
square__A_all__s1,297,1,327
square__A_all__s1,298,1,313
square__A_all__s1,299,1,245
square__A_all__s1,300,1,151
square__A_all__s1,301,0,500
square__A_all__s1,302,1,265
square__A_all__s1,303,1,262
square__A_all__s1,304,1,193
square__A_all__s1,305,0,500
square__A_all__s1,306,0,500
square__A_all__s1,307,0,500
square__A_all__s1,308,1,260
square__A_all__s1,309,1,291
square__A_all__s1,310,1,217
square__A_all__s1,311,1,185
square__A_all__s1,312,1,208
square__A_all__s1,313,1,211
square__A_all__s1,314,1,188
square__A_all__s1,315,1,200
square__A_all__s1,316,1,199
square__A_all__s1,317,0,500
square__A_all__s1,318,1,241
square__A_all__s1,319,1,290
square__A_all__s1,320,0,500
square__A_all__s1,321,1,189
square__A_all__s1,322,1,361
square__A_all__s1,323,0,500
square__A_all__s1,324,0,500
square__A_all__s1,325,1,242
square__A_all__s1,326,0,500
square__A_all__s1,327,1,194
square__A_all__s1,328,0,500
square__A_all__s1,329,1,480
square__A_all__s1,330,0,500
square__A_all__s1,331,0,500
square__A_all__s1,332,1,222
square__A_all__s1,333,0,500
square__A_all__s1,334,1,221
square__A_all__s1,335,0,500
square__A_all__s1,336,1,188
square__A_all__s1,337,1,273
square__A_all__s1,338,1,230
square__A_all__s1,339,1,159
square__A_all__s1,340,1,319
square__A_all__s1,341,1,168
square__A_all__s1,342,0,500
square__A_all__s1,343,0,500
square__A_all__s1,344,1,173
square__A_all__s1,345,1,159
square__A_all__s1,346,0,500
square__A_all__s1,347,0,500
square__A_all__s1,348,1,203
square__A_all__s1,349,1,272
square__A_all__s1,350,0,500
square__A_all__s1,351,0,500
square__A_all__s1,352,1,315
square__A_all__s1,353,0,500
square__A_all__s1,354,0,500
square__A_all__s1,355,1,292
square__A_all__s1,356,1,247
square__A_all__s1,357,0,500
square__A_all__s1,358,1,279
square__A_all__s1,359,0,500
square__A_all__s1,360,1,239
square__A_all__s1,361,1,288
square__A_all__s1,362,0,500
square__A_all__s1,363,0,500
square__A_all__s1,364,1,199
square__A_all__s1,365,0,500
square__A_all__s1,366,1,186
square__A_all__s1,367,1,352
square__A_all__s1,368,0,500
square__A_all__s1,369,0,500
square__A_all__s1,370,1,323
square__A_all__s1,371,0,500
square__A_all__s1,372,0,500
square__A_all__s1,373,1,261
square__A_all__s1,374,1,247
square__A_all__s1,375,1,421
square__A_all__s1,376,0,500
square__A_all__s1,377,0,500
square__A_all__s1,378,0,500
square__A_all__s1,379,0,500
square__A_all__s1,380,0,500
square__A_all__s1,381,1,441
square__A_all__s1,382,0,500
square__A_all__s1,383,1,179
square__A_all__s1,384,0,500
square__A_all__s1,385,1,443
square__A_all__s1,386,0,500
square__A_all__s1,387,1,189
square__A_all__s1,388,1,448
square__A_all__s1,389,0,500
square__A_all__s1,390,0,500
square__A_all__s1,391,1,191
square__A_all__s1,392,1,171
square__A_all__s1,393,0,500
square__A_all__s1,394,0,500
square__A_all__s1,395,1,226
square__A_all__s1,396,0,500
square__A_all__s1,397,1,215
square__A_all__s1,398,1,279
square__A_all__s1,399,0,500
square__A_all__s1,400,1,270
square__A_all__s1,401,0,500
square__A_all__s1,402,0,500
square__A_all__s1,403,1,314
square__A_all__s1,404,1,354
square__A_all__s1,405,1,283
square__A_all__s1,406,1,200
square__A_all__s1,407,1,232
square__A_all__s1,408,1,270
square__A_all__s1,409,0,500
square__A_all__s1,410,0,500
square__A_all__s1,411,0,500
square__A_all__s1,412,1,168
square__A_all__s1,413,1,212
square__A_all__s1,414,1,250
square__A_all__s1,415,0,500
square__A_all__s1,416,1,181
square__A_all__s1,417,1,232
square__A_all__s1,418,1,250
square__A_all__s1,419,1,252
square__A_all__s1,420,0,500
square__A_all__s1,421,0,500
square__A_all__s1,422,1,349
square__A_all__s1,423,1,197
square__A_all__s1,424,1,481
square__A_all__s1,425,0,500
square__A_all__s1,426,0,500
square__A_all__s1,427,1,286
square__A_all__s1,428,1,220
square__A_all__s1,429,1,213
square__A_all__s1,430,1,316
square__A_all__s1,431,0,500
square__A_all__s1,432,1,180
square__A_all__s1,433,0,500
square__A_all__s1,434,0,500
square__A_all__s1,435,1,229
square__A_all__s1,436,0,500
square__A_all__s1,437,0,500
square__A_all__s1,438,1,240
square__A_all__s1,439,1,415
square__A_all__s1,440,0,500
square__A_all__s1,441,1,156
square__A_all__s1,442,1,233
square__A_all__s1,443,1,390
square__A_all__s1,444,1,228
square__A_all__s1,445,0,500
square__A_all__s1,446,0,500
square__A_all__s1,447,0,500
square__A_all__s1,448,1,180
square__A_all__s1,449,1,298
square__A_all__s1,450,1,161
square__A_all__s1,451,1,272
square__A_all__s1,452,1,230
square__A_all__s1,453,1,221
square__A_all__s1,454,0,500
square__A_all__s1,455,1,249
square__A_all__s1,456,1,192
square__A_all__s1,457,1,173
square__A_all__s1,458,0,500
square__A_all__s1,459,0,500
square__A_all__s1,460,1,199
square__A_all__s1,461,1,390
square__A_all__s1,462,0,500
square__A_all__s1,463,0,500
square__A_all__s1,464,0,500
square__A_all__s1,465,1,245
square__A_all__s1,466,1,190
square__A_all__s1,467,0,500
square__A_all__s1,468,1,329
square__A_all__s1,469,1,260
square__A_all__s1,470,0,500
square__A_all__s1,471,1,250
square__A_all__s1,472,0,500
square__A_all__s1,473,0,500
square__A_all__s1,474,1,175
square__A_all__s1,475,0,500
square__A_all__s1,476,1,173
square__A_all__s1,477,0,500
square__A_all__s1,478,1,235
square__A_all__s1,479,1,439
square__A_all__s1,480,1,307
square__A_all__s1,481,1,409
square__A_all__s1,482,1,170
square__A_all__s1,483,0,500
square__A_all__s1,484,0,500
square__A_all__s1,485,0,500
square__A_all__s1,486,1,220
square__A_all__s1,487,1,241
square__A_all__s1,488,0,500
square__A_all__s1,489,0,500
square__A_all__s1,490,1,170
square__A_all__s1,491,1,292
square__A_all__s1,492,1,152
square__A_all__s1,493,1,240
square__A_all__s1,494,1,336
square__A_all__s1,495,1,320
square__A_all__s1,496,1,213
square__A_all__s1,497,1,292
square__A_all__s1,498,0,500
square__A_all__s1,499,0,500
square__A_all__s10,0,1,220
square__A_all__s10,1,1,269
square__A_all__s10,2,0,500
square__A_all__s10,3,1,242
square__A_all__s10,4,1,328
square__A_all__s10,5,1,388
square__A_all__s10,6,1,409
square__A_all__s10,7,1,187
square__A_all__s10,8,1,210
square__A_all__s10,9,1,242
square__A_all__s10,10,1,285
square__A_all__s10,11,0,500
square__A_all__s10,12,0,500
square__A_all__s10,13,1,172
square__A_all__s10,14,0,500
square__A_all__s10,15,1,188
square__A_all__s10,16,1,276
square__A_all__s10,17,1,201
square__A_all__s10,18,1,222
square__A_all__s10,19,1,479
square__A_all__s10,20,1,187
square__A_all__s10,21,1,219
square__A_all__s10,22,1,166
square__A_all__s10,23,1,286
square__A_all__s10,24,1,186
square__A_all__s10,25,1,159
square__A_all__s10,26,1,199
square__A_all__s10,27,0,500
square__A_all__s10,28,1,199
square__A_all__s10,29,1,152
square__A_all__s10,30,0,500
square__A_all__s10,31,1,150
square__A_all__s10,32,1,165
square__A_all__s10,33,1,174
square__A_all__s10,34,1,196
square__A_all__s10,35,0,500
square__A_all__s10,36,0,500
square__A_all__s10,37,1,395
square__A_all__s10,38,0,500
square__A_all__s10,39,1,260
square__A_all__s10,40,1,441
square__A_all__s10,41,1,190
square__A_all__s10,42,1,190
square__A_all__s10,43,1,242
square__A_all__s10,44,1,323
square__A_all__s10,45,0,500
square__A_all__s10,46,0,500
square__A_all__s10,47,1,199
square__A_all__s10,48,1,171
square__A_all__s10,49,1,162
square__A_all__s10,50,0,500
square__A_all__s10,51,1,232
square__A_all__s10,52,0,500
square__A_all__s10,53,0,500
square__A_all__s10,54,0,500
square__A_all__s10,55,1,462
square__A_all__s10,56,1,169
square__A_all__s10,57,0,500
square__A_all__s10,58,1,169
square__A_all__s10,59,1,155
square__A_all__s10,60,1,181
square__A_all__s10,61,1,179
square__A_all__s10,62,1,352
square__A_all__s10,63,1,247
square__A_all__s10,64,1,472
square__A_all__s10,65,1,414
square__A_all__s10,66,1,162
square__A_all__s10,67,1,252
square__A_all__s10,68,1,191
square__A_all__s10,69,1,438
square__A_all__s10,70,1,438
square__A_all__s10,71,1,192
square__A_all__s10,72,1,197
square__A_all__s10,73,1,197
square__A_all__s10,74,1,158
square__A_all__s10,75,0,500
square__A_all__s10,76,1,460
square__A_all__s10,77,1,169
square__A_all__s10,78,1,207
square__A_all__s10,79,0,500
square__A_all__s10,80,1,190
square__A_all__s10,81,1,169
square__A_all__s10,82,1,251
square__A_all__s10,83,1,214
square__A_all__s10,84,0,500
square__A_all__s10,85,1,220
square__A_all__s10,86,0,500
square__A_all__s10,87,0,500
square__A_all__s10,88,0,500
square__A_all__s10,89,1,169
square__A_all__s10,90,0,500
square__A_all__s10,91,1,272
square__A_all__s10,92,1,185
square__A_all__s10,93,0,500
square__A_all__s10,94,1,150
square__A_all__s10,95,1,380
square__A_all__s10,96,1,422
square__A_all__s10,97,0,500
square__A_all__s10,98,1,221
square__A_all__s10,99,0,500
square__A_all__s10,100,1,179
square__A_all__s10,101,0,500
square__A_all__s10,102,1,390
square__A_all__s10,103,1,249
square__A_all__s10,104,0,500
square__A_all__s10,105,0,500
square__A_all__s10,106,0,500
square__A_all__s10,107,0,500
square__A_all__s10,108,1,145
square__A_all__s10,109,1,162
square__A_all__s10,110,1,219
square__A_all__s10,111,1,282
square__A_all__s10,112,1,171
square__A_all__s10,113,0,500
square__A_all__s10,114,1,173
square__A_all__s10,115,1,194
square__A_all__s10,116,1,220
square__A_all__s10,117,1,171
square__A_all__s10,118,0,500
square__A_all__s10,119,0,500
square__A_all__s10,120,1,431
square__A_all__s10,121,1,145
square__A_all__s10,122,0,500
square__A_all__s10,123,0,500
square__A_all__s10,124,1,169
square__A_all__s10,125,1,299
square__A_all__s10,126,0,500
square__A_all__s10,127,1,293
square__A_all__s10,128,0,500
square__A_all__s10,129,1,212
square__A_all__s10,130,1,220
square__A_all__s10,131,1,283
square__A_all__s10,132,0,500
square__A_all__s10,133,1,429
square__A_all__s10,134,0,500
square__A_all__s10,135,0,500
square__A_all__s10,136,1,248
square__A_all__s10,137,1,165
square__A_all__s10,138,1,169
square__A_all__s10,139,1,197
square__A_all__s10,140,0,500
square__A_all__s10,141,1,235
square__A_all__s10,142,1,179
square__A_all__s10,143,1,281
square__A_all__s10,144,1,202
square__A_all__s10,145,1,222
square__A_all__s10,146,1,298
square__A_all__s10,147,0,500
square__A_all__s10,148,0,500
square__A_all__s10,149,1,440
square__A_all__s10,150,1,379
square__A_all__s10,151,0,500
square__A_all__s10,152,1,372
square__A_all__s10,153,1,349
square__A_all__s10,154,1,453
square__A_all__s10,155,1,251
square__A_all__s10,156,0,500
square__A_all__s10,157,1,175
square__A_all__s10,158,1,206
square__A_all__s10,159,0,500
square__A_all__s10,160,1,202
square__A_all__s10,161,0,500
square__A_all__s10,162,1,283
square__A_all__s10,163,1,210
square__A_all__s10,164,1,200
square__A_all__s10,165,0,500
square__A_all__s10,166,0,500
square__A_all__s10,167,1,177
square__A_all__s10,168,0,500
square__A_all__s10,169,1,158
square__A_all__s10,170,1,221
square__A_all__s10,171,1,183
square__A_all__s10,172,1,190
square__A_all__s10,173,1,231
square__A_all__s10,174,1,170
square__A_all__s10,175,1,187
square__A_all__s10,176,0,500
square__A_all__s10,177,1,171
square__A_all__s10,178,1,165
square__A_all__s10,179,1,248
square__A_all__s10,180,1,194
square__A_all__s10,181,1,199
square__A_all__s10,182,0,500
square__A_all__s10,183,1,216
square__A_all__s10,184,0,500
square__A_all__s10,185,0,500
square__A_all__s10,186,0,500
square__A_all__s10,187,1,220
square__A_all__s10,188,1,388
square__A_all__s10,189,0,500
square__A_all__s10,190,1,156
square__A_all__s10,191,1,155
square__A_all__s10,192,1,169
square__A_all__s10,193,1,304
square__A_all__s10,194,1,234
square__A_all__s10,195,0,500
square__A_all__s10,196,1,201
square__A_all__s10,197,1,148
square__A_all__s10,198,1,158
square__A_all__s10,199,1,348
square__A_all__s10,200,1,183
square__A_all__s10,201,0,500
square__A_all__s10,202,1,190
square__A_all__s10,203,1,314
square__A_all__s10,204,0,500
square__A_all__s10,205,0,500
square__A_all__s10,206,1,271
square__A_all__s10,207,1,168
square__A_all__s10,208,0,500
square__A_all__s10,209,0,500
square__A_all__s10,210,1,219
square__A_all__s10,211,1,178
square__A_all__s10,212,0,500
square__A_all__s10,213,0,500
square__A_all__s10,214,1,249
square__A_all__s10,215,0,500
square__A_all__s10,216,0,500
square__A_all__s10,217,0,500
square__A_all__s10,218,0,500
square__A_all__s10,219,1,154
square__A_all__s10,220,1,202
square__A_all__s10,221,0,500
square__A_all__s10,222,1,272
square__A_all__s10,223,0,500
square__A_all__s10,224,1,211
square__A_all__s10,225,0,500
square__A_all__s10,226,0,500
square__A_all__s10,227,0,500
square__A_all__s10,228,1,219
square__A_all__s10,229,1,382
square__A_all__s10,230,0,500
square__A_all__s10,231,1,325
square__A_all__s10,232,0,500
square__A_all__s10,233,1,168
square__A_all__s10,234,0,500
square__A_all__s10,235,1,391
square__A_all__s10,236,1,211
square__A_all__s10,237,0,500
square__A_all__s10,238,0,500
square__A_all__s10,239,1,208
square__A_all__s10,240,1,171
square__A_all__s10,241,1,360
square__A_all__s10,242,0,500
square__A_all__s10,243,1,280
square__A_all__s10,244,1,428
square__A_all__s10,245,1,231
square__A_all__s10,246,1,250
square__A_all__s10,247,0,500
square__A_all__s10,248,1,169
square__A_all__s10,249,1,192
square__A_all__s10,250,0,500
square__A_all__s10,251,1,193
square__A_all__s10,252,1,192
square__A_all__s10,253,0,500
square__A_all__s10,254,1,413
square__A_all__s10,255,1,175
square__A_all__s10,256,1,182
square__A_all__s10,257,1,319
square__A_all__s10,258,1,209
square__A_all__s10,259,0,500
square__A_all__s10,260,0,500
square__A_all__s10,261,1,267
square__A_all__s10,262,1,278
square__A_all__s10,263,1,172
square__A_all__s10,264,1,173
square__A_all__s10,265,0,500
square__A_all__s10,266,0,500
square__A_all__s10,267,1,289
square__A_all__s10,268,0,500
square__A_all__s10,269,1,297
square__A_all__s10,270,0,500
square__A_all__s10,271,0,500
square__A_all__s10,272,0,500
square__A_all__s10,273,1,218
square__A_all__s10,274,1,179
square__A_all__s10,275,1,264
square__A_all__s10,276,1,201
square__A_all__s10,277,1,249
square__A_all__s10,278,0,500
square__A_all__s10,279,0,500
square__A_all__s10,280,1,182
square__A_all__s10,281,1,389
square__A_all__s10,282,1,176
square__A_all__s10,283,0,500
square__A_all__s10,284,0,500
square__A_all__s10,285,0,500
square__A_all__s10,286,1,189
square__A_all__s10,287,1,232
square__A_all__s10,288,0,500
square__A_all__s10,289,1,405
square__A_all__s10,290,0,500
square__A_all__s10,291,1,438
square__A_all__s10,292,0,500
square__A_all__s10,293,1,342
square__A_all__s10,294,1,159
square__A_all__s10,295,1,197
square__A_all__s10,296,1,169
square__A_all__s10,297,1,199
square__A_all__s10,298,0,500
square__A_all__s10,299,1,209
square__A_all__s10,300,1,145
square__A_all__s10,301,0,500
square__A_all__s10,302,1,183
square__A_all__s10,303,1,212
square__A_all__s10,304,1,164
square__A_all__s10,305,0,500
square__A_all__s10,306,0,500
square__A_all__s10,307,0,500
square__A_all__s10,308,1,490
square__A_all__s10,309,0,500
square__A_all__s10,310,1,187
square__A_all__s10,311,0,500
square__A_all__s10,312,0,500
square__A_all__s10,313,0,500
square__A_all__s10,314,1,168
square__A_all__s10,315,1,176
square__A_all__s10,316,1,195
square__A_all__s10,317,1,220
square__A_all__s10,318,1,340
square__A_all__s10,319,1,182
square__A_all__s10,320,1,169
square__A_all__s10,321,1,174
square__A_all__s10,322,0,500
square__A_all__s10,323,0,500
square__A_all__s10,324,0,500
square__A_all__s10,325,1,160
square__A_all__s10,326,1,210
square__A_all__s10,327,1,240
square__A_all__s10,328,0,500
square__A_all__s10,329,0,500
square__A_all__s10,330,0,500
square__A_all__s10,331,1,206
square__A_all__s10,332,1,313
square__A_all__s10,333,0,500
square__A_all__s10,334,1,498
square__A_all__s10,335,1,193
square__A_all__s10,336,0,500
square__A_all__s10,337,1,216
square__A_all__s10,338,1,161
square__A_all__s10,339,1,160
square__A_all__s10,340,1,211
square__A_all__s10,341,1,431
square__A_all__s10,342,0,500
square__A_all__s10,343,1,197
square__A_all__s10,344,1,201
square__A_all__s10,345,1,250
square__A_all__s10,346,1,179
square__A_all__s10,347,1,367
square__A_all__s10,348,1,193
square__A_all__s10,349,1,179
square__A_all__s10,350,1,269
square__A_all__s10,351,1,161
square__A_all__s10,352,0,500
square__A_all__s10,353,0,500
square__A_all__s10,354,0,500
square__A_all__s10,355,1,151
square__A_all__s10,356,0,500
square__A_all__s10,357,1,432
square__A_all__s10,358,1,219
square__A_all__s10,359,1,244
square__A_all__s10,360,0,500
square__A_all__s10,361,0,500
square__A_all__s10,362,0,500
square__A_all__s10,363,1,212
square__A_all__s10,364,1,172
square__A_all__s10,365,1,249
square__A_all__s10,366,1,209
square__A_all__s10,367,1,178
square__A_all__s10,368,0,500
square__A_all__s10,369,1,310
square__A_all__s10,370,0,500
square__A_all__s10,371,0,500
square__A_all__s10,372,0,500
square__A_all__s10,373,1,189
square__A_all__s10,374,1,232
square__A_all__s10,375,1,172
square__A_all__s10,376,1,231
square__A_all__s10,377,0,500
square__A_all__s10,378,1,311
square__A_all__s10,379,0,500
square__A_all__s10,380,0,500
square__A_all__s10,381,1,175
square__A_all__s10,382,1,148
square__A_all__s10,383,0,500
square__A_all__s10,384,1,456
square__A_all__s10,385,0,500
square__A_all__s10,386,0,500
square__A_all__s10,387,1,197
square__A_all__s10,388,1,219
square__A_all__s10,389,1,211
square__A_all__s10,390,0,500
square__A_all__s10,391,1,170
square__A_all__s10,392,1,290
square__A_all__s10,393,0,500
square__A_all__s10,394,1,195
square__A_all__s10,395,0,500
square__A_all__s10,396,1,243
square__A_all__s10,397,1,193
square__A_all__s10,398,0,500
square__A_all__s10,399,1,277
square__A_all__s10,400,0,500
square__A_all__s10,401,0,500
square__A_all__s10,402,1,417
square__A_all__s10,403,0,500
square__A_all__s10,404,0,500
square__A_all__s10,405,1,321
square__A_all__s10,406,1,287
square__A_all__s10,407,0,500
square__A_all__s10,408,1,179
square__A_all__s10,409,0,500
square__A_all__s10,410,0,500
square__A_all__s10,411,0,500
square__A_all__s10,412,1,219
square__A_all__s10,413,0,500
square__A_all__s10,414,1,181
square__A_all__s10,415,1,241
square__A_all__s10,416,1,182
square__A_all__s10,417,1,390
square__A_all__s10,418,1,329
square__A_all__s10,419,1,309
square__A_all__s10,420,0,500
square__A_all__s10,421,0,500
square__A_all__s10,422,0,500
square__A_all__s10,423,0,500
square__A_all__s10,424,0,500
square__A_all__s10,425,0,500
square__A_all__s10,426,1,175
square__A_all__s10,427,0,500
square__A_all__s10,428,1,424
square__A_all__s10,429,1,171
square__A_all__s10,430,1,200
square__A_all__s10,431,1,213
square__A_all__s10,432,1,185
square__A_all__s10,433,0,500
square__A_all__s10,434,0,500
square__A_all__s10,435,1,167
square__A_all__s10,436,0,500
square__A_all__s10,437,0,500
square__A_all__s10,438,1,373
square__A_all__s10,439,1,149
square__A_all__s10,440,0,500
square__A_all__s10,441,1,418
square__A_all__s10,442,1,292
square__A_all__s10,443,0,500
square__A_all__s10,444,1,163
square__A_all__s10,445,0,500
square__A_all__s10,446,1,195
square__A_all__s10,447,0,500
square__A_all__s10,448,1,225
square__A_all__s10,449,1,190
square__A_all__s10,450,1,186
square__A_all__s10,451,1,428
square__A_all__s10,452,1,189
square__A_all__s10,453,1,210
square__A_all__s10,454,1,188
square__A_all__s10,455,1,170
square__A_all__s10,456,1,178
square__A_all__s10,457,1,280
square__A_all__s10,458,0,500
square__A_all__s10,459,0,500
square__A_all__s10,460,0,500
square__A_all__s10,461,0,500
square__A_all__s10,462,0,500
square__A_all__s10,463,1,169
square__A_all__s10,464,0,500
square__A_all__s10,465,1,192
square__A_all__s10,466,1,284
square__A_all__s10,467,0,500
square__A_all__s10,468,1,396
square__A_all__s10,469,1,188
square__A_all__s10,470,0,500
square__A_all__s10,471,1,219
square__A_all__s10,472,1,376
square__A_all__s10,473,1,242
square__A_all__s10,474,0,500
square__A_all__s10,475,1,358
square__A_all__s10,476,0,500
square__A_all__s10,477,1,158
square__A_all__s10,478,0,500
square__A_all__s10,479,0,500
square__A_all__s10,480,1,151
square__A_all__s10,481,1,157
square__A_all__s10,482,1,258
square__A_all__s10,483,1,182
square__A_all__s10,484,0,500
square__A_all__s10,485,1,219
square__A_all__s10,486,1,258
square__A_all__s10,487,1,230
square__A_all__s10,488,0,500
square__A_all__s10,489,1,252
square__A_all__s10,490,1,194
square__A_all__s10,491,0,500
square__A_all__s10,492,1,186
square__A_all__s10,493,1,314
square__A_all__s10,494,0,500
square__A_all__s10,495,1,232
square__A_all__s10,496,1,182
square__A_all__s10,497,1,273
square__A_all__s10,498,1,222
square__A_all__s10,499,0,500
square__A_all__s2,0,0,500
square__A_all__s2,1,1,166
square__A_all__s2,2,1,200
square__A_all__s2,3,1,138
square__A_all__s2,4,1,298
square__A_all__s2,5,0,500
square__A_all__s2,6,1,177
square__A_all__s2,7,1,361
square__A_all__s2,8,0,500
square__A_all__s2,9,1,158
square__A_all__s2,10,1,215
square__A_all__s2,11,1,208
square__A_all__s2,12,0,500
square__A_all__s2,13,1,299
square__A_all__s2,14,0,500
square__A_all__s2,15,0,500
square__A_all__s2,16,0,500
square__A_all__s2,17,1,316
square__A_all__s2,18,1,250
square__A_all__s2,19,0,500
square__A_all__s2,20,1,222
square__A_all__s2,21,1,213
square__A_all__s2,22,1,318
square__A_all__s2,23,1,201
square__A_all__s2,24,0,500
square__A_all__s2,25,1,287
square__A_all__s2,26,0,500
square__A_all__s2,27,1,198
square__A_all__s2,28,0,500
square__A_all__s2,29,1,151
square__A_all__s2,30,0,500
square__A_all__s2,31,1,238
square__A_all__s2,32,0,500
square__A_all__s2,33,1,168
square__A_all__s2,34,1,176
square__A_all__s2,35,0,500
square__A_all__s2,36,1,280
square__A_all__s2,37,0,500
square__A_all__s2,38,1,348
square__A_all__s2,39,1,238
square__A_all__s2,40,1,262
square__A_all__s2,41,1,259
square__A_all__s2,42,1,438
square__A_all__s2,43,1,364
square__A_all__s2,44,1,286
square__A_all__s2,45,1,251
square__A_all__s2,46,1,171
square__A_all__s2,47,0,500
square__A_all__s2,48,0,500
square__A_all__s2,49,1,177
square__A_all__s2,50,1,219
square__A_all__s2,51,1,208
square__A_all__s2,52,0,500
square__A_all__s2,53,1,224
square__A_all__s2,54,1,180
square__A_all__s2,55,0,500
square__A_all__s2,56,1,179
square__A_all__s2,57,1,440
square__A_all__s2,58,1,332
square__A_all__s2,59,1,158
square__A_all__s2,60,1,237
square__A_all__s2,61,1,400
square__A_all__s2,62,1,352
square__A_all__s2,63,1,149
square__A_all__s2,64,0,500
square__A_all__s2,65,0,500
square__A_all__s2,66,0,500
square__A_all__s2,67,0,500
square__A_all__s2,68,1,199
square__A_all__s2,69,1,178
square__A_all__s2,70,0,500
square__A_all__s2,71,0,500
square__A_all__s2,72,0,500
square__A_all__s2,73,0,500
square__A_all__s2,74,1,178
square__A_all__s2,75,1,182
square__A_all__s2,76,1,382
square__A_all__s2,77,1,317
square__A_all__s2,78,1,208
square__A_all__s2,79,1,182
square__A_all__s2,80,1,209
square__A_all__s2,81,0,500
square__A_all__s2,82,0,500
square__A_all__s2,83,1,340
square__A_all__s2,84,0,500
square__A_all__s2,85,1,228
square__A_all__s2,86,0,500
square__A_all__s2,87,1,279
square__A_all__s2,88,0,500
square__A_all__s2,89,1,183
square__A_all__s2,90,1,171
square__A_all__s2,91,0,500
square__A_all__s2,92,1,261
square__A_all__s2,93,1,192
square__A_all__s2,94,1,151
square__A_all__s2,95,0,500
square__A_all__s2,96,1,194
square__A_all__s2,97,0,500
square__A_all__s2,98,1,316
square__A_all__s2,99,0,500
square__A_all__s2,100,1,180
square__A_all__s2,101,0,500
square__A_all__s2,102,0,500
square__A_all__s2,103,0,500
square__A_all__s2,104,1,189
square__A_all__s2,105,0,500
square__A_all__s2,106,0,500
square__A_all__s2,107,1,361
square__A_all__s2,108,1,181
square__A_all__s2,109,1,288
square__A_all__s2,110,1,262
square__A_all__s2,111,0,500
square__A_all__s2,112,1,201
square__A_all__s2,113,0,500
square__A_all__s2,114,1,192
square__A_all__s2,115,1,433
square__A_all__s2,116,1,211
square__A_all__s2,117,0,500
square__A_all__s2,118,0,500
square__A_all__s2,119,1,190
square__A_all__s2,120,1,286
square__A_all__s2,121,1,281
square__A_all__s2,122,1,341
square__A_all__s2,123,0,500
square__A_all__s2,124,1,264
square__A_all__s2,125,0,500
square__A_all__s2,126,1,171
square__A_all__s2,127,1,237
square__A_all__s2,128,1,207
square__A_all__s2,129,0,500
square__A_all__s2,130,1,281
square__A_all__s2,131,1,219
square__A_all__s2,132,1,318
square__A_all__s2,133,1,312
square__A_all__s2,134,1,191
square__A_all__s2,135,0,500
square__A_all__s2,136,0,500
square__A_all__s2,137,1,216
square__A_all__s2,138,1,180
square__A_all__s2,139,1,211
square__A_all__s2,140,0,500
square__A_all__s2,141,1,261
square__A_all__s2,142,0,500
square__A_all__s2,143,0,500
square__A_all__s2,144,0,500
square__A_all__s2,145,1,169
square__A_all__s2,146,1,148
square__A_all__s2,147,1,189
square__A_all__s2,148,0,500
square__A_all__s2,149,1,386
square__A_all__s2,150,0,500
square__A_all__s2,151,1,218
square__A_all__s2,152,1,209
square__A_all__s2,153,1,188
square__A_all__s2,154,1,400
square__A_all__s2,155,0,500
square__A_all__s2,156,0,500
square__A_all__s2,157,0,500
square__A_all__s2,158,1,458
square__A_all__s2,159,1,405
square__A_all__s2,160,0,500
square__A_all__s2,161,1,218
square__A_all__s2,162,1,197
square__A_all__s2,163,1,236
square__A_all__s2,164,1,219
square__A_all__s2,165,1,232
square__A_all__s2,166,0,500
square__A_all__s2,167,1,268
square__A_all__s2,168,0,500
square__A_all__s2,169,0,500
square__A_all__s2,170,1,288
square__A_all__s2,171,0,500
square__A_all__s2,172,1,348
square__A_all__s2,173,1,201
square__A_all__s2,174,0,500
square__A_all__s2,175,1,218
square__A_all__s2,176,1,230
square__A_all__s2,177,0,500
square__A_all__s2,178,0,500
square__A_all__s2,179,1,182
square__A_all__s2,180,0,500
square__A_all__s2,181,1,179
square__A_all__s2,182,0,500
square__A_all__s2,183,1,283
square__A_all__s2,184,0,500
square__A_all__s2,185,0,500
square__A_all__s2,186,1,480
square__A_all__s2,187,1,315
square__A_all__s2,188,1,230
square__A_all__s2,189,0,500
square__A_all__s2,190,1,193
square__A_all__s2,191,1,228
square__A_all__s2,192,1,182
square__A_all__s2,193,1,177
square__A_all__s2,194,1,309
square__A_all__s2,195,0,500
square__A_all__s2,196,1,188
square__A_all__s2,197,1,176
square__A_all__s2,198,1,189
square__A_all__s2,199,1,402
square__A_all__s2,200,1,198
square__A_all__s2,201,0,500
square__A_all__s2,202,1,318
square__A_all__s2,203,1,211
square__A_all__s2,204,1,194
square__A_all__s2,205,1,199
square__A_all__s2,206,1,376
square__A_all__s2,207,1,211
square__A_all__s2,208,0,500
square__A_all__s2,209,0,500
square__A_all__s2,210,1,249
square__A_all__s2,211,1,178
square__A_all__s2,212,1,461
square__A_all__s2,213,1,167
square__A_all__s2,214,1,302
square__A_all__s2,215,1,209
square__A_all__s2,216,0,500
square__A_all__s2,217,1,221
square__A_all__s2,218,1,227
square__A_all__s2,219,0,500
square__A_all__s2,220,1,211
square__A_all__s2,221,1,180
square__A_all__s2,222,1,362
square__A_all__s2,223,1,202
square__A_all__s2,224,0,500
square__A_all__s2,225,0,500
square__A_all__s2,226,0,500
square__A_all__s2,227,1,282
square__A_all__s2,228,1,213
square__A_all__s2,229,1,302
square__A_all__s2,230,1,327
square__A_all__s2,231,1,350
square__A_all__s2,232,1,284
square__A_all__s2,233,1,228
square__A_all__s2,234,1,457
square__A_all__s2,235,1,235
square__A_all__s2,236,0,500
square__A_all__s2,237,1,224
square__A_all__s2,238,0,500
square__A_all__s2,239,1,147
square__A_all__s2,240,0,500
square__A_all__s2,241,0,500
square__A_all__s2,242,1,212
square__A_all__s2,243,1,240
square__A_all__s2,244,1,208
square__A_all__s2,245,1,170
square__A_all__s2,246,1,152
square__A_all__s2,247,1,398
square__A_all__s2,248,0,500
square__A_all__s2,249,1,196
square__A_all__s2,250,1,190
square__A_all__s2,251,0,500
square__A_all__s2,252,1,235
square__A_all__s2,253,1,245
square__A_all__s2,254,1,178
square__A_all__s2,255,1,184
square__A_all__s2,256,1,159
square__A_all__s2,257,0,500
square__A_all__s2,258,1,189
square__A_all__s2,259,0,500
square__A_all__s2,260,1,413
square__A_all__s2,261,1,161
square__A_all__s2,262,1,289
square__A_all__s2,263,1,359
square__A_all__s2,264,1,177
square__A_all__s2,265,0,500
square__A_all__s2,266,1,247
square__A_all__s2,267,0,500
square__A_all__s2,268,1,201
square__A_all__s2,269,1,211
square__A_all__s2,270,1,268
square__A_all__s2,271,1,331
square__A_all__s2,272,1,181
square__A_all__s2,273,1,284
square__A_all__s2,274,1,188
square__A_all__s2,275,1,237
square__A_all__s2,276,1,200
square__A_all__s2,277,0,500
square__A_all__s2,278,1,291
square__A_all__s2,279,1,159
square__A_all__s2,280,0,500
square__A_all__s2,281,1,340
square__A_all__s2,282,0,500
square__A_all__s2,283,0,500
square__A_all__s2,284,1,239
square__A_all__s2,285,0,500
square__A_all__s2,286,1,308
square__A_all__s2,287,1,229
square__A_all__s2,288,1,200
square__A_all__s2,289,0,500
square__A_all__s2,290,0,500
square__A_all__s2,291,1,374
square__A_all__s2,292,1,158
square__A_all__s2,293,0,500
square__A_all__s2,294,1,142
square__A_all__s2,295,0,500
square__A_all__s2,296,0,500
square__A_all__s2,297,1,220
square__A_all__s2,298,1,220
square__A_all__s2,299,1,207
square__A_all__s2,300,0,500
square__A_all__s2,301,0,500
square__A_all__s2,302,1,235
square__A_all__s2,303,1,212
square__A_all__s2,304,1,258
square__A_all__s2,305,1,175
square__A_all__s2,306,0,500
square__A_all__s2,307,1,150
square__A_all__s2,308,1,160
square__A_all__s2,309,1,172
square__A_all__s2,310,0,500
square__A_all__s2,311,0,500
square__A_all__s2,312,0,500
square__A_all__s2,313,1,191
square__A_all__s2,314,1,169
square__A_all__s2,315,1,301
square__A_all__s2,316,1,176
square__A_all__s2,317,1,460
square__A_all__s2,318,1,339
square__A_all__s2,319,1,240
square__A_all__s2,320,1,187
square__A_all__s2,321,0,500
square__A_all__s2,322,1,196
square__A_all__s2,323,1,338
square__A_all__s2,324,1,207
square__A_all__s2,325,1,281
square__A_all__s2,326,1,167
square__A_all__s2,327,0,500
square__A_all__s2,328,0,500
square__A_all__s2,329,1,232
square__A_all__s2,330,0,500
square__A_all__s2,331,1,161
square__A_all__s2,332,1,229
square__A_all__s2,333,0,500
square__A_all__s2,334,0,500
square__A_all__s2,335,0,500
square__A_all__s2,336,1,169
square__A_all__s2,337,1,281
square__A_all__s2,338,1,272
square__A_all__s2,339,1,152
square__A_all__s2,340,1,268
square__A_all__s2,341,1,197
square__A_all__s2,342,0,500
square__A_all__s2,343,1,169
square__A_all__s2,344,1,172
square__A_all__s2,345,1,210
square__A_all__s2,346,1,172
square__A_all__s2,347,1,262
square__A_all__s2,348,0,500
square__A_all__s2,349,1,193
square__A_all__s2,350,1,178
square__A_all__s2,351,1,160
square__A_all__s2,352,1,219
square__A_all__s2,353,1,406
square__A_all__s2,354,0,500
square__A_all__s2,355,1,189
square__A_all__s2,356,1,260
square__A_all__s2,357,0,500
square__A_all__s2,358,1,368
square__A_all__s2,359,0,500
square__A_all__s2,360,1,189
square__A_all__s2,361,1,359
square__A_all__s2,362,1,167
square__A_all__s2,363,1,180
square__A_all__s2,364,1,417
square__A_all__s2,365,0,500
square__A_all__s2,366,0,500
square__A_all__s2,367,1,282
square__A_all__s2,368,0,500
square__A_all__s2,369,1,159
square__A_all__s2,370,1,215
square__A_all__s2,371,0,500
square__A_all__s2,372,1,342
square__A_all__s2,373,1,161
square__A_all__s2,374,1,381
square__A_all__s2,375,1,228
square__A_all__s2,376,0,500
square__A_all__s2,377,1,412
square__A_all__s2,378,1,253
square__A_all__s2,379,1,322
square__A_all__s2,380,1,223
square__A_all__s2,381,1,245
square__A_all__s2,382,1,190
square__A_all__s2,383,1,282
square__A_all__s2,384,0,500
square__A_all__s2,385,0,500
square__A_all__s2,386,1,210
square__A_all__s2,387,1,148
square__A_all__s2,388,0,500
square__A_all__s2,389,1,495
square__A_all__s2,390,0,500
square__A_all__s2,391,1,180
square__A_all__s2,392,1,198
square__A_all__s2,393,0,500
square__A_all__s2,394,1,202
square__A_all__s2,395,1,257
square__A_all__s2,396,0,500
square__A_all__s2,397,1,315
square__A_all__s2,398,1,314
square__A_all__s2,399,1,477
square__A_all__s2,400,0,500
square__A_all__s2,401,0,500
square__A_all__s2,402,0,500
square__A_all__s2,403,1,190
square__A_all__s2,404,1,161
square__A_all__s2,405,1,269
square__A_all__s2,406,1,237
square__A_all__s2,407,1,201
square__A_all__s2,408,1,218
square__A_all__s2,409,1,162
square__A_all__s2,410,0,500
square__A_all__s2,411,1,237
square__A_all__s2,412,1,158
square__A_all__s2,413,0,500
square__A_all__s2,414,1,272
square__A_all__s2,415,0,500
square__A_all__s2,416,1,200
square__A_all__s2,417,1,312
square__A_all__s2,418,0,500
square__A_all__s2,419,0,500
square__A_all__s2,420,1,220
square__A_all__s2,421,1,155
square__A_all__s2,422,1,219
square__A_all__s2,423,1,288
square__A_all__s2,424,0,500
square__A_all__s2,425,1,189
square__A_all__s2,426,1,160
square__A_all__s2,427,0,500
square__A_all__s2,428,0,500
square__A_all__s2,429,1,273
square__A_all__s2,430,1,192
square__A_all__s2,431,1,213
square__A_all__s2,432,1,229
square__A_all__s2,433,1,199
square__A_all__s2,434,1,216
square__A_all__s2,435,1,249
square__A_all__s2,436,1,378
square__A_all__s2,437,0,500
square__A_all__s2,438,1,227
square__A_all__s2,439,1,200
square__A_all__s2,440,1,197
square__A_all__s2,441,1,152
square__A_all__s2,442,1,181
square__A_all__s2,443,1,225
square__A_all__s2,444,1,224
square__A_all__s2,445,0,500
square__A_all__s2,446,0,500
square__A_all__s2,447,1,198
square__A_all__s2,448,0,500
square__A_all__s2,449,1,273
square__A_all__s2,450,0,500
square__A_all__s2,451,1,321
square__A_all__s2,452,1,191
square__A_all__s2,453,1,220
square__A_all__s2,454,1,439
square__A_all__s2,455,1,315
square__A_all__s2,456,1,235
square__A_all__s2,457,1,269
square__A_all__s2,458,1,481
square__A_all__s2,459,1,169
square__A_all__s2,460,1,168
square__A_all__s2,461,1,251
square__A_all__s2,462,0,500
square__A_all__s2,463,1,190
square__A_all__s2,464,0,500
square__A_all__s2,465,1,440
square__A_all__s2,466,1,191
square__A_all__s2,467,1,179
square__A_all__s2,468,1,218
square__A_all__s2,469,1,302
square__A_all__s2,470,0,500
square__A_all__s2,471,0,500
square__A_all__s2,472,0,500
square__A_all__s2,473,1,298
square__A_all__s2,474,1,301
square__A_all__s2,475,1,309
square__A_all__s2,476,0,500
square__A_all__s2,477,0,500
square__A_all__s2,478,1,220
square__A_all__s2,479,0,500
square__A_all__s2,480,0,500
square__A_all__s2,481,1,170
square__A_all__s2,482,0,500
square__A_all__s2,483,1,308
square__A_all__s2,484,0,500
square__A_all__s2,485,0,500
square__A_all__s2,486,1,170
square__A_all__s2,487,1,250
square__A_all__s2,488,1,225
square__A_all__s2,489,1,472
square__A_all__s2,490,1,328
square__A_all__s2,491,1,265
square__A_all__s2,492,1,202
square__A_all__s2,493,1,207
square__A_all__s2,494,1,462
square__A_all__s2,495,1,295
square__A_all__s2,496,1,209
square__A_all__s2,497,1,278
square__A_all__s2,498,1,183
square__A_all__s2,499,0,500
square__A_all__s3,0,0,500
square__A_all__s3,1,0,500
square__A_all__s3,2,0,500
square__A_all__s3,3,0,500
square__A_all__s3,4,0,500
square__A_all__s3,5,0,500
square__A_all__s3,6,1,209
square__A_all__s3,7,1,178
square__A_all__s3,8,1,231
square__A_all__s3,9,1,192
square__A_all__s3,10,1,229
square__A_all__s3,11,1,181
square__A_all__s3,12,1,323
square__A_all__s3,13,0,500
square__A_all__s3,14,0,500
square__A_all__s3,15,1,184
square__A_all__s3,16,1,259
square__A_all__s3,17,0,500
square__A_all__s3,18,0,500
square__A_all__s3,19,1,199
square__A_all__s3,20,1,300
square__A_all__s3,21,1,173
square__A_all__s3,22,1,187
square__A_all__s3,23,1,350
square__A_all__s3,24,1,243
square__A_all__s3,25,1,183
square__A_all__s3,26,1,241
square__A_all__s3,27,1,272
square__A_all__s3,28,1,179
square__A_all__s3,29,1,229
square__A_all__s3,30,0,500
square__A_all__s3,31,1,217
square__A_all__s3,32,1,224
square__A_all__s3,33,1,165
square__A_all__s3,34,1,392
square__A_all__s3,35,1,209
square__A_all__s3,36,1,241
square__A_all__s3,37,1,267
square__A_all__s3,38,1,233
square__A_all__s3,39,0,500
square__A_all__s3,40,0,500
square__A_all__s3,41,1,188
square__A_all__s3,42,1,210
square__A_all__s3,43,1,401
square__A_all__s3,44,1,210
square__A_all__s3,45,0,500
square__A_all__s3,46,1,170
square__A_all__s3,47,0,500
square__A_all__s3,48,1,163
square__A_all__s3,49,1,387
square__A_all__s3,50,0,500
square__A_all__s3,51,1,280
square__A_all__s3,52,0,500
square__A_all__s3,53,1,328
square__A_all__s3,54,0,500
square__A_all__s3,55,0,500
square__A_all__s3,56,1,319
square__A_all__s3,57,0,500
square__A_all__s3,58,1,163
square__A_all__s3,59,1,307
square__A_all__s3,60,0,500
square__A_all__s3,61,1,274
square__A_all__s3,62,1,230
square__A_all__s3,63,0,500
square__A_all__s3,64,1,280
square__A_all__s3,65,1,308
square__A_all__s3,66,1,189
square__A_all__s3,67,0,500
square__A_all__s3,68,1,222
square__A_all__s3,69,1,254
square__A_all__s3,70,1,403
square__A_all__s3,71,1,370
square__A_all__s3,72,0,500
square__A_all__s3,73,1,199
square__A_all__s3,74,0,500
square__A_all__s3,75,0,500
square__A_all__s3,76,0,500
square__A_all__s3,77,1,251
square__A_all__s3,78,1,261
square__A_all__s3,79,1,240
square__A_all__s3,80,1,484
square__A_all__s3,81,1,263
square__A_all__s3,82,0,500
square__A_all__s3,83,1,411
square__A_all__s3,84,0,500
square__A_all__s3,85,1,322
square__A_all__s3,86,0,500
square__A_all__s3,87,0,500
square__A_all__s3,88,1,427
square__A_all__s3,89,0,500
square__A_all__s3,90,1,175
square__A_all__s3,91,0,500
square__A_all__s3,92,1,163
square__A_all__s3,93,1,142
square__A_all__s3,94,1,193
square__A_all__s3,95,1,404
square__A_all__s3,96,1,190
square__A_all__s3,97,1,193
square__A_all__s3,98,1,260
square__A_all__s3,99,0,500
square__A_all__s3,100,0,500
square__A_all__s3,101,1,331
square__A_all__s3,102,1,219
square__A_all__s3,103,0,500
square__A_all__s3,104,1,194
square__A_all__s3,105,0,500
square__A_all__s3,106,1,392
square__A_all__s3,107,1,248
square__A_all__s3,108,0,500
square__A_all__s3,109,1,372
square__A_all__s3,110,0,500
square__A_all__s3,111,0,500
square__A_all__s3,112,1,188
square__A_all__s3,113,1,241
square__A_all__s3,114,1,280
square__A_all__s3,115,1,292
square__A_all__s3,116,1,268
square__A_all__s3,117,1,249
square__A_all__s3,118,1,426
square__A_all__s3,119,1,421
square__A_all__s3,120,1,249
square__A_all__s3,121,0,500
square__A_all__s3,122,0,500
square__A_all__s3,123,0,500
square__A_all__s3,124,0,500
square__A_all__s3,125,0,500
square__A_all__s3,126,1,207
square__A_all__s3,127,0,500
square__A_all__s3,128,0,500
square__A_all__s3,129,1,347
square__A_all__s3,130,0,500
square__A_all__s3,131,0,500
square__A_all__s3,132,1,282
square__A_all__s3,133,1,209
square__A_all__s3,134,1,234
square__A_all__s3,135,1,161
square__A_all__s3,136,1,250
square__A_all__s3,137,1,219
square__A_all__s3,138,0,500
square__A_all__s3,139,1,191
square__A_all__s3,140,0,500
square__A_all__s3,141,0,500
square__A_all__s3,142,1,185
square__A_all__s3,143,0,500
square__A_all__s3,144,0,500
square__A_all__s3,145,1,238
square__A_all__s3,146,1,418
square__A_all__s3,147,1,169
square__A_all__s3,148,1,204
square__A_all__s3,149,1,189
square__A_all__s3,150,0,500
square__A_all__s3,151,1,242
square__A_all__s3,152,1,205
square__A_all__s3,153,0,500
square__A_all__s3,154,0,500
square__A_all__s3,155,1,197
square__A_all__s3,156,0,500
square__A_all__s3,157,1,251
square__A_all__s3,158,0,500
square__A_all__s3,159,0,500
square__A_all__s3,160,0,500
square__A_all__s3,161,1,350
square__A_all__s3,162,0,500
square__A_all__s3,163,0,500
square__A_all__s3,164,1,307
square__A_all__s3,165,0,500
square__A_all__s3,166,0,500
square__A_all__s3,167,1,188
square__A_all__s3,168,1,463
square__A_all__s3,169,0,500
square__A_all__s3,170,1,352
square__A_all__s3,171,1,420
square__A_all__s3,172,1,202
square__A_all__s3,173,1,182
square__A_all__s3,174,0,500
square__A_all__s3,175,0,500
square__A_all__s3,176,0,500
square__A_all__s3,177,1,209
square__A_all__s3,178,1,170
square__A_all__s3,179,1,189
square__A_all__s3,180,1,279
square__A_all__s3,181,1,288
square__A_all__s3,182,1,234
square__A_all__s3,183,1,270
square__A_all__s3,184,0,500
square__A_all__s3,185,1,455
square__A_all__s3,186,1,337
square__A_all__s3,187,0,500
square__A_all__s3,188,1,281
square__A_all__s3,189,0,500
square__A_all__s3,190,1,205
square__A_all__s3,191,1,222
square__A_all__s3,192,0,500
square__A_all__s3,193,1,306
square__A_all__s3,194,0,500
square__A_all__s3,195,0,500
square__A_all__s3,196,0,500
square__A_all__s3,197,1,248
square__A_all__s3,198,1,171
square__A_all__s3,199,1,196
square__A_all__s3,200,1,413
square__A_all__s3,201,1,180
square__A_all__s3,202,1,230
square__A_all__s3,203,1,296
square__A_all__s3,204,0,500
square__A_all__s3,205,0,500
square__A_all__s3,206,1,231
square__A_all__s3,207,1,170
square__A_all__s3,208,0,500
square__A_all__s3,209,1,186
square__A_all__s3,210,1,282
square__A_all__s3,211,1,268
square__A_all__s3,212,1,208
square__A_all__s3,213,0,500
square__A_all__s3,214,1,232
square__A_all__s3,215,1,171
square__A_all__s3,216,0,500
square__A_all__s3,217,1,221
square__A_all__s3,218,1,192
square__A_all__s3,219,1,190
square__A_all__s3,220,0,500
square__A_all__s3,221,1,198
square__A_all__s3,222,1,245
square__A_all__s3,223,1,189
square__A_all__s3,224,1,338
square__A_all__s3,225,1,444
square__A_all__s3,226,1,230
square__A_all__s3,227,0,500
square__A_all__s3,228,0,500
square__A_all__s3,229,1,412
square__A_all__s3,230,1,202
square__A_all__s3,231,0,500
square__A_all__s3,232,0,500
square__A_all__s3,233,1,324
square__A_all__s3,234,0,500
square__A_all__s3,235,0,500
square__A_all__s3,236,1,293
square__A_all__s3,237,0,500
square__A_all__s3,238,1,271
square__A_all__s3,239,1,180
square__A_all__s3,240,1,434
square__A_all__s3,241,0,500
square__A_all__s3,242,1,150
square__A_all__s3,243,1,176
square__A_all__s3,244,1,170
square__A_all__s3,245,1,361
square__A_all__s3,246,1,197
square__A_all__s3,247,1,181
square__A_all__s3,248,0,500
square__A_all__s3,249,1,177
square__A_all__s3,250,1,192
square__A_all__s3,251,1,192
square__A_all__s3,252,1,328
square__A_all__s3,253,0,500
square__A_all__s3,254,0,500
square__A_all__s3,255,1,276
square__A_all__s3,256,1,160
square__A_all__s3,257,0,500
square__A_all__s3,258,1,166
square__A_all__s3,259,1,299
square__A_all__s3,260,0,500
square__A_all__s3,261,0,500
square__A_all__s3,262,1,193
square__A_all__s3,263,1,206
square__A_all__s3,264,1,189
square__A_all__s3,265,1,443
square__A_all__s3,266,1,200
square__A_all__s3,267,1,353
square__A_all__s3,268,1,371
square__A_all__s3,269,1,228
square__A_all__s3,270,1,209
square__A_all__s3,271,0,500
square__A_all__s3,272,1,382
square__A_all__s3,273,1,207
square__A_all__s3,274,0,500
square__A_all__s3,275,1,195
square__A_all__s3,276,1,488
square__A_all__s3,277,0,500
square__A_all__s3,278,1,176
square__A_all__s3,279,1,322
square__A_all__s3,280,1,169
square__A_all__s3,281,0,500
square__A_all__s3,282,1,230
square__A_all__s3,283,0,500
square__A_all__s3,284,1,477
square__A_all__s3,285,0,500
square__A_all__s3,286,0,500
square__A_all__s3,287,1,273
square__A_all__s3,288,0,500
square__A_all__s3,289,0,500
square__A_all__s3,290,1,189
square__A_all__s3,291,0,500
square__A_all__s3,292,0,500
square__A_all__s3,293,0,500
square__A_all__s3,294,0,500
square__A_all__s3,295,1,220
square__A_all__s3,296,1,377
square__A_all__s3,297,1,207
square__A_all__s3,298,1,182
square__A_all__s3,299,1,278
square__A_all__s3,300,1,180
square__A_all__s3,301,1,257
square__A_all__s3,302,1,270
square__A_all__s3,303,1,199
square__A_all__s3,304,0,500
square__A_all__s3,305,0,500
square__A_all__s3,306,0,500
square__A_all__s3,307,0,500
square__A_all__s3,308,1,183
square__A_all__s3,309,0,500
square__A_all__s3,310,1,213
square__A_all__s3,311,0,500
square__A_all__s3,312,1,170
square__A_all__s3,313,0,500
square__A_all__s3,314,1,176
square__A_all__s3,315,1,313
square__A_all__s3,316,1,190
square__A_all__s3,317,1,268
square__A_all__s3,318,0,500
square__A_all__s3,319,1,208
square__A_all__s3,320,0,500
square__A_all__s3,321,1,431
square__A_all__s3,322,1,321
square__A_all__s3,323,1,196
square__A_all__s3,324,0,500
square__A_all__s3,325,1,189
square__A_all__s3,326,1,207
square__A_all__s3,327,1,232
square__A_all__s3,328,0,500
square__A_all__s3,329,0,500
square__A_all__s3,330,1,281
square__A_all__s3,331,0,500
square__A_all__s3,332,0,500
square__A_all__s3,333,1,259
square__A_all__s3,334,1,230
square__A_all__s3,335,1,169
square__A_all__s3,336,1,227
square__A_all__s3,337,1,437
square__A_all__s3,338,1,198
square__A_all__s3,339,0,500
square__A_all__s3,340,0,500
square__A_all__s3,341,1,182
square__A_all__s3,342,0,500
square__A_all__s3,343,1,183
square__A_all__s3,344,0,500
square__A_all__s3,345,0,500
square__A_all__s3,346,1,189
square__A_all__s3,347,0,500
square__A_all__s3,348,1,193
square__A_all__s3,349,0,500
square__A_all__s3,350,0,500
square__A_all__s3,351,1,492
square__A_all__s3,352,1,324
square__A_all__s3,353,0,500
square__A_all__s3,354,0,500
square__A_all__s3,355,1,338
square__A_all__s3,356,1,148
square__A_all__s3,357,1,194
square__A_all__s3,358,1,247
square__A_all__s3,359,1,232
square__A_all__s3,360,1,373
square__A_all__s3,361,1,210
square__A_all__s3,362,0,500
square__A_all__s3,363,1,202
square__A_all__s3,364,0,500
square__A_all__s3,365,1,204
square__A_all__s3,366,1,190
square__A_all__s3,367,1,250
square__A_all__s3,368,1,163
square__A_all__s3,369,0,500
square__A_all__s3,370,1,191
square__A_all__s3,371,0,500
square__A_all__s3,372,1,302
square__A_all__s3,373,1,177
square__A_all__s3,374,1,155
square__A_all__s3,375,0,500
square__A_all__s3,376,1,203
square__A_all__s3,377,0,500
square__A_all__s3,378,1,181
square__A_all__s3,379,1,224
square__A_all__s3,380,1,202
square__A_all__s3,381,1,369
square__A_all__s3,382,1,167
square__A_all__s3,383,1,152
square__A_all__s3,384,1,282
square__A_all__s3,385,1,370
square__A_all__s3,386,0,500
square__A_all__s3,387,1,279
square__A_all__s3,388,1,246
square__A_all__s3,389,0,500
square__A_all__s3,390,1,267
square__A_all__s3,391,0,500
square__A_all__s3,392,1,372
square__A_all__s3,393,1,212
square__A_all__s3,394,0,500
square__A_all__s3,395,1,460
square__A_all__s3,396,1,400
square__A_all__s3,397,1,343
square__A_all__s3,398,1,259
square__A_all__s3,399,1,251
square__A_all__s3,400,1,153
square__A_all__s3,401,1,375
square__A_all__s3,402,1,250
square__A_all__s3,403,0,500
square__A_all__s3,404,0,500
square__A_all__s3,405,1,259
square__A_all__s3,406,1,199
square__A_all__s3,407,1,187
square__A_all__s3,408,1,191
square__A_all__s3,409,0,500
square__A_all__s3,410,0,500
square__A_all__s3,411,0,500
square__A_all__s3,412,1,222
square__A_all__s3,413,1,288
square__A_all__s3,414,1,230
square__A_all__s3,415,1,440
square__A_all__s3,416,1,252
square__A_all__s3,417,1,192
square__A_all__s3,418,1,171
square__A_all__s3,419,0,500
square__A_all__s3,420,1,379
square__A_all__s3,421,0,500
square__A_all__s3,422,0,500
square__A_all__s3,423,1,210
square__A_all__s3,424,0,500
square__A_all__s3,425,1,167
square__A_all__s3,426,0,500
square__A_all__s3,427,0,500
square__A_all__s3,428,1,382
square__A_all__s3,429,1,208
square__A_all__s3,430,0,500
square__A_all__s3,431,1,271
square__A_all__s3,432,1,280
square__A_all__s3,433,0,500
square__A_all__s3,434,0,500
square__A_all__s3,435,0,500
square__A_all__s3,436,1,225
square__A_all__s3,437,1,180
square__A_all__s3,438,1,201
square__A_all__s3,439,1,170
square__A_all__s3,440,0,500
square__A_all__s3,441,1,341
square__A_all__s3,442,1,251
square__A_all__s3,443,1,363
square__A_all__s3,444,0,500
square__A_all__s3,445,0,500
square__A_all__s3,446,1,272
square__A_all__s3,447,1,231
square__A_all__s3,448,1,177
square__A_all__s3,449,0,500
square__A_all__s3,450,1,267
square__A_all__s3,451,0,500
square__A_all__s3,452,1,206
square__A_all__s3,453,0,500
square__A_all__s3,454,1,200
square__A_all__s3,455,1,281
square__A_all__s3,456,1,163
square__A_all__s3,457,1,482
square__A_all__s3,458,1,492
square__A_all__s3,459,1,201
square__A_all__s3,460,0,500
square__A_all__s3,461,1,178
square__A_all__s3,462,1,210
square__A_all__s3,463,1,261
square__A_all__s3,464,0,500
square__A_all__s3,465,0,500
square__A_all__s3,466,0,500
square__A_all__s3,467,0,500
square__A_all__s3,468,1,177
square__A_all__s3,469,0,500
square__A_all__s3,470,0,500
square__A_all__s3,471,1,171
square__A_all__s3,472,1,223
square__A_all__s3,473,0,500
square__A_all__s3,474,1,169
square__A_all__s3,475,1,201
square__A_all__s3,476,1,191
square__A_all__s3,477,1,220
square__A_all__s3,478,0,500
square__A_all__s3,479,0,500
square__A_all__s3,480,0,500
square__A_all__s3,481,1,144
square__A_all__s3,482,1,235
square__A_all__s3,483,1,193
square__A_all__s3,484,0,500
square__A_all__s3,485,1,292
square__A_all__s3,486,0,500
square__A_all__s3,487,1,408
square__A_all__s3,488,0,500
square__A_all__s3,489,1,411
square__A_all__s3,490,0,500
square__A_all__s3,491,1,431
square__A_all__s3,492,0,500
square__A_all__s3,493,0,500
square__A_all__s3,494,0,500
square__A_all__s3,495,1,291
square__A_all__s3,496,1,191
square__A_all__s3,497,0,500
square__A_all__s3,498,1,220
square__A_all__s3,499,1,424
square__A_all__s4,0,0,500
square__A_all__s4,1,0,500
square__A_all__s4,2,0,500
square__A_all__s4,3,0,500
square__A_all__s4,4,0,500
square__A_all__s4,5,0,500
square__A_all__s4,6,1,230
square__A_all__s4,7,1,154
square__A_all__s4,8,1,305
square__A_all__s4,9,0,500
square__A_all__s4,10,1,152
square__A_all__s4,11,1,227
square__A_all__s4,12,0,500
square__A_all__s4,13,0,500
square__A_all__s4,14,1,175
square__A_all__s4,15,1,281
square__A_all__s4,16,1,252
square__A_all__s4,17,0,500
square__A_all__s4,18,1,439
square__A_all__s4,19,0,500
square__A_all__s4,20,1,228
square__A_all__s4,21,1,235
square__A_all__s4,22,1,192
square__A_all__s4,23,1,315
square__A_all__s4,24,0,500
square__A_all__s4,25,0,500
square__A_all__s4,26,1,202
square__A_all__s4,27,0,500
square__A_all__s4,28,1,209
square__A_all__s4,29,0,500
square__A_all__s4,30,1,217
square__A_all__s4,31,1,171
square__A_all__s4,32,1,146
square__A_all__s4,33,1,161
square__A_all__s4,34,1,321
square__A_all__s4,35,1,211
square__A_all__s4,36,1,475
square__A_all__s4,37,0,500
square__A_all__s4,38,0,500
square__A_all__s4,39,1,160
square__A_all__s4,40,0,500
square__A_all__s4,41,0,500
square__A_all__s4,42,0,500
square__A_all__s4,43,0,500
square__A_all__s4,44,1,171
square__A_all__s4,45,1,201
square__A_all__s4,46,1,333
square__A_all__s4,47,0,500
square__A_all__s4,48,0,500
square__A_all__s4,49,0,500
square__A_all__s4,50,1,322
square__A_all__s4,51,1,252
square__A_all__s4,52,1,237
square__A_all__s4,53,1,261
square__A_all__s4,54,0,500
square__A_all__s4,55,1,211
square__A_all__s4,56,1,222
square__A_all__s4,57,1,330
square__A_all__s4,58,1,171
square__A_all__s4,59,1,403
square__A_all__s4,60,1,218
square__A_all__s4,61,1,285
square__A_all__s4,62,0,500
square__A_all__s4,63,0,500
square__A_all__s4,64,1,260
square__A_all__s4,65,1,286
square__A_all__s4,66,1,411
square__A_all__s4,67,1,232
square__A_all__s4,68,1,195
square__A_all__s4,69,1,193
square__A_all__s4,70,1,231
square__A_all__s4,71,1,318
square__A_all__s4,72,1,397
square__A_all__s4,73,1,354
square__A_all__s4,74,0,500
square__A_all__s4,75,1,167
square__A_all__s4,76,0,500
square__A_all__s4,77,1,171
square__A_all__s4,78,1,179
square__A_all__s4,79,0,500
square__A_all__s4,80,1,226
square__A_all__s4,81,0,500
square__A_all__s4,82,0,500
square__A_all__s4,83,1,243
square__A_all__s4,84,1,182
square__A_all__s4,85,0,500
square__A_all__s4,86,0,500
square__A_all__s4,87,0,500
square__A_all__s4,88,0,500
square__A_all__s4,89,1,200
square__A_all__s4,90,1,439
square__A_all__s4,91,0,500
square__A_all__s4,92,1,410
square__A_all__s4,93,1,215
square__A_all__s4,94,1,200
square__A_all__s4,95,1,245
square__A_all__s4,96,0,500
square__A_all__s4,97,0,500
square__A_all__s4,98,1,312
square__A_all__s4,99,0,500
square__A_all__s4,100,1,192
square__A_all__s4,101,1,279
square__A_all__s4,102,1,189
square__A_all__s4,103,1,160
square__A_all__s4,104,1,264
square__A_all__s4,105,0,500
square__A_all__s4,106,0,500
square__A_all__s4,107,1,188
square__A_all__s4,108,0,500
square__A_all__s4,109,1,311
square__A_all__s4,110,1,352
square__A_all__s4,111,0,500
square__A_all__s4,112,0,500
square__A_all__s4,113,0,500
square__A_all__s4,114,1,185
square__A_all__s4,115,1,337
square__A_all__s4,116,1,171
square__A_all__s4,117,0,500
square__A_all__s4,118,1,360
square__A_all__s4,119,0,500
square__A_all__s4,120,1,300
square__A_all__s4,121,1,389
square__A_all__s4,122,0,500
square__A_all__s4,123,1,244
square__A_all__s4,124,0,500
square__A_all__s4,125,0,500
square__A_all__s4,126,0,500
square__A_all__s4,127,1,249
square__A_all__s4,128,1,299
square__A_all__s4,129,1,199
square__A_all__s4,130,0,500
square__A_all__s4,131,0,500
square__A_all__s4,132,1,211
square__A_all__s4,133,1,283
square__A_all__s4,134,1,203
square__A_all__s4,135,0,500
square__A_all__s4,136,1,232
square__A_all__s4,137,1,171
square__A_all__s4,138,1,170
square__A_all__s4,139,1,242
square__A_all__s4,140,0,500
square__A_all__s4,141,1,335
square__A_all__s4,142,1,212
square__A_all__s4,143,0,500
square__A_all__s4,144,1,219
square__A_all__s4,145,0,500
square__A_all__s4,146,1,221
square__A_all__s4,147,0,500
square__A_all__s4,148,1,254
square__A_all__s4,149,1,198
square__A_all__s4,150,0,500
square__A_all__s4,151,1,474
square__A_all__s4,152,1,190
square__A_all__s4,153,0,500
square__A_all__s4,154,1,285
square__A_all__s4,155,0,500
square__A_all__s4,156,0,500
square__A_all__s4,157,1,273
square__A_all__s4,158,0,500
square__A_all__s4,159,1,199
square__A_all__s4,160,1,161
square__A_all__s4,161,1,293
square__A_all__s4,162,0,500
square__A_all__s4,163,0,500
square__A_all__s4,164,1,319
square__A_all__s4,165,0,500
square__A_all__s4,166,0,500
square__A_all__s4,167,0,500
square__A_all__s4,168,0,500
square__A_all__s4,169,0,500
square__A_all__s4,170,1,182
square__A_all__s4,171,1,262
square__A_all__s4,172,1,223
square__A_all__s4,173,0,500
square__A_all__s4,174,1,155
square__A_all__s4,175,1,189
square__A_all__s4,176,0,500
square__A_all__s4,177,1,251
square__A_all__s4,178,1,248
square__A_all__s4,179,1,451
square__A_all__s4,180,0,500
square__A_all__s4,181,1,293
square__A_all__s4,182,1,282
square__A_all__s4,183,0,500
square__A_all__s4,184,1,225
square__A_all__s4,185,1,189
square__A_all__s4,186,0,500
square__A_all__s4,187,1,282
square__A_all__s4,188,1,293
square__A_all__s4,189,1,431
square__A_all__s4,190,1,167
square__A_all__s4,191,1,210
square__A_all__s4,192,1,351
square__A_all__s4,193,0,500
square__A_all__s4,194,1,219
square__A_all__s4,195,0,500
square__A_all__s4,196,1,273
square__A_all__s4,197,0,500
square__A_all__s4,198,1,192
square__A_all__s4,199,1,177
square__A_all__s4,200,0,500
square__A_all__s4,201,0,500
square__A_all__s4,202,1,201
square__A_all__s4,203,1,230
square__A_all__s4,204,1,246
square__A_all__s4,205,0,500
square__A_all__s4,206,1,245
square__A_all__s4,207,1,168
square__A_all__s4,208,1,249
square__A_all__s4,209,0,500
square__A_all__s4,210,1,222
square__A_all__s4,211,1,249
square__A_all__s4,212,1,150
square__A_all__s4,213,0,500
square__A_all__s4,214,1,251
square__A_all__s4,215,0,500
square__A_all__s4,216,0,500
square__A_all__s4,217,1,252
square__A_all__s4,218,0,500
square__A_all__s4,219,0,500
square__A_all__s4,220,1,251
square__A_all__s4,221,0,500
square__A_all__s4,222,0,500
square__A_all__s4,223,1,167
square__A_all__s4,224,1,173
square__A_all__s4,225,1,185
square__A_all__s4,226,1,201
square__A_all__s4,227,1,211
square__A_all__s4,228,1,259
square__A_all__s4,229,1,209
square__A_all__s4,230,1,209
square__A_all__s4,231,0,500
square__A_all__s4,232,1,332
square__A_all__s4,233,0,500
square__A_all__s4,234,0,500
square__A_all__s4,235,1,172
square__A_all__s4,236,1,201
square__A_all__s4,237,0,500
square__A_all__s4,238,0,500
square__A_all__s4,239,1,243
square__A_all__s4,240,1,169
square__A_all__s4,241,1,212
square__A_all__s4,242,0,500
square__A_all__s4,243,1,305
square__A_all__s4,244,1,222
square__A_all__s4,245,0,500
square__A_all__s4,246,1,211
square__A_all__s4,247,1,177
square__A_all__s4,248,1,232
square__A_all__s4,249,1,192
square__A_all__s4,250,1,181
square__A_all__s4,251,1,222
square__A_all__s4,252,0,500
square__A_all__s4,253,0,500
square__A_all__s4,254,1,433
square__A_all__s4,255,1,182
square__A_all__s4,256,1,170
square__A_all__s4,257,1,499
square__A_all__s4,258,1,348
square__A_all__s4,259,0,500
square__A_all__s4,260,0,500
square__A_all__s4,261,0,500
square__A_all__s4,262,0,500
square__A_all__s4,263,0,500
square__A_all__s4,264,0,500
square__A_all__s4,265,1,439
square__A_all__s4,266,1,230
square__A_all__s4,267,1,367
square__A_all__s4,268,0,500
square__A_all__s4,269,1,237
square__A_all__s4,270,1,372
square__A_all__s4,271,1,372
square__A_all__s4,272,1,209
square__A_all__s4,273,0,500
square__A_all__s4,274,1,170
square__A_all__s4,275,1,171
square__A_all__s4,276,1,241
square__A_all__s4,277,1,237
square__A_all__s4,278,1,221
square__A_all__s4,279,0,500
square__A_all__s4,280,0,500
square__A_all__s4,281,0,500
square__A_all__s4,282,1,241
square__A_all__s4,283,0,500
square__A_all__s4,284,1,231
square__A_all__s4,285,1,422
square__A_all__s4,286,1,158
square__A_all__s4,287,1,240
square__A_all__s4,288,1,194
square__A_all__s4,289,1,252
square__A_all__s4,290,1,160
square__A_all__s4,291,1,300
square__A_all__s4,292,1,159
square__A_all__s4,293,1,190
square__A_all__s4,294,0,500
square__A_all__s4,295,1,169
square__A_all__s4,296,1,171
square__A_all__s4,297,1,307
square__A_all__s4,298,1,255
square__A_all__s4,299,1,270
square__A_all__s4,300,1,222
square__A_all__s4,301,1,326
square__A_all__s4,302,1,187
square__A_all__s4,303,1,249
square__A_all__s4,304,0,500
square__A_all__s4,305,1,291
square__A_all__s4,306,0,500
square__A_all__s4,307,1,222
square__A_all__s4,308,1,184
square__A_all__s4,309,0,500
square__A_all__s4,310,1,200
square__A_all__s4,311,0,500
square__A_all__s4,312,1,182
square__A_all__s4,313,1,163
square__A_all__s4,314,1,317
square__A_all__s4,315,1,191
square__A_all__s4,316,1,168
square__A_all__s4,317,1,274
square__A_all__s4,318,1,262
square__A_all__s4,319,1,159
square__A_all__s4,320,0,500
square__A_all__s4,321,0,500
square__A_all__s4,322,1,200
square__A_all__s4,323,0,500
square__A_all__s4,324,1,263
square__A_all__s4,325,1,150
square__A_all__s4,326,1,300
square__A_all__s4,327,1,162
square__A_all__s4,328,1,261
square__A_all__s4,329,1,287
square__A_all__s4,330,0,500
square__A_all__s4,331,1,232
square__A_all__s4,332,0,500
square__A_all__s4,333,1,392
square__A_all__s4,334,0,500
square__A_all__s4,335,0,500
square__A_all__s4,336,0,500
square__A_all__s4,337,1,242
square__A_all__s4,338,1,180
square__A_all__s4,339,1,151
square__A_all__s4,340,0,500
square__A_all__s4,341,1,164
square__A_all__s4,342,0,500
square__A_all__s4,343,1,241
square__A_all__s4,344,1,202
square__A_all__s4,345,1,244
square__A_all__s4,346,1,199
square__A_all__s4,347,0,500
square__A_all__s4,348,1,201
square__A_all__s4,349,0,500
square__A_all__s4,350,1,163
square__A_all__s4,351,0,500
square__A_all__s4,352,1,417
square__A_all__s4,353,0,500
square__A_all__s4,354,0,500
square__A_all__s4,355,1,212
square__A_all__s4,356,1,199
square__A_all__s4,357,0,500
square__A_all__s4,358,1,260
square__A_all__s4,359,1,312
square__A_all__s4,360,1,233
square__A_all__s4,361,1,150
square__A_all__s4,362,0,500
square__A_all__s4,363,0,500
square__A_all__s4,364,1,153
square__A_all__s4,365,0,500
square__A_all__s4,366,0,500
square__A_all__s4,367,0,500
square__A_all__s4,368,0,500
square__A_all__s4,369,1,203
square__A_all__s4,370,0,500
square__A_all__s4,371,0,500
square__A_all__s4,372,1,282
square__A_all__s4,373,1,335
square__A_all__s4,374,1,342
square__A_all__s4,375,0,500
square__A_all__s4,376,1,229
square__A_all__s4,377,0,500
square__A_all__s4,378,1,160
square__A_all__s4,379,1,257
square__A_all__s4,380,0,500
square__A_all__s4,381,0,500
square__A_all__s4,382,1,261
square__A_all__s4,383,1,211
square__A_all__s4,384,1,272
square__A_all__s4,385,1,257
square__A_all__s4,386,1,251
square__A_all__s4,387,0,500
square__A_all__s4,388,1,265
square__A_all__s4,389,0,500
square__A_all__s4,390,1,422
square__A_all__s4,391,1,223
square__A_all__s4,392,1,169
square__A_all__s4,393,0,500
square__A_all__s4,394,0,500
square__A_all__s4,395,0,500
square__A_all__s4,396,1,260
square__A_all__s4,397,1,219
square__A_all__s4,398,1,300
square__A_all__s4,399,1,233
square__A_all__s4,400,1,472
square__A_all__s4,401,1,353
square__A_all__s4,402,1,236
square__A_all__s4,403,0,500
square__A_all__s4,404,0,500
square__A_all__s4,405,1,201
square__A_all__s4,406,1,303
square__A_all__s4,407,1,351
square__A_all__s4,408,1,201
square__A_all__s4,409,0,500
square__A_all__s4,410,0,500
square__A_all__s4,411,1,325
square__A_all__s4,412,1,160
square__A_all__s4,413,0,500
square__A_all__s4,414,1,171
square__A_all__s4,415,1,249
square__A_all__s4,416,0,500
square__A_all__s4,417,1,171
square__A_all__s4,418,1,177
square__A_all__s4,419,1,226
square__A_all__s4,420,0,500
square__A_all__s4,421,1,301
square__A_all__s4,422,1,359
square__A_all__s4,423,0,500
square__A_all__s4,424,0,500
square__A_all__s4,425,0,500
square__A_all__s4,426,0,500
square__A_all__s4,427,0,500
square__A_all__s4,428,1,196
square__A_all__s4,429,1,282
square__A_all__s4,430,1,234
square__A_all__s4,431,1,229
square__A_all__s4,432,1,342
square__A_all__s4,433,0,500
square__A_all__s4,434,1,281
square__A_all__s4,435,1,401
square__A_all__s4,436,1,423
square__A_all__s4,437,1,260
square__A_all__s4,438,1,213
square__A_all__s4,439,1,148
square__A_all__s4,440,0,500
square__A_all__s4,441,1,170
square__A_all__s4,442,1,220
square__A_all__s4,443,0,500
square__A_all__s4,444,1,286
square__A_all__s4,445,0,500
square__A_all__s4,446,1,171
square__A_all__s4,447,0,500
square__A_all__s4,448,1,185
square__A_all__s4,449,1,159
square__A_all__s4,450,1,190
square__A_all__s4,451,1,291
square__A_all__s4,452,1,151
square__A_all__s4,453,1,221
square__A_all__s4,454,0,500
square__A_all__s4,455,1,402
square__A_all__s4,456,0,500
square__A_all__s4,457,1,185
square__A_all__s4,458,1,280
square__A_all__s4,459,1,171
square__A_all__s4,460,1,158
square__A_all__s4,461,1,198
square__A_all__s4,462,0,500
square__A_all__s4,463,0,500
square__A_all__s4,464,0,500
square__A_all__s4,465,1,319
square__A_all__s4,466,0,500
square__A_all__s4,467,1,172
square__A_all__s4,468,0,500
square__A_all__s4,469,1,279
square__A_all__s4,470,1,282
square__A_all__s4,471,0,500
square__A_all__s4,472,1,350
square__A_all__s4,473,0,500
square__A_all__s4,474,1,161
square__A_all__s4,475,0,500
square__A_all__s4,476,1,183
square__A_all__s4,477,0,500
square__A_all__s4,478,0,500
square__A_all__s4,479,0,500
square__A_all__s4,480,1,322
square__A_all__s4,481,0,500
square__A_all__s4,482,0,500
square__A_all__s4,483,1,229
square__A_all__s4,484,0,500
square__A_all__s4,485,1,333
square__A_all__s4,486,1,171
square__A_all__s4,487,1,158
square__A_all__s4,488,1,212
square__A_all__s4,489,0,500
square__A_all__s4,490,1,225
square__A_all__s4,491,1,146
square__A_all__s4,492,0,500
square__A_all__s4,493,0,500
square__A_all__s4,494,0,500
square__A_all__s4,495,1,170
square__A_all__s4,496,1,500
square__A_all__s4,497,1,242
square__A_all__s4,498,1,232
square__A_all__s4,499,0,500
square__A_all__s5,0,0,500
square__A_all__s5,1,1,170
square__A_all__s5,2,1,389
square__A_all__s5,3,0,500
square__A_all__s5,4,1,338
square__A_all__s5,5,0,500
square__A_all__s5,6,1,280
square__A_all__s5,7,1,340
square__A_all__s5,8,0,500
square__A_all__s5,9,0,500
square__A_all__s5,10,1,210
square__A_all__s5,11,1,183
square__A_all__s5,12,0,500
square__A_all__s5,13,1,349
square__A_all__s5,14,0,500
square__A_all__s5,15,0,500
square__A_all__s5,16,0,500
square__A_all__s5,17,1,205
square__A_all__s5,18,1,189
square__A_all__s5,19,1,438
square__A_all__s5,20,1,318
square__A_all__s5,21,0,500
square__A_all__s5,22,1,179
square__A_all__s5,23,1,309
square__A_all__s5,24,1,353
square__A_all__s5,25,1,260
square__A_all__s5,26,1,172
square__A_all__s5,27,0,500
square__A_all__s5,28,1,258
square__A_all__s5,29,1,172
square__A_all__s5,30,0,500
square__A_all__s5,31,1,190
square__A_all__s5,32,1,415
square__A_all__s5,33,1,367
square__A_all__s5,34,1,257
square__A_all__s5,35,0,500
square__A_all__s5,36,0,500
square__A_all__s5,37,0,500
square__A_all__s5,38,0,500
square__A_all__s5,39,1,189
square__A_all__s5,40,0,500
square__A_all__s5,41,0,500
square__A_all__s5,42,0,500
square__A_all__s5,43,0,500
square__A_all__s5,44,0,500
square__A_all__s5,45,1,231
square__A_all__s5,46,0,500
square__A_all__s5,47,0,500
square__A_all__s5,48,0,500
square__A_all__s5,49,1,168
square__A_all__s5,50,1,245
square__A_all__s5,51,1,212
square__A_all__s5,52,0,500
square__A_all__s5,53,1,230
square__A_all__s5,54,0,500
square__A_all__s5,55,0,500
square__A_all__s5,56,1,166
square__A_all__s5,57,1,213
square__A_all__s5,58,1,170
square__A_all__s5,59,1,189
square__A_all__s5,60,1,238
square__A_all__s5,61,1,158
square__A_all__s5,62,1,240
square__A_all__s5,63,0,500
square__A_all__s5,64,0,500
square__A_all__s5,65,1,200
square__A_all__s5,66,1,353
square__A_all__s5,67,0,500
square__A_all__s5,68,1,219
square__A_all__s5,69,1,251
square__A_all__s5,70,0,500
square__A_all__s5,71,1,210
square__A_all__s5,72,0,500
square__A_all__s5,73,1,170
square__A_all__s5,74,0,500
square__A_all__s5,75,1,174
square__A_all__s5,76,1,230
square__A_all__s5,77,1,200
square__A_all__s5,78,1,250
square__A_all__s5,79,0,500
square__A_all__s5,80,0,500
square__A_all__s5,81,1,431
square__A_all__s5,82,0,500
square__A_all__s5,83,1,218
square__A_all__s5,84,0,500
square__A_all__s5,85,1,420
square__A_all__s5,86,0,500
square__A_all__s5,87,1,302
square__A_all__s5,88,1,285
square__A_all__s5,89,1,280
square__A_all__s5,90,1,280
square__A_all__s5,91,0,500
square__A_all__s5,92,1,348
square__A_all__s5,93,1,342
square__A_all__s5,94,1,148
square__A_all__s5,95,0,500
square__A_all__s5,96,0,500
square__A_all__s5,97,0,500
square__A_all__s5,98,1,167
square__A_all__s5,99,1,426
square__A_all__s5,100,1,251
square__A_all__s5,101,1,320
square__A_all__s5,102,0,500
square__A_all__s5,103,0,500
square__A_all__s5,104,1,216
square__A_all__s5,105,0,500
square__A_all__s5,106,1,271
square__A_all__s5,107,0,500
square__A_all__s5,108,1,175
square__A_all__s5,109,0,500
square__A_all__s5,110,0,500
square__A_all__s5,111,1,290
square__A_all__s5,112,1,179
square__A_all__s5,113,1,299
square__A_all__s5,114,0,500
square__A_all__s5,115,1,270
square__A_all__s5,116,1,190
square__A_all__s5,117,1,154
square__A_all__s5,118,0,500
square__A_all__s5,119,0,500
square__A_all__s5,120,1,272
square__A_all__s5,121,1,159
square__A_all__s5,122,0,500
square__A_all__s5,123,1,245
square__A_all__s5,124,0,500
square__A_all__s5,125,1,207
square__A_all__s5,126,1,210
square__A_all__s5,127,1,291
square__A_all__s5,128,1,179
square__A_all__s5,129,0,500
square__A_all__s5,130,1,203
square__A_all__s5,131,1,219
square__A_all__s5,132,0,500
square__A_all__s5,133,1,339
square__A_all__s5,134,1,261
square__A_all__s5,135,1,182
square__A_all__s5,136,1,321
square__A_all__s5,137,1,248
square__A_all__s5,138,1,288
square__A_all__s5,139,1,244
square__A_all__s5,140,0,500
square__A_all__s5,141,0,500
square__A_all__s5,142,1,340
square__A_all__s5,143,1,298
square__A_all__s5,144,1,167
square__A_all__s5,145,0,500
square__A_all__s5,146,1,181
square__A_all__s5,147,1,168
square__A_all__s5,148,1,402
square__A_all__s5,149,1,260
square__A_all__s5,150,0,500
square__A_all__s5,151,0,500
square__A_all__s5,152,1,181
square__A_all__s5,153,0,500
square__A_all__s5,154,0,500
square__A_all__s5,155,0,500
square__A_all__s5,156,1,159
square__A_all__s5,157,1,230
square__A_all__s5,158,0,500
square__A_all__s5,159,0,500
square__A_all__s5,160,1,178
square__A_all__s5,161,1,448
square__A_all__s5,162,1,370
square__A_all__s5,163,0,500
square__A_all__s5,164,1,248
square__A_all__s5,165,0,500
square__A_all__s5,166,0,500
square__A_all__s5,167,1,182
square__A_all__s5,168,0,500
square__A_all__s5,169,1,248
square__A_all__s5,170,1,267
square__A_all__s5,171,0,500
square__A_all__s5,172,0,500
square__A_all__s5,173,0,500
square__A_all__s5,174,1,179
square__A_all__s5,175,1,293
square__A_all__s5,176,1,259
square__A_all__s5,177,1,292
square__A_all__s5,178,0,500
square__A_all__s5,179,0,500
square__A_all__s5,180,1,228
square__A_all__s5,181,1,227
square__A_all__s5,182,0,500
square__A_all__s5,183,1,225
square__A_all__s5,184,1,174
square__A_all__s5,185,1,188
square__A_all__s5,186,1,209
square__A_all__s5,187,1,303
square__A_all__s5,188,1,234
square__A_all__s5,189,0,500
square__A_all__s5,190,1,176
square__A_all__s5,191,1,273
square__A_all__s5,192,0,500
square__A_all__s5,193,0,500
square__A_all__s5,194,1,311
square__A_all__s5,195,0,500
square__A_all__s5,196,1,342
square__A_all__s5,197,0,500
square__A_all__s5,198,1,390
square__A_all__s5,199,1,263
square__A_all__s5,200,0,500
square__A_all__s5,201,1,189
square__A_all__s5,202,1,262
square__A_all__s5,203,1,249
square__A_all__s5,204,0,500
square__A_all__s5,205,0,500
square__A_all__s5,206,1,289
square__A_all__s5,207,1,228
square__A_all__s5,208,0,500
square__A_all__s5,209,1,240
square__A_all__s5,210,1,167
square__A_all__s5,211,0,500
square__A_all__s5,212,1,218
square__A_all__s5,213,1,356
square__A_all__s5,214,1,494
square__A_all__s5,215,0,500
square__A_all__s5,216,1,157
square__A_all__s5,217,0,500
square__A_all__s5,218,0,500
square__A_all__s5,219,0,500
square__A_all__s5,220,1,215
square__A_all__s5,221,1,190
square__A_all__s5,222,1,209
square__A_all__s5,223,1,150
square__A_all__s5,224,1,317
square__A_all__s5,225,0,500
square__A_all__s5,226,1,180
square__A_all__s5,227,0,500
square__A_all__s5,228,1,203
square__A_all__s5,229,0,500
square__A_all__s5,230,1,217
square__A_all__s5,231,0,500
square__A_all__s5,232,1,197
square__A_all__s5,233,1,241
square__A_all__s5,234,0,500
square__A_all__s5,235,1,323
square__A_all__s5,236,0,500
square__A_all__s5,237,1,389
square__A_all__s5,238,1,469
square__A_all__s5,239,1,151
square__A_all__s5,240,1,188
square__A_all__s5,241,0,500
square__A_all__s5,242,1,319
square__A_all__s5,243,1,310
square__A_all__s5,244,1,425
square__A_all__s5,245,0,500
square__A_all__s5,246,1,240
square__A_all__s5,247,1,226
square__A_all__s5,248,1,222
square__A_all__s5,249,0,500
square__A_all__s5,250,0,500
square__A_all__s5,251,0,500
square__A_all__s5,252,1,190
square__A_all__s5,253,0,500
square__A_all__s5,254,1,288
square__A_all__s5,255,1,311
square__A_all__s5,256,1,275
square__A_all__s5,257,0,500
square__A_all__s5,258,0,500
square__A_all__s5,259,0,500
square__A_all__s5,260,1,227
square__A_all__s5,261,0,500
square__A_all__s5,262,1,199
square__A_all__s5,263,0,500
square__A_all__s5,264,1,381
square__A_all__s5,265,0,500
square__A_all__s5,266,0,500
square__A_all__s5,267,0,500
square__A_all__s5,268,1,148
square__A_all__s5,269,0,500
square__A_all__s5,270,0,500
square__A_all__s5,271,1,188
square__A_all__s5,272,1,212
square__A_all__s5,273,1,395
square__A_all__s5,274,1,211
square__A_all__s5,275,1,169
square__A_all__s5,276,1,204
square__A_all__s5,277,0,500
square__A_all__s5,278,1,222
square__A_all__s5,279,0,500
square__A_all__s5,280,1,189
square__A_all__s5,281,1,174
square__A_all__s5,282,0,500
square__A_all__s5,283,0,500
square__A_all__s5,284,1,179
square__A_all__s5,285,0,500
square__A_all__s5,286,1,418
square__A_all__s5,287,1,316
square__A_all__s5,288,0,500
square__A_all__s5,289,0,500
square__A_all__s5,290,1,260
square__A_all__s5,291,0,500
square__A_all__s5,292,1,300
square__A_all__s5,293,0,500
square__A_all__s5,294,1,198
square__A_all__s5,295,1,208
square__A_all__s5,296,1,248
square__A_all__s5,297,1,280
square__A_all__s5,298,1,272
square__A_all__s5,299,0,500
square__A_all__s5,300,1,361
square__A_all__s5,301,0,500
square__A_all__s5,302,1,438
square__A_all__s5,303,1,253
square__A_all__s5,304,1,241
square__A_all__s5,305,0,500
square__A_all__s5,306,0,500
square__A_all__s5,307,1,148
square__A_all__s5,308,1,184
square__A_all__s5,309,1,181
square__A_all__s5,310,0,500
square__A_all__s5,311,1,273
square__A_all__s5,312,1,190
square__A_all__s5,313,1,235
square__A_all__s5,314,1,412
square__A_all__s5,315,1,228
square__A_all__s5,316,1,242
square__A_all__s5,317,1,319
square__A_all__s5,318,1,272
square__A_all__s5,319,1,168
square__A_all__s5,320,1,169
square__A_all__s5,321,1,250
square__A_all__s5,322,1,332
square__A_all__s5,323,0,500
square__A_all__s5,324,0,500
square__A_all__s5,325,1,260
square__A_all__s5,326,1,286
square__A_all__s5,327,1,198
square__A_all__s5,328,0,500
square__A_all__s5,329,0,500
square__A_all__s5,330,1,255
square__A_all__s5,331,1,172
square__A_all__s5,332,0,500
square__A_all__s5,333,1,239
square__A_all__s5,334,1,259
square__A_all__s5,335,0,500
square__A_all__s5,336,0,500
square__A_all__s5,337,0,500
square__A_all__s5,338,0,500
square__A_all__s5,339,0,500
square__A_all__s5,340,0,500
square__A_all__s5,341,1,255
square__A_all__s5,342,1,449
square__A_all__s5,343,1,278
square__A_all__s5,344,1,176
square__A_all__s5,345,0,500
square__A_all__s5,346,1,222
square__A_all__s5,347,1,327
square__A_all__s5,348,0,500
square__A_all__s5,349,1,458
square__A_all__s5,350,1,163
square__A_all__s5,351,1,167
square__A_all__s5,352,1,189
square__A_all__s5,353,0,500
square__A_all__s5,354,0,500
square__A_all__s5,355,1,209
square__A_all__s5,356,0,500
square__A_all__s5,357,1,442
square__A_all__s5,358,0,500
square__A_all__s5,359,0,500
square__A_all__s5,360,1,311
square__A_all__s5,361,1,260
square__A_all__s5,362,0,500
square__A_all__s5,363,1,211
square__A_all__s5,364,1,190
square__A_all__s5,365,1,250
square__A_all__s5,366,1,207
square__A_all__s5,367,1,288
square__A_all__s5,368,1,248
square__A_all__s5,369,0,500
square__A_all__s5,370,1,282
square__A_all__s5,371,0,500
square__A_all__s5,372,0,500
square__A_all__s5,373,1,202
square__A_all__s5,374,0,500
square__A_all__s5,375,1,200
square__A_all__s5,376,1,250
square__A_all__s5,377,1,228
square__A_all__s5,378,1,281
square__A_all__s5,379,0,500
square__A_all__s5,380,1,212
square__A_all__s5,381,1,486
square__A_all__s5,382,1,230
square__A_all__s5,383,1,177
square__A_all__s5,384,0,500
square__A_all__s5,385,0,500
square__A_all__s5,386,0,500
square__A_all__s5,387,1,158
square__A_all__s5,388,0,500
square__A_all__s5,389,0,500
square__A_all__s5,390,1,165
square__A_all__s5,391,1,198
square__A_all__s5,392,1,185
square__A_all__s5,393,0,500
square__A_all__s5,394,1,190
square__A_all__s5,395,1,207
square__A_all__s5,396,0,500
square__A_all__s5,397,1,186
square__A_all__s5,398,1,199
square__A_all__s5,399,1,291
square__A_all__s5,400,1,172
square__A_all__s5,401,0,500
square__A_all__s5,402,1,187
square__A_all__s5,403,1,306
square__A_all__s5,404,1,152
square__A_all__s5,405,1,175
square__A_all__s5,406,1,168
square__A_all__s5,407,0,500
square__A_all__s5,408,1,239
square__A_all__s5,409,1,323
square__A_all__s5,410,0,500
square__A_all__s5,411,0,500
square__A_all__s5,412,1,171
square__A_all__s5,413,0,500
square__A_all__s5,414,1,308
square__A_all__s5,415,1,238
square__A_all__s5,416,1,195
square__A_all__s5,417,1,191
square__A_all__s5,418,0,500
square__A_all__s5,419,0,500
square__A_all__s5,420,0,500
square__A_all__s5,421,1,165
square__A_all__s5,422,0,500
square__A_all__s5,423,0,500
square__A_all__s5,424,0,500
square__A_all__s5,425,1,341
square__A_all__s5,426,1,211
square__A_all__s5,427,1,180
square__A_all__s5,428,0,500
square__A_all__s5,429,1,313
square__A_all__s5,430,1,298
square__A_all__s5,431,1,211
square__A_all__s5,432,1,198
square__A_all__s5,433,0,500
square__A_all__s5,434,0,500
square__A_all__s5,435,1,222
square__A_all__s5,436,1,290
square__A_all__s5,437,0,500
square__A_all__s5,438,0,500
square__A_all__s5,439,1,176
square__A_all__s5,440,1,270
square__A_all__s5,441,1,158
square__A_all__s5,442,1,232
square__A_all__s5,443,1,219
square__A_all__s5,444,1,190
square__A_all__s5,445,0,500
square__A_all__s5,446,1,206
square__A_all__s5,447,1,157
square__A_all__s5,448,1,423
square__A_all__s5,449,1,335
square__A_all__s5,450,1,238
square__A_all__s5,451,0,500
square__A_all__s5,452,1,166
square__A_all__s5,453,1,289
square__A_all__s5,454,1,258
square__A_all__s5,455,1,200
square__A_all__s5,456,1,451
square__A_all__s5,457,1,221
square__A_all__s5,458,0,500
square__A_all__s5,459,1,235
square__A_all__s5,460,1,280
square__A_all__s5,461,1,321
square__A_all__s5,462,0,500
square__A_all__s5,463,0,500
square__A_all__s5,464,0,500
square__A_all__s5,465,1,188
square__A_all__s5,466,0,500
square__A_all__s5,467,0,500
square__A_all__s5,468,0,500
square__A_all__s5,469,1,231
square__A_all__s5,470,0,500
square__A_all__s5,471,1,167
square__A_all__s5,472,0,500
square__A_all__s5,473,0,500
square__A_all__s5,474,1,192
square__A_all__s5,475,1,473
square__A_all__s5,476,1,351
square__A_all__s5,477,0,500
square__A_all__s5,478,1,309
square__A_all__s5,479,0,500
square__A_all__s5,480,1,274
square__A_all__s5,481,1,200
square__A_all__s5,482,0,500
square__A_all__s5,483,1,277
square__A_all__s5,484,0,500
square__A_all__s5,485,1,230
square__A_all__s5,486,1,175
square__A_all__s5,487,1,322
square__A_all__s5,488,0,500
square__A_all__s5,489,0,500
square__A_all__s5,490,1,248
square__A_all__s5,491,1,239
square__A_all__s5,492,1,462
square__A_all__s5,493,1,234
square__A_all__s5,494,0,500
square__A_all__s5,495,1,201
square__A_all__s5,496,1,225
square__A_all__s5,497,1,335
square__A_all__s5,498,1,206
square__A_all__s5,499,0,500
square__A_all__s6,0,1,206
square__A_all__s6,1,1,182
square__A_all__s6,2,0,500
square__A_all__s6,3,0,500
square__A_all__s6,4,0,500
square__A_all__s6,5,0,500
square__A_all__s6,6,1,164
square__A_all__s6,7,1,199
square__A_all__s6,8,1,466
square__A_all__s6,9,1,222
square__A_all__s6,10,1,232
square__A_all__s6,11,0,500
square__A_all__s6,12,1,406
square__A_all__s6,13,1,264
square__A_all__s6,14,1,192
square__A_all__s6,15,1,221
square__A_all__s6,16,1,267
square__A_all__s6,17,1,238
square__A_all__s6,18,1,325
square__A_all__s6,19,0,500
square__A_all__s6,20,1,418
square__A_all__s6,21,1,174
square__A_all__s6,22,1,269
square__A_all__s6,23,1,372
square__A_all__s6,24,0,500
square__A_all__s6,25,0,500
square__A_all__s6,26,1,181
square__A_all__s6,27,1,252
square__A_all__s6,28,1,199
square__A_all__s6,29,1,152
square__A_all__s6,30,1,261
square__A_all__s6,31,1,171
square__A_all__s6,32,1,170
square__A_all__s6,33,0,500
square__A_all__s6,34,1,290
square__A_all__s6,35,1,171
square__A_all__s6,36,1,325
square__A_all__s6,37,1,351
square__A_all__s6,38,1,249
square__A_all__s6,39,1,264
square__A_all__s6,40,0,500
square__A_all__s6,41,1,222
square__A_all__s6,42,1,278
square__A_all__s6,43,1,233
square__A_all__s6,44,1,350
square__A_all__s6,45,0,500
square__A_all__s6,46,0,500
square__A_all__s6,47,1,409
square__A_all__s6,48,1,156
square__A_all__s6,49,1,209
square__A_all__s6,50,0,500
square__A_all__s6,51,0,500
square__A_all__s6,52,1,261
square__A_all__s6,53,0,500
square__A_all__s6,54,0,500
square__A_all__s6,55,1,291
square__A_all__s6,56,1,205
square__A_all__s6,57,1,228
square__A_all__s6,58,1,214
square__A_all__s6,59,1,181
square__A_all__s6,60,1,200
square__A_all__s6,61,0,500
square__A_all__s6,62,0,500
square__A_all__s6,63,0,500
square__A_all__s6,64,0,500
square__A_all__s6,65,1,336
square__A_all__s6,66,1,193
square__A_all__s6,67,1,289
square__A_all__s6,68,1,251
square__A_all__s6,69,1,220
square__A_all__s6,70,0,500
square__A_all__s6,71,1,223
square__A_all__s6,72,0,500
square__A_all__s6,73,1,162
square__A_all__s6,74,0,500
square__A_all__s6,75,1,182
square__A_all__s6,76,1,469
square__A_all__s6,77,1,308
square__A_all__s6,78,1,218
square__A_all__s6,79,1,177
square__A_all__s6,80,1,260
square__A_all__s6,81,1,400
square__A_all__s6,82,0,500
square__A_all__s6,83,1,236
square__A_all__s6,84,0,500
square__A_all__s6,85,1,243
square__A_all__s6,86,0,500
square__A_all__s6,87,0,500
square__A_all__s6,88,1,197
square__A_all__s6,89,1,300
square__A_all__s6,90,1,319
square__A_all__s6,91,1,190
square__A_all__s6,92,0,500
square__A_all__s6,93,1,286
square__A_all__s6,94,1,171
square__A_all__s6,95,1,492
square__A_all__s6,96,0,500
square__A_all__s6,97,1,452
square__A_all__s6,98,0,500
square__A_all__s6,99,1,176
square__A_all__s6,100,1,258
square__A_all__s6,101,1,229
square__A_all__s6,102,0,500
square__A_all__s6,103,0,500
square__A_all__s6,104,0,500
square__A_all__s6,105,0,500
square__A_all__s6,106,1,479
square__A_all__s6,107,1,231
square__A_all__s6,108,1,229
square__A_all__s6,109,0,500
square__A_all__s6,110,1,259
square__A_all__s6,111,1,241
square__A_all__s6,112,0,500
square__A_all__s6,113,1,179
square__A_all__s6,114,1,218
square__A_all__s6,115,0,500
square__A_all__s6,116,1,356
square__A_all__s6,117,1,150
square__A_all__s6,118,1,295
square__A_all__s6,119,1,200
square__A_all__s6,120,1,272
square__A_all__s6,121,1,198
square__A_all__s6,122,1,175
square__A_all__s6,123,1,267
square__A_all__s6,124,0,500
square__A_all__s6,125,1,398
square__A_all__s6,126,1,171
square__A_all__s6,127,1,362
square__A_all__s6,128,1,220
square__A_all__s6,129,1,270
square__A_all__s6,130,1,292
square__A_all__s6,131,0,500
square__A_all__s6,132,1,328
square__A_all__s6,133,1,170
square__A_all__s6,134,0,500
square__A_all__s6,135,1,226
square__A_all__s6,136,1,189
square__A_all__s6,137,1,182
square__A_all__s6,138,0,500
square__A_all__s6,139,0,500
square__A_all__s6,140,0,500
square__A_all__s6,141,1,302
square__A_all__s6,142,1,302
square__A_all__s6,143,0,500
square__A_all__s6,144,1,195
square__A_all__s6,145,1,288
square__A_all__s6,146,1,201
square__A_all__s6,147,1,197
square__A_all__s6,148,0,500
square__A_all__s6,149,1,301
square__A_all__s6,150,1,295
square__A_all__s6,151,1,190
square__A_all__s6,152,1,202
square__A_all__s6,153,1,280
square__A_all__s6,154,1,181
square__A_all__s6,155,1,412
square__A_all__s6,156,0,500
square__A_all__s6,157,1,286
square__A_all__s6,158,0,500
square__A_all__s6,159,0,500
square__A_all__s6,160,1,190
square__A_all__s6,161,1,451
square__A_all__s6,162,0,500
square__A_all__s6,163,1,232
square__A_all__s6,164,1,364
square__A_all__s6,165,1,197
square__A_all__s6,166,1,311
square__A_all__s6,167,1,282
square__A_all__s6,168,0,500
square__A_all__s6,169,1,202
square__A_all__s6,170,0,500
square__A_all__s6,171,0,500
square__A_all__s6,172,1,294
square__A_all__s6,173,1,333
square__A_all__s6,174,1,159
square__A_all__s6,175,1,229
square__A_all__s6,176,0,500
square__A_all__s6,177,0,500
square__A_all__s6,178,1,252
square__A_all__s6,179,0,500
square__A_all__s6,180,1,309
square__A_all__s6,181,0,500
square__A_all__s6,182,0,500
square__A_all__s6,183,0,500
square__A_all__s6,184,1,388
square__A_all__s6,185,1,240
square__A_all__s6,186,1,241
square__A_all__s6,187,1,212
square__A_all__s6,188,1,263
square__A_all__s6,189,1,252
square__A_all__s6,190,1,230
square__A_all__s6,191,1,372
square__A_all__s6,192,1,205
square__A_all__s6,193,1,274
square__A_all__s6,194,1,247
square__A_all__s6,195,1,281
square__A_all__s6,196,1,190
square__A_all__s6,197,0,500
square__A_all__s6,198,1,302
square__A_all__s6,199,1,260
square__A_all__s6,200,0,500
square__A_all__s6,201,1,203
square__A_all__s6,202,1,211
square__A_all__s6,203,1,252
square__A_all__s6,204,0,500
square__A_all__s6,205,0,500
square__A_all__s6,206,1,242
square__A_all__s6,207,1,203
square__A_all__s6,208,0,500
square__A_all__s6,209,1,341
square__A_all__s6,210,0,500
square__A_all__s6,211,1,289
square__A_all__s6,212,0,500
square__A_all__s6,213,0,500
square__A_all__s6,214,0,500
square__A_all__s6,215,0,500
square__A_all__s6,216,0,500
square__A_all__s6,217,1,301
square__A_all__s6,218,0,500
square__A_all__s6,219,1,157
square__A_all__s6,220,0,500
square__A_all__s6,221,1,391
square__A_all__s6,222,0,500
square__A_all__s6,223,1,170
square__A_all__s6,224,1,321
square__A_all__s6,225,0,500
square__A_all__s6,226,1,280
square__A_all__s6,227,1,180
square__A_all__s6,228,0,500
square__A_all__s6,229,1,282
square__A_all__s6,230,1,219
square__A_all__s6,231,1,237
square__A_all__s6,232,1,448
square__A_all__s6,233,1,189
square__A_all__s6,234,0,500
square__A_all__s6,235,1,291
square__A_all__s6,236,1,242
square__A_all__s6,237,1,162
square__A_all__s6,238,0,500
square__A_all__s6,239,1,259
square__A_all__s6,240,1,372
square__A_all__s6,241,1,414
square__A_all__s6,242,1,321
square__A_all__s6,243,0,500
square__A_all__s6,244,1,262
square__A_all__s6,245,1,181
square__A_all__s6,246,1,256
square__A_all__s6,247,1,209
square__A_all__s6,248,1,196
square__A_all__s6,249,1,211
square__A_all__s6,250,1,200
square__A_all__s6,251,1,279
square__A_all__s6,252,1,201
square__A_all__s6,253,1,277
square__A_all__s6,254,1,481
square__A_all__s6,255,1,310
square__A_all__s6,256,1,229
square__A_all__s6,257,1,356
square__A_all__s6,258,1,332
square__A_all__s6,259,0,500
square__A_all__s6,260,0,500
square__A_all__s6,261,1,358
square__A_all__s6,262,0,500
square__A_all__s6,263,0,500
square__A_all__s6,264,1,200
square__A_all__s6,265,1,282
square__A_all__s6,266,1,232
square__A_all__s6,267,1,312
square__A_all__s6,268,0,500
square__A_all__s6,269,1,232
square__A_all__s6,270,1,355
square__A_all__s6,271,1,325
square__A_all__s6,272,1,291
square__A_all__s6,273,1,235
square__A_all__s6,274,0,500
square__A_all__s6,275,1,168
square__A_all__s6,276,0,500
square__A_all__s6,277,0,500
square__A_all__s6,278,1,242
square__A_all__s6,279,1,181
square__A_all__s6,280,1,219
square__A_all__s6,281,1,301
square__A_all__s6,282,1,383
square__A_all__s6,283,1,163
square__A_all__s6,284,1,278
square__A_all__s6,285,0,500
square__A_all__s6,286,1,209
square__A_all__s6,287,0,500
square__A_all__s6,288,1,247
square__A_all__s6,289,1,218
square__A_all__s6,290,0,500
square__A_all__s6,291,1,479
square__A_all__s6,292,1,189
square__A_all__s6,293,1,251
square__A_all__s6,294,1,184
square__A_all__s6,295,1,190
square__A_all__s6,296,1,499
square__A_all__s6,297,1,330
square__A_all__s6,298,0,500
square__A_all__s6,299,1,264
square__A_all__s6,300,1,185
square__A_all__s6,301,0,500
square__A_all__s6,302,1,325
square__A_all__s6,303,1,217
square__A_all__s6,304,0,500
square__A_all__s6,305,0,500
square__A_all__s6,306,1,289
square__A_all__s6,307,1,170
square__A_all__s6,308,0,500
square__A_all__s6,309,1,189
square__A_all__s6,310,1,308
square__A_all__s6,311,0,500
square__A_all__s6,312,0,500
square__A_all__s6,313,1,189
square__A_all__s6,314,1,320
square__A_all__s6,315,1,212
square__A_all__s6,316,1,208
square__A_all__s6,317,0,500
square__A_all__s6,318,1,369
square__A_all__s6,319,1,261
square__A_all__s6,320,1,260
square__A_all__s6,321,1,213
square__A_all__s6,322,1,173
square__A_all__s6,323,1,339
square__A_all__s6,324,0,500
square__A_all__s6,325,1,235
square__A_all__s6,326,0,500
square__A_all__s6,327,0,500
square__A_all__s6,328,0,500
square__A_all__s6,329,0,500
square__A_all__s6,330,1,361
square__A_all__s6,331,1,172
square__A_all__s6,332,0,500
square__A_all__s6,333,1,392
square__A_all__s6,334,0,500
square__A_all__s6,335,0,500
square__A_all__s6,336,1,199
square__A_all__s6,337,1,368
square__A_all__s6,338,1,282
square__A_all__s6,339,1,213
square__A_all__s6,340,0,500
square__A_all__s6,341,1,190
square__A_all__s6,342,1,462
square__A_all__s6,343,1,478
square__A_all__s6,344,1,170
square__A_all__s6,345,1,303
square__A_all__s6,346,1,194
square__A_all__s6,347,0,500
square__A_all__s6,348,1,409
square__A_all__s6,349,0,500
square__A_all__s6,350,1,242
square__A_all__s6,351,0,500
square__A_all__s6,352,1,190
square__A_all__s6,353,0,500
square__A_all__s6,354,0,500
square__A_all__s6,355,1,220
square__A_all__s6,356,1,232
square__A_all__s6,357,1,339
square__A_all__s6,358,0,500
square__A_all__s6,359,1,308
square__A_all__s6,360,1,310
square__A_all__s6,361,1,171
square__A_all__s6,362,0,500
square__A_all__s6,363,1,341
square__A_all__s6,364,1,232
square__A_all__s6,365,0,500
square__A_all__s6,366,1,214
square__A_all__s6,367,1,297
square__A_all__s6,368,1,191
square__A_all__s6,369,1,270
square__A_all__s6,370,1,198
square__A_all__s6,371,0,500
square__A_all__s6,372,0,500
square__A_all__s6,373,1,182
square__A_all__s6,374,1,357
square__A_all__s6,375,1,205
square__A_all__s6,376,1,257
square__A_all__s6,377,1,428
square__A_all__s6,378,0,500
square__A_all__s6,379,1,382
square__A_all__s6,380,1,181
square__A_all__s6,381,0,500
square__A_all__s6,382,1,276
square__A_all__s6,383,0,500
square__A_all__s6,384,1,362
square__A_all__s6,385,0,500
square__A_all__s6,386,1,319
square__A_all__s6,387,1,165
square__A_all__s6,388,0,500
square__A_all__s6,389,1,191
square__A_all__s6,390,1,208
square__A_all__s6,391,1,225
square__A_all__s6,392,1,190
square__A_all__s6,393,1,289
square__A_all__s6,394,0,500
square__A_all__s6,395,0,500
square__A_all__s6,396,1,382
square__A_all__s6,397,1,197
square__A_all__s6,398,1,241
square__A_all__s6,399,1,462
square__A_all__s6,400,1,158
square__A_all__s6,401,1,198
square__A_all__s6,402,0,500
square__A_all__s6,403,1,242
square__A_all__s6,404,0,500
square__A_all__s6,405,1,240
square__A_all__s6,406,0,500
square__A_all__s6,407,1,250
square__A_all__s6,408,1,228
square__A_all__s6,409,1,421
square__A_all__s6,410,0,500
square__A_all__s6,411,1,216
square__A_all__s6,412,1,151
square__A_all__s6,413,0,500
square__A_all__s6,414,1,219
square__A_all__s6,415,0,500
square__A_all__s6,416,1,187
square__A_all__s6,417,0,500
square__A_all__s6,418,0,500
square__A_all__s6,419,1,211
square__A_all__s6,420,0,500
square__A_all__s6,421,1,157
square__A_all__s6,422,0,500
square__A_all__s6,423,1,220
square__A_all__s6,424,0,500
square__A_all__s6,425,1,438
square__A_all__s6,426,1,296
square__A_all__s6,427,1,198
square__A_all__s6,428,1,351
square__A_all__s6,429,1,198
square__A_all__s6,430,1,211
square__A_all__s6,431,0,500
square__A_all__s6,432,0,500
square__A_all__s6,433,0,500
square__A_all__s6,434,1,191
square__A_all__s6,435,0,500
square__A_all__s6,436,1,313
square__A_all__s6,437,1,230
square__A_all__s6,438,0,500
square__A_all__s6,439,1,150
square__A_all__s6,440,0,500
square__A_all__s6,441,1,185
square__A_all__s6,442,1,231
square__A_all__s6,443,1,327
square__A_all__s6,444,0,500
square__A_all__s6,445,0,500
square__A_all__s6,446,0,500
square__A_all__s6,447,1,242
square__A_all__s6,448,0,500
square__A_all__s6,449,0,500
square__A_all__s6,450,1,259
square__A_all__s6,451,1,268
square__A_all__s6,452,0,500
square__A_all__s6,453,1,212
square__A_all__s6,454,1,259
square__A_all__s6,455,1,310
square__A_all__s6,456,1,222
square__A_all__s6,457,1,272
square__A_all__s6,458,1,212
square__A_all__s6,459,1,231
square__A_all__s6,460,0,500
square__A_all__s6,461,1,338
square__A_all__s6,462,0,500
square__A_all__s6,463,0,500
square__A_all__s6,464,0,500
square__A_all__s6,465,1,381
square__A_all__s6,466,1,248
square__A_all__s6,467,1,287
square__A_all__s6,468,1,356
square__A_all__s6,469,1,192
square__A_all__s6,470,1,352
square__A_all__s6,471,1,182
square__A_all__s6,472,0,500
square__A_all__s6,473,1,323
square__A_all__s6,474,1,201
square__A_all__s6,475,1,255
square__A_all__s6,476,1,191
square__A_all__s6,477,1,313
square__A_all__s6,478,1,360
square__A_all__s6,479,0,500
square__A_all__s6,480,1,273
square__A_all__s6,481,1,160
square__A_all__s6,482,0,500
square__A_all__s6,483,0,500
square__A_all__s6,484,0,500
square__A_all__s6,485,1,480
square__A_all__s6,486,1,250
square__A_all__s6,487,1,261
square__A_all__s6,488,1,190
square__A_all__s6,489,1,213
square__A_all__s6,490,0,500
square__A_all__s6,491,1,291
square__A_all__s6,492,1,194
square__A_all__s6,493,1,301
square__A_all__s6,494,0,500
square__A_all__s6,495,1,308
square__A_all__s6,496,1,233
square__A_all__s6,497,1,342
square__A_all__s6,498,1,311
square__A_all__s6,499,0,500
square__A_all__s7,0,1,282
square__A_all__s7,1,1,180
square__A_all__s7,2,0,500
square__A_all__s7,3,1,223
square__A_all__s7,4,1,391
square__A_all__s7,5,0,500
square__A_all__s7,6,0,500
square__A_all__s7,7,0,500
square__A_all__s7,8,1,282
square__A_all__s7,9,1,287
square__A_all__s7,10,1,270
square__A_all__s7,11,1,188
square__A_all__s7,12,1,440
square__A_all__s7,13,1,310
square__A_all__s7,14,1,200
square__A_all__s7,15,0,500
square__A_all__s7,16,0,500
square__A_all__s7,17,0,500
square__A_all__s7,18,1,195
square__A_all__s7,19,1,390
square__A_all__s7,20,1,320
square__A_all__s7,21,0,500
square__A_all__s7,22,1,318
square__A_all__s7,23,0,500
square__A_all__s7,24,1,349
square__A_all__s7,25,1,300
square__A_all__s7,26,1,261
square__A_all__s7,27,1,238
square__A_all__s7,28,0,500
square__A_all__s7,29,1,216
square__A_all__s7,30,1,492
square__A_all__s7,31,1,210
square__A_all__s7,32,1,223
square__A_all__s7,33,1,422
square__A_all__s7,34,1,171
square__A_all__s7,35,1,289
square__A_all__s7,36,0,500
square__A_all__s7,37,1,242
square__A_all__s7,38,0,500
square__A_all__s7,39,1,250
square__A_all__s7,40,0,500
square__A_all__s7,41,1,181
square__A_all__s7,42,1,298
square__A_all__s7,43,1,252
square__A_all__s7,44,1,251
square__A_all__s7,45,1,270
square__A_all__s7,46,1,195
square__A_all__s7,47,0,500
square__A_all__s7,48,1,403
square__A_all__s7,49,1,306
square__A_all__s7,50,0,500
square__A_all__s7,51,1,260
square__A_all__s7,52,1,276
square__A_all__s7,53,1,260
square__A_all__s7,54,0,500
square__A_all__s7,55,0,500
square__A_all__s7,56,1,439
square__A_all__s7,57,0,500
square__A_all__s7,58,1,241
square__A_all__s7,59,0,500
square__A_all__s7,60,1,249
square__A_all__s7,61,0,500
square__A_all__s7,62,0,500
square__A_all__s7,63,1,181
square__A_all__s7,64,0,500
square__A_all__s7,65,1,372
square__A_all__s7,66,1,219
square__A_all__s7,67,1,218
square__A_all__s7,68,1,219
square__A_all__s7,69,1,311
square__A_all__s7,70,1,389
square__A_all__s7,71,1,240
square__A_all__s7,72,0,500
square__A_all__s7,73,0,500
square__A_all__s7,74,1,194
square__A_all__s7,75,1,193
square__A_all__s7,76,0,500
square__A_all__s7,77,1,292
square__A_all__s7,78,0,500
square__A_all__s7,79,0,500
square__A_all__s7,80,1,202
square__A_all__s7,81,1,220
square__A_all__s7,82,1,485
square__A_all__s7,83,0,500
square__A_all__s7,84,0,500
square__A_all__s7,85,0,500
square__A_all__s7,86,0,500
square__A_all__s7,87,1,299
square__A_all__s7,88,0,500
square__A_all__s7,89,0,500
square__A_all__s7,90,0,500
square__A_all__s7,91,1,222
square__A_all__s7,92,1,182
square__A_all__s7,93,1,315
square__A_all__s7,94,1,172
square__A_all__s7,95,1,408
square__A_all__s7,96,0,500
square__A_all__s7,97,0,500
square__A_all__s7,98,1,344
square__A_all__s7,99,0,500
square__A_all__s7,100,1,231
square__A_all__s7,101,0,500
square__A_all__s7,102,0,500
square__A_all__s7,103,0,500
square__A_all__s7,104,0,500
square__A_all__s7,105,1,262
square__A_all__s7,106,1,158
square__A_all__s7,107,1,452
square__A_all__s7,108,1,192
square__A_all__s7,109,0,500
square__A_all__s7,110,1,190
square__A_all__s7,111,0,500
square__A_all__s7,112,0,500
square__A_all__s7,113,1,368
square__A_all__s7,114,1,242
square__A_all__s7,115,0,500
square__A_all__s7,116,1,303
square__A_all__s7,117,0,500
square__A_all__s7,118,1,239
square__A_all__s7,119,1,291
square__A_all__s7,120,1,389
square__A_all__s7,121,0,500
square__A_all__s7,122,1,266
square__A_all__s7,123,1,178
square__A_all__s7,124,1,228
square__A_all__s7,125,0,500
square__A_all__s7,126,0,500
square__A_all__s7,127,1,181
square__A_all__s7,128,0,500
square__A_all__s7,129,1,465
square__A_all__s7,130,0,500
square__A_all__s7,131,1,201
square__A_all__s7,132,1,320
square__A_all__s7,133,0,500
square__A_all__s7,134,0,500
square__A_all__s7,135,0,500
square__A_all__s7,136,1,282
square__A_all__s7,137,0,500
square__A_all__s7,138,1,249
square__A_all__s7,139,0,500
square__A_all__s7,140,0,500
square__A_all__s7,141,1,212
square__A_all__s7,142,1,166
square__A_all__s7,143,1,291
square__A_all__s7,144,0,500
square__A_all__s7,145,1,206
square__A_all__s7,146,1,280
square__A_all__s7,147,1,201
square__A_all__s7,148,0,500
square__A_all__s7,149,1,250
square__A_all__s7,150,1,221
square__A_all__s7,151,1,300
square__A_all__s7,152,1,221
square__A_all__s7,153,1,448
square__A_all__s7,154,0,500
square__A_all__s7,155,1,221
square__A_all__s7,156,1,437
square__A_all__s7,157,1,252
square__A_all__s7,158,1,242
square__A_all__s7,159,0,500
square__A_all__s7,160,1,240
square__A_all__s7,161,1,492
square__A_all__s7,162,1,307
square__A_all__s7,163,1,320
square__A_all__s7,164,0,500
square__A_all__s7,165,1,259
square__A_all__s7,166,0,500
square__A_all__s7,167,1,199
square__A_all__s7,168,1,473
square__A_all__s7,169,1,412
square__A_all__s7,170,1,312
square__A_all__s7,171,0,500
square__A_all__s7,172,1,241
square__A_all__s7,173,0,500
square__A_all__s7,174,1,249
square__A_all__s7,175,1,239
square__A_all__s7,176,0,500
square__A_all__s7,177,1,213
square__A_all__s7,178,0,500
square__A_all__s7,179,1,443
square__A_all__s7,180,1,281
square__A_all__s7,181,0,500
square__A_all__s7,182,0,500
square__A_all__s7,183,1,224
square__A_all__s7,184,1,322
square__A_all__s7,185,1,192
square__A_all__s7,186,0,500
square__A_all__s7,187,1,228
square__A_all__s7,188,0,500
square__A_all__s7,189,0,500
square__A_all__s7,190,1,235
square__A_all__s7,191,1,220
square__A_all__s7,192,0,500
square__A_all__s7,193,1,272
square__A_all__s7,194,0,500
square__A_all__s7,195,1,301
square__A_all__s7,196,1,211
square__A_all__s7,197,1,219
square__A_all__s7,198,1,239
square__A_all__s7,199,1,289
square__A_all__s7,200,1,268
square__A_all__s7,201,0,500
square__A_all__s7,202,1,220
square__A_all__s7,203,1,268
square__A_all__s7,204,1,157
square__A_all__s7,205,0,500
square__A_all__s7,206,1,249
square__A_all__s7,207,1,261
square__A_all__s7,208,0,500
square__A_all__s7,209,0,500
square__A_all__s7,210,1,281
square__A_all__s7,211,1,239
square__A_all__s7,212,1,211
square__A_all__s7,213,0,500
square__A_all__s7,214,1,282
square__A_all__s7,215,1,380
square__A_all__s7,216,0,500
square__A_all__s7,217,1,465
square__A_all__s7,218,0,500
square__A_all__s7,219,0,500
square__A_all__s7,220,0,500
square__A_all__s7,221,1,480
square__A_all__s7,222,1,340
square__A_all__s7,223,1,209
square__A_all__s7,224,0,500
square__A_all__s7,225,1,365
square__A_all__s7,226,0,500
square__A_all__s7,227,1,499
square__A_all__s7,228,1,338
square__A_all__s7,229,1,267
square__A_all__s7,230,1,258
square__A_all__s7,231,0,500
square__A_all__s7,232,1,380
square__A_all__s7,233,0,500
square__A_all__s7,234,0,500
square__A_all__s7,235,1,281
square__A_all__s7,236,0,500
square__A_all__s7,237,0,500
square__A_all__s7,238,0,500
square__A_all__s7,239,0,500
square__A_all__s7,240,1,267
square__A_all__s7,241,1,203
square__A_all__s7,242,0,500
square__A_all__s7,243,1,317
square__A_all__s7,244,1,282
square__A_all__s7,245,1,249
square__A_all__s7,246,1,261
square__A_all__s7,247,1,329
square__A_all__s7,248,1,301
square__A_all__s7,249,1,234
square__A_all__s7,250,0,500
square__A_all__s7,251,0,500
square__A_all__s7,252,1,220
square__A_all__s7,253,0,500
square__A_all__s7,254,1,189
square__A_all__s7,255,1,249
square__A_all__s7,256,1,183
square__A_all__s7,257,0,500
square__A_all__s7,258,1,359
square__A_all__s7,259,1,305
square__A_all__s7,260,0,500
square__A_all__s7,261,0,500
square__A_all__s7,262,1,201
square__A_all__s7,263,0,500
square__A_all__s7,264,0,500
square__A_all__s7,265,1,369
square__A_all__s7,266,0,500
square__A_all__s7,267,1,224
square__A_all__s7,268,1,419
square__A_all__s7,269,1,265
square__A_all__s7,270,1,299
square__A_all__s7,271,0,500
square__A_all__s7,272,1,288
square__A_all__s7,273,1,456
square__A_all__s7,274,1,159
square__A_all__s7,275,1,341
square__A_all__s7,276,1,243
square__A_all__s7,277,0,500
square__A_all__s7,278,0,500
square__A_all__s7,279,0,500
square__A_all__s7,280,1,399
square__A_all__s7,281,1,293
square__A_all__s7,282,0,500
square__A_all__s7,283,0,500
square__A_all__s7,284,1,179
square__A_all__s7,285,1,440
square__A_all__s7,286,0,500
square__A_all__s7,287,1,240
square__A_all__s7,288,1,232
square__A_all__s7,289,1,290
square__A_all__s7,290,1,230
square__A_all__s7,291,0,500
square__A_all__s7,292,1,193
square__A_all__s7,293,0,500
square__A_all__s7,294,0,500
square__A_all__s7,295,1,192
square__A_all__s7,296,1,287
square__A_all__s7,297,1,266
square__A_all__s7,298,1,260
square__A_all__s7,299,1,235
square__A_all__s7,300,1,289
square__A_all__s7,301,0,500
square__A_all__s7,302,1,262
square__A_all__s7,303,0,500
square__A_all__s7,304,1,378
square__A_all__s7,305,0,500
square__A_all__s7,306,1,217
square__A_all__s7,307,1,250
square__A_all__s7,308,0,500
square__A_all__s7,309,1,175
square__A_all__s7,310,0,500
square__A_all__s7,311,0,500
square__A_all__s7,312,1,281
square__A_all__s7,313,1,208
square__A_all__s7,314,1,278
square__A_all__s7,315,0,500
square__A_all__s7,316,1,410
square__A_all__s7,317,1,162
square__A_all__s7,318,1,182
square__A_all__s7,319,0,500
square__A_all__s7,320,1,250
square__A_all__s7,321,1,362
square__A_all__s7,322,1,287
square__A_all__s7,323,0,500
square__A_all__s7,324,0,500
square__A_all__s7,325,1,311
square__A_all__s7,326,0,500
square__A_all__s7,327,1,276
square__A_all__s7,328,0,500
square__A_all__s7,329,0,500
square__A_all__s7,330,0,500
square__A_all__s7,331,1,185
square__A_all__s7,332,0,500
square__A_all__s7,333,1,380
square__A_all__s7,334,0,500
square__A_all__s7,335,1,183
square__A_all__s7,336,1,181
square__A_all__s7,337,1,277
square__A_all__s7,338,1,192
square__A_all__s7,339,1,210
square__A_all__s7,340,0,500
square__A_all__s7,341,0,500
square__A_all__s7,342,1,332
square__A_all__s7,343,0,500
square__A_all__s7,344,1,252
square__A_all__s7,345,0,500
square__A_all__s7,346,1,212
square__A_all__s7,347,1,381
square__A_all__s7,348,1,321
square__A_all__s7,349,0,500
square__A_all__s7,350,0,500
square__A_all__s7,351,1,200
square__A_all__s7,352,1,221
square__A_all__s7,353,1,401
square__A_all__s7,354,0,500
square__A_all__s7,355,1,182
square__A_all__s7,356,1,222
square__A_all__s7,357,0,500
square__A_all__s7,358,1,250
square__A_all__s7,359,1,367
square__A_all__s7,360,1,302
square__A_all__s7,361,1,279
square__A_all__s7,362,1,279
square__A_all__s7,363,1,222
square__A_all__s7,364,0,500
square__A_all__s7,365,0,500
square__A_all__s7,366,1,454
square__A_all__s7,367,1,269
square__A_all__s7,368,0,500
square__A_all__s7,369,0,500
square__A_all__s7,370,0,500
square__A_all__s7,371,0,500
square__A_all__s7,372,0,500
square__A_all__s7,373,0,500
square__A_all__s7,374,1,430
square__A_all__s7,375,1,228
square__A_all__s7,376,0,500
square__A_all__s7,377,1,250
square__A_all__s7,378,1,291
square__A_all__s7,379,1,289
square__A_all__s7,380,0,500
square__A_all__s7,381,0,500
square__A_all__s7,382,1,192
square__A_all__s7,383,1,482
square__A_all__s7,384,0,500
square__A_all__s7,385,1,319
square__A_all__s7,386,0,500
square__A_all__s7,387,1,230
square__A_all__s7,388,0,500
square__A_all__s7,389,0,500
square__A_all__s7,390,1,362
square__A_all__s7,391,0,500
square__A_all__s7,392,1,252
square__A_all__s7,393,0,500
square__A_all__s7,394,1,200
square__A_all__s7,395,1,189
square__A_all__s7,396,1,314
square__A_all__s7,397,0,500
square__A_all__s7,398,1,273
square__A_all__s7,399,0,500
square__A_all__s7,400,0,500
square__A_all__s7,401,0,500
square__A_all__s7,402,0,500
square__A_all__s7,403,1,276
square__A_all__s7,404,0,500
square__A_all__s7,405,1,252
square__A_all__s7,406,1,242
square__A_all__s7,407,1,318
square__A_all__s7,408,1,259
square__A_all__s7,409,0,500
square__A_all__s7,410,0,500
square__A_all__s7,411,0,500
square__A_all__s7,412,1,443
square__A_all__s7,413,0,500
square__A_all__s7,414,1,371
square__A_all__s7,415,0,500
square__A_all__s7,416,1,175
square__A_all__s7,417,1,248
square__A_all__s7,418,1,262
square__A_all__s7,419,1,276
square__A_all__s7,420,1,356
square__A_all__s7,421,0,500
square__A_all__s7,422,0,500
square__A_all__s7,423,0,500
square__A_all__s7,424,0,500
square__A_all__s7,425,1,241
square__A_all__s7,426,1,250
square__A_all__s7,427,1,458
square__A_all__s7,428,1,309
square__A_all__s7,429,1,235
square__A_all__s7,430,1,304
square__A_all__s7,431,0,500
square__A_all__s7,432,1,172
square__A_all__s7,433,1,370
square__A_all__s7,434,0,500
square__A_all__s7,435,1,231
square__A_all__s7,436,1,423
square__A_all__s7,437,1,222
square__A_all__s7,438,1,214
square__A_all__s7,439,1,179
square__A_all__s7,440,1,192
square__A_all__s7,441,0,500
square__A_all__s7,442,1,308
square__A_all__s7,443,0,500
square__A_all__s7,444,1,169
square__A_all__s7,445,0,500
square__A_all__s7,446,1,377
square__A_all__s7,447,1,281
square__A_all__s7,448,0,500
square__A_all__s7,449,1,292
square__A_all__s7,450,1,201
square__A_all__s7,451,0,500
square__A_all__s7,452,0,500
square__A_all__s7,453,1,192
square__A_all__s7,454,1,311
square__A_all__s7,455,1,282
square__A_all__s7,456,0,500
square__A_all__s7,457,0,500
square__A_all__s7,458,0,500
square__A_all__s7,459,1,222
square__A_all__s7,460,0,500
square__A_all__s7,461,1,230
square__A_all__s7,462,0,500
square__A_all__s7,463,1,238
square__A_all__s7,464,1,403
square__A_all__s7,465,1,287
square__A_all__s7,466,1,266
square__A_all__s7,467,1,403
square__A_all__s7,468,0,500
square__A_all__s7,469,1,289
square__A_all__s7,470,0,500
square__A_all__s7,471,0,500
square__A_all__s7,472,0,500
square__A_all__s7,473,0,500
square__A_all__s7,474,1,190
square__A_all__s7,475,1,296
square__A_all__s7,476,1,243
square__A_all__s7,477,0,500
square__A_all__s7,478,0,500
square__A_all__s7,479,0,500
square__A_all__s7,480,0,500
square__A_all__s7,481,1,283
square__A_all__s7,482,0,500
square__A_all__s7,483,1,282
square__A_all__s7,484,0,500
square__A_all__s7,485,1,269
square__A_all__s7,486,1,241
square__A_all__s7,487,1,201
square__A_all__s7,488,1,489
square__A_all__s7,489,1,388
square__A_all__s7,490,1,358
square__A_all__s7,491,1,224
square__A_all__s7,492,1,222
square__A_all__s7,493,1,281
square__A_all__s7,494,0,500
square__A_all__s7,495,1,280
square__A_all__s7,496,0,500
square__A_all__s7,497,1,261
square__A_all__s7,498,1,200
square__A_all__s7,499,1,432
square__A_all__s8,0,1,230
square__A_all__s8,1,1,179
square__A_all__s8,2,0,500
square__A_all__s8,3,1,430
square__A_all__s8,4,0,500
square__A_all__s8,5,0,500
square__A_all__s8,6,1,300
square__A_all__s8,7,0,500
square__A_all__s8,8,1,192
square__A_all__s8,9,0,500
square__A_all__s8,10,1,220
square__A_all__s8,11,0,500
square__A_all__s8,12,0,500
square__A_all__s8,13,1,248
square__A_all__s8,14,0,500
square__A_all__s8,15,1,185
square__A_all__s8,16,0,500
square__A_all__s8,17,0,500
square__A_all__s8,18,1,230
square__A_all__s8,19,1,252
square__A_all__s8,20,0,500
square__A_all__s8,21,1,370
square__A_all__s8,22,1,191
square__A_all__s8,23,1,171
square__A_all__s8,24,1,464
square__A_all__s8,25,0,500
square__A_all__s8,26,1,160
square__A_all__s8,27,0,500
square__A_all__s8,28,1,203
square__A_all__s8,29,1,182
square__A_all__s8,30,1,220
square__A_all__s8,31,0,500
square__A_all__s8,32,1,240
square__A_all__s8,33,1,226
square__A_all__s8,34,1,216
square__A_all__s8,35,1,248
square__A_all__s8,36,1,319
square__A_all__s8,37,1,235
square__A_all__s8,38,1,436
square__A_all__s8,39,1,198
square__A_all__s8,40,0,500
square__A_all__s8,41,1,262
square__A_all__s8,42,1,223
square__A_all__s8,43,0,500
square__A_all__s8,44,1,239
square__A_all__s8,45,1,220
square__A_all__s8,46,1,324
square__A_all__s8,47,0,500
square__A_all__s8,48,0,500
square__A_all__s8,49,1,182
square__A_all__s8,50,1,188
square__A_all__s8,51,0,500
square__A_all__s8,52,1,227
square__A_all__s8,53,1,200
square__A_all__s8,54,0,500
square__A_all__s8,55,0,500
square__A_all__s8,56,0,500
square__A_all__s8,57,1,253
square__A_all__s8,58,1,170
square__A_all__s8,59,1,252
square__A_all__s8,60,1,178
square__A_all__s8,61,1,240
square__A_all__s8,62,1,191
square__A_all__s8,63,0,500
square__A_all__s8,64,1,239
square__A_all__s8,65,0,500
square__A_all__s8,66,1,349
square__A_all__s8,67,1,172
square__A_all__s8,68,1,196
square__A_all__s8,69,0,500
square__A_all__s8,70,1,367
square__A_all__s8,71,0,500
square__A_all__s8,72,1,412
square__A_all__s8,73,1,157
square__A_all__s8,74,1,159
square__A_all__s8,75,1,170
square__A_all__s8,76,1,296
square__A_all__s8,77,1,178
square__A_all__s8,78,0,500
square__A_all__s8,79,1,217
square__A_all__s8,80,1,199
square__A_all__s8,81,1,346
square__A_all__s8,82,1,190
square__A_all__s8,83,1,319
square__A_all__s8,84,1,320
square__A_all__s8,85,1,162
square__A_all__s8,86,0,500
square__A_all__s8,87,0,500
square__A_all__s8,88,1,199
square__A_all__s8,89,1,197
square__A_all__s8,90,0,500
square__A_all__s8,91,1,410
square__A_all__s8,92,0,500
square__A_all__s8,93,0,500
square__A_all__s8,94,1,155
square__A_all__s8,95,0,500
square__A_all__s8,96,1,216
square__A_all__s8,97,1,432
square__A_all__s8,98,1,159
square__A_all__s8,99,1,251
square__A_all__s8,100,1,211
square__A_all__s8,101,1,249
square__A_all__s8,102,0,500
square__A_all__s8,103,1,171
square__A_all__s8,104,1,158
square__A_all__s8,105,0,500
square__A_all__s8,106,1,222
square__A_all__s8,107,1,347
square__A_all__s8,108,1,198
square__A_all__s8,109,1,301
square__A_all__s8,110,1,208
square__A_all__s8,111,1,412
square__A_all__s8,112,1,221
square__A_all__s8,113,0,500
square__A_all__s8,114,1,163
square__A_all__s8,115,1,380
square__A_all__s8,116,1,249
square__A_all__s8,117,1,183
square__A_all__s8,118,0,500
square__A_all__s8,119,1,181
square__A_all__s8,120,1,239
square__A_all__s8,121,1,260
square__A_all__s8,122,0,500
square__A_all__s8,123,0,500
square__A_all__s8,124,1,265
square__A_all__s8,125,0,500
square__A_all__s8,126,1,227
square__A_all__s8,127,1,441
square__A_all__s8,128,0,500
square__A_all__s8,129,0,500
square__A_all__s8,130,1,270
square__A_all__s8,131,1,160
square__A_all__s8,132,1,232
square__A_all__s8,133,1,207
square__A_all__s8,134,1,203
square__A_all__s8,135,0,500
square__A_all__s8,136,1,349
square__A_all__s8,137,1,199
square__A_all__s8,138,1,182
square__A_all__s8,139,1,231
square__A_all__s8,140,0,500
square__A_all__s8,141,1,235
square__A_all__s8,142,1,280
square__A_all__s8,143,0,500
square__A_all__s8,144,0,500
square__A_all__s8,145,0,500
square__A_all__s8,146,1,170
square__A_all__s8,147,0,500
square__A_all__s8,148,0,500
square__A_all__s8,149,1,378
square__A_all__s8,150,1,201
square__A_all__s8,151,1,187
square__A_all__s8,152,1,170
square__A_all__s8,153,0,500
square__A_all__s8,154,1,239
square__A_all__s8,155,0,500
square__A_all__s8,156,0,500
square__A_all__s8,157,1,362
square__A_all__s8,158,1,231
square__A_all__s8,159,1,430
square__A_all__s8,160,1,189
square__A_all__s8,161,0,500
square__A_all__s8,162,1,204
square__A_all__s8,163,1,248
square__A_all__s8,164,0,500
square__A_all__s8,165,1,252
square__A_all__s8,166,0,500
square__A_all__s8,167,1,249
square__A_all__s8,168,0,500
square__A_all__s8,169,1,319
square__A_all__s8,170,1,270
square__A_all__s8,171,0,500
square__A_all__s8,172,1,252
square__A_all__s8,173,1,262
square__A_all__s8,174,0,500
square__A_all__s8,175,1,432
square__A_all__s8,176,0,500
square__A_all__s8,177,1,225
square__A_all__s8,178,1,239
square__A_all__s8,179,1,332
square__A_all__s8,180,1,302
square__A_all__s8,181,0,500
square__A_all__s8,182,1,219
square__A_all__s8,183,1,221
square__A_all__s8,184,1,179
square__A_all__s8,185,1,182
square__A_all__s8,186,0,500
square__A_all__s8,187,1,260
square__A_all__s8,188,0,500
square__A_all__s8,189,0,500
square__A_all__s8,190,1,179
square__A_all__s8,191,1,184
square__A_all__s8,192,0,500
square__A_all__s8,193,1,183
square__A_all__s8,194,1,217
square__A_all__s8,195,1,201
square__A_all__s8,196,1,283
square__A_all__s8,197,1,223
square__A_all__s8,198,0,500
square__A_all__s8,199,1,171
square__A_all__s8,200,0,500
square__A_all__s8,201,0,500
square__A_all__s8,202,1,212
square__A_all__s8,203,1,326
square__A_all__s8,204,0,500
square__A_all__s8,205,0,500
square__A_all__s8,206,1,292
square__A_all__s8,207,1,211
square__A_all__s8,208,0,500
square__A_all__s8,209,1,381
square__A_all__s8,210,1,178
square__A_all__s8,211,1,192
square__A_all__s8,212,1,301
square__A_all__s8,213,1,420
square__A_all__s8,214,1,293
square__A_all__s8,215,0,500
square__A_all__s8,216,1,321
square__A_all__s8,217,0,500
square__A_all__s8,218,1,433
square__A_all__s8,219,0,500
square__A_all__s8,220,1,189
square__A_all__s8,221,1,250
square__A_all__s8,222,1,196
square__A_all__s8,223,0,500
square__A_all__s8,224,1,251
square__A_all__s8,225,0,500
square__A_all__s8,226,0,500
square__A_all__s8,227,0,500
square__A_all__s8,228,1,202
square__A_all__s8,229,1,243
square__A_all__s8,230,1,159
square__A_all__s8,231,0,500
square__A_all__s8,232,0,500
square__A_all__s8,233,1,486
square__A_all__s8,234,1,235
square__A_all__s8,235,1,179
square__A_all__s8,236,1,240
square__A_all__s8,237,1,457
square__A_all__s8,238,1,220
square__A_all__s8,239,1,173
square__A_all__s8,240,1,170
square__A_all__s8,241,0,500
square__A_all__s8,242,1,368
square__A_all__s8,243,1,248
square__A_all__s8,244,1,181
square__A_all__s8,245,0,500
square__A_all__s8,246,1,266
square__A_all__s8,247,0,500
square__A_all__s8,248,1,242
square__A_all__s8,249,1,192
square__A_all__s8,250,1,211
square__A_all__s8,251,1,223
square__A_all__s8,252,1,310
square__A_all__s8,253,0,500
square__A_all__s8,254,1,261
square__A_all__s8,255,1,249
square__A_all__s8,256,1,161
square__A_all__s8,257,1,283
square__A_all__s8,258,1,295
square__A_all__s8,259,0,500
square__A_all__s8,260,1,201
square__A_all__s8,261,0,500
square__A_all__s8,262,1,229
square__A_all__s8,263,1,244
square__A_all__s8,264,1,181
square__A_all__s8,265,1,228
square__A_all__s8,266,0,500
square__A_all__s8,267,1,489
square__A_all__s8,268,1,169
square__A_all__s8,269,1,215
square__A_all__s8,270,1,264
square__A_all__s8,271,1,290
square__A_all__s8,272,1,299
square__A_all__s8,273,1,491
square__A_all__s8,274,1,222
square__A_all__s8,275,1,179
square__A_all__s8,276,1,241
square__A_all__s8,277,0,500
square__A_all__s8,278,1,223
square__A_all__s8,279,0,500
square__A_all__s8,280,0,500
square__A_all__s8,281,1,196
square__A_all__s8,282,0,500
square__A_all__s8,283,1,210
square__A_all__s8,284,1,208
square__A_all__s8,285,0,500
square__A_all__s8,286,1,278
square__A_all__s8,287,1,257
square__A_all__s8,288,0,500
square__A_all__s8,289,1,470
square__A_all__s8,290,0,500
square__A_all__s8,291,0,500
square__A_all__s8,292,1,242
square__A_all__s8,293,1,194
square__A_all__s8,294,0,500
square__A_all__s8,295,1,258
square__A_all__s8,296,1,203
square__A_all__s8,297,1,259
square__A_all__s8,298,1,222
square__A_all__s8,299,1,220
square__A_all__s8,300,0,500
square__A_all__s8,301,0,500
square__A_all__s8,302,1,251
square__A_all__s8,303,1,220
square__A_all__s8,304,1,319
square__A_all__s8,305,1,350
square__A_all__s8,306,1,257
square__A_all__s8,307,1,161
square__A_all__s8,308,1,269
square__A_all__s8,309,0,500
square__A_all__s8,310,1,190
square__A_all__s8,311,1,213
square__A_all__s8,312,1,214
square__A_all__s8,313,1,188
square__A_all__s8,314,1,388
square__A_all__s8,315,1,179
square__A_all__s8,316,1,203
square__A_all__s8,317,0,500
square__A_all__s8,318,1,413
square__A_all__s8,319,1,262
square__A_all__s8,320,0,500
square__A_all__s8,321,0,500
square__A_all__s8,322,1,285
square__A_all__s8,323,1,433
square__A_all__s8,324,0,500
square__A_all__s8,325,1,209
square__A_all__s8,326,0,500
square__A_all__s8,327,1,270
square__A_all__s8,328,0,500
square__A_all__s8,329,0,500
square__A_all__s8,330,0,500
square__A_all__s8,331,0,500
square__A_all__s8,332,1,176
square__A_all__s8,333,1,227
square__A_all__s8,334,0,500
square__A_all__s8,335,1,409
square__A_all__s8,336,0,500
square__A_all__s8,337,0,500
square__A_all__s8,338,1,289
square__A_all__s8,339,1,180
square__A_all__s8,340,1,261
square__A_all__s8,341,1,151
square__A_all__s8,342,0,500
square__A_all__s8,343,1,231
square__A_all__s8,344,0,500
square__A_all__s8,345,1,345
square__A_all__s8,346,1,361
square__A_all__s8,347,0,500
square__A_all__s8,348,1,242
square__A_all__s8,349,1,191
square__A_all__s8,350,1,319
square__A_all__s8,351,1,192
square__A_all__s8,352,1,170
square__A_all__s8,353,1,209
square__A_all__s8,354,1,227
square__A_all__s8,355,1,231
square__A_all__s8,356,1,214
square__A_all__s8,357,1,221
square__A_all__s8,358,0,500
square__A_all__s8,359,0,500
square__A_all__s8,360,0,500
square__A_all__s8,361,1,172
square__A_all__s8,362,0,500
square__A_all__s8,363,1,232
square__A_all__s8,364,0,500
square__A_all__s8,365,1,212
square__A_all__s8,366,1,228
square__A_all__s8,367,1,185
square__A_all__s8,368,0,500
square__A_all__s8,369,1,202
square__A_all__s8,370,1,321
square__A_all__s8,371,0,500
square__A_all__s8,372,0,500
square__A_all__s8,373,1,192
square__A_all__s8,374,0,500
square__A_all__s8,375,1,322
square__A_all__s8,376,0,500
square__A_all__s8,377,0,500
square__A_all__s8,378,0,500
square__A_all__s8,379,0,500
square__A_all__s8,380,1,327
square__A_all__s8,381,0,500
square__A_all__s8,382,1,207
square__A_all__s8,383,0,500
square__A_all__s8,384,0,500
square__A_all__s8,385,1,223
square__A_all__s8,386,0,500
square__A_all__s8,387,0,500
square__A_all__s8,388,1,315
square__A_all__s8,389,0,500
square__A_all__s8,390,1,399
square__A_all__s8,391,0,500
square__A_all__s8,392,1,286
square__A_all__s8,393,0,500
square__A_all__s8,394,1,243
square__A_all__s8,395,1,209
square__A_all__s8,396,1,418
square__A_all__s8,397,1,222
square__A_all__s8,398,1,340
square__A_all__s8,399,0,500
square__A_all__s8,400,1,195
square__A_all__s8,401,0,500
square__A_all__s8,402,0,500
square__A_all__s8,403,1,232
square__A_all__s8,404,1,160
square__A_all__s8,405,1,170
square__A_all__s8,406,1,201
square__A_all__s8,407,0,500
square__A_all__s8,408,1,195
square__A_all__s8,409,1,240
square__A_all__s8,410,0,500
square__A_all__s8,411,1,419
square__A_all__s8,412,1,259
square__A_all__s8,413,0,500
square__A_all__s8,414,1,209
square__A_all__s8,415,1,231
square__A_all__s8,416,1,161
square__A_all__s8,417,1,192
square__A_all__s8,418,1,172
square__A_all__s8,419,1,229
square__A_all__s8,420,0,500
square__A_all__s8,421,1,149
square__A_all__s8,422,1,490
square__A_all__s8,423,0,500
square__A_all__s8,424,0,500
square__A_all__s8,425,1,168
square__A_all__s8,426,1,188
square__A_all__s8,427,1,342
square__A_all__s8,428,0,500
square__A_all__s8,429,0,500
square__A_all__s8,430,0,500
square__A_all__s8,431,1,380
square__A_all__s8,432,1,220
square__A_all__s8,433,1,208
square__A_all__s8,434,0,500
square__A_all__s8,435,0,500
square__A_all__s8,436,1,179
square__A_all__s8,437,0,500
square__A_all__s8,438,1,204
square__A_all__s8,439,1,240
square__A_all__s8,440,0,500
square__A_all__s8,441,1,187
square__A_all__s8,442,1,264
square__A_all__s8,443,1,354
square__A_all__s8,444,0,500
square__A_all__s8,445,0,500
square__A_all__s8,446,1,493
square__A_all__s8,447,1,170
square__A_all__s8,448,1,339
square__A_all__s8,449,1,261
square__A_all__s8,450,1,191
square__A_all__s8,451,1,263
square__A_all__s8,452,1,323
square__A_all__s8,453,1,250
square__A_all__s8,454,1,282
square__A_all__s8,455,1,232
square__A_all__s8,456,0,500
square__A_all__s8,457,1,252
square__A_all__s8,458,0,500
square__A_all__s8,459,1,203
square__A_all__s8,460,1,311
square__A_all__s8,461,1,195
square__A_all__s8,462,0,500
square__A_all__s8,463,1,213
square__A_all__s8,464,0,500
square__A_all__s8,465,0,500
square__A_all__s8,466,1,188
square__A_all__s8,467,0,500
square__A_all__s8,468,1,169
square__A_all__s8,469,1,235
square__A_all__s8,470,0,500
square__A_all__s8,471,1,152
square__A_all__s8,472,1,299
square__A_all__s8,473,0,500
square__A_all__s8,474,1,189
square__A_all__s8,475,1,250
square__A_all__s8,476,1,220
square__A_all__s8,477,1,168
square__A_all__s8,478,0,500
square__A_all__s8,479,1,444
square__A_all__s8,480,0,500
square__A_all__s8,481,1,216
square__A_all__s8,482,0,500
square__A_all__s8,483,1,271
square__A_all__s8,484,1,491
square__A_all__s8,485,1,190
square__A_all__s8,486,1,223
square__A_all__s8,487,1,157
square__A_all__s8,488,0,500
square__A_all__s8,489,1,343
square__A_all__s8,490,1,187
square__A_all__s8,491,1,239
square__A_all__s8,492,1,287
square__A_all__s8,493,0,500
square__A_all__s8,494,0,500
square__A_all__s8,495,1,272
square__A_all__s8,496,1,173
square__A_all__s8,497,1,292
square__A_all__s8,498,1,228
square__A_all__s8,499,1,292
square__A_all__s9,0,0,500
square__A_all__s9,1,1,383
square__A_all__s9,2,1,387
square__A_all__s9,3,0,500
square__A_all__s9,4,1,326
square__A_all__s9,5,0,500
square__A_all__s9,6,0,500
square__A_all__s9,7,1,328
square__A_all__s9,8,0,500
square__A_all__s9,9,1,271
square__A_all__s9,10,1,412
square__A_all__s9,11,1,292
square__A_all__s9,12,0,500
square__A_all__s9,13,1,292
square__A_all__s9,14,0,500
square__A_all__s9,15,0,500
square__A_all__s9,16,0,500
square__A_all__s9,17,1,372
square__A_all__s9,18,1,233
square__A_all__s9,19,0,500
square__A_all__s9,20,0,500
square__A_all__s9,21,0,500
square__A_all__s9,22,1,231
square__A_all__s9,23,0,500
square__A_all__s9,24,1,279
square__A_all__s9,25,1,192
square__A_all__s9,26,1,240
square__A_all__s9,27,0,500
square__A_all__s9,28,1,220
square__A_all__s9,29,1,177
square__A_all__s9,30,0,500
square__A_all__s9,31,1,149
square__A_all__s9,32,0,500
square__A_all__s9,33,1,476
square__A_all__s9,34,1,201
square__A_all__s9,35,0,500
square__A_all__s9,36,0,500
square__A_all__s9,37,1,217
square__A_all__s9,38,0,500
square__A_all__s9,39,1,170
square__A_all__s9,40,0,500
square__A_all__s9,41,1,171
square__A_all__s9,42,0,500
square__A_all__s9,43,1,203
square__A_all__s9,44,1,291
square__A_all__s9,45,1,411
square__A_all__s9,46,1,162
square__A_all__s9,47,0,500
square__A_all__s9,48,0,500
square__A_all__s9,49,1,301
square__A_all__s9,50,1,324
square__A_all__s9,51,1,350
square__A_all__s9,52,0,500
square__A_all__s9,53,0,500
square__A_all__s9,54,0,500
square__A_all__s9,55,0,500
square__A_all__s9,56,1,220
square__A_all__s9,57,0,500
square__A_all__s9,58,1,171
square__A_all__s9,59,0,500
square__A_all__s9,60,1,251
square__A_all__s9,61,0,500
square__A_all__s9,62,1,209
square__A_all__s9,63,0,500
square__A_all__s9,64,1,330
square__A_all__s9,65,0,500
square__A_all__s9,66,0,500
square__A_all__s9,67,1,233
square__A_all__s9,68,0,500
square__A_all__s9,69,0,500
square__A_all__s9,70,1,356
square__A_all__s9,71,0,500
square__A_all__s9,72,0,500
square__A_all__s9,73,1,355
square__A_all__s9,74,0,500
square__A_all__s9,75,1,406
square__A_all__s9,76,0,500
square__A_all__s9,77,1,172
square__A_all__s9,78,1,182
square__A_all__s9,79,0,500
square__A_all__s9,80,0,500
square__A_all__s9,81,1,221
square__A_all__s9,82,0,500
square__A_all__s9,83,1,181
square__A_all__s9,84,0,500
square__A_all__s9,85,1,339
square__A_all__s9,86,0,500
square__A_all__s9,87,1,494
square__A_all__s9,88,0,500
square__A_all__s9,89,1,224
square__A_all__s9,90,0,500
square__A_all__s9,91,1,484
square__A_all__s9,92,1,288
square__A_all__s9,93,1,287
square__A_all__s9,94,0,500
square__A_all__s9,95,0,500
square__A_all__s9,96,0,500
square__A_all__s9,97,0,500
square__A_all__s9,98,0,500
square__A_all__s9,99,1,220
square__A_all__s9,100,1,219
square__A_all__s9,101,1,207
square__A_all__s9,102,1,480
square__A_all__s9,103,1,181
square__A_all__s9,104,0,500
square__A_all__s9,105,1,488
square__A_all__s9,106,0,500
square__A_all__s9,107,1,171
square__A_all__s9,108,1,196
square__A_all__s9,109,1,488
square__A_all__s9,110,0,500
square__A_all__s9,111,1,217
square__A_all__s9,112,1,194
square__A_all__s9,113,0,500
square__A_all__s9,114,0,500
square__A_all__s9,115,0,500
square__A_all__s9,116,1,190
square__A_all__s9,117,0,500
square__A_all__s9,118,1,190
square__A_all__s9,119,1,362
square__A_all__s9,120,1,186
square__A_all__s9,121,0,500
square__A_all__s9,122,0,500
square__A_all__s9,123,0,500
square__A_all__s9,124,0,500
square__A_all__s9,125,1,343
square__A_all__s9,126,1,200
square__A_all__s9,127,1,260
square__A_all__s9,128,1,413
square__A_all__s9,129,1,420
square__A_all__s9,130,1,258
square__A_all__s9,131,1,210
square__A_all__s9,132,1,175
square__A_all__s9,133,1,180
square__A_all__s9,134,1,265
square__A_all__s9,135,0,500
square__A_all__s9,136,1,211
square__A_all__s9,137,0,500
square__A_all__s9,138,1,304
square__A_all__s9,139,1,303
square__A_all__s9,140,0,500
square__A_all__s9,141,1,182
square__A_all__s9,142,0,500
square__A_all__s9,143,1,270
square__A_all__s9,144,1,320
square__A_all__s9,145,1,179
square__A_all__s9,146,0,500
square__A_all__s9,147,1,181
square__A_all__s9,148,0,500
square__A_all__s9,149,1,210
square__A_all__s9,150,0,500
square__A_all__s9,151,1,193
square__A_all__s9,152,1,171
square__A_all__s9,153,0,500
square__A_all__s9,154,1,219
square__A_all__s9,155,1,290
square__A_all__s9,156,1,260
square__A_all__s9,157,0,500
square__A_all__s9,158,0,500
square__A_all__s9,159,0,500
square__A_all__s9,160,1,148
square__A_all__s9,161,0,500
square__A_all__s9,162,1,248
square__A_all__s9,163,0,500
square__A_all__s9,164,1,262
square__A_all__s9,165,0,500
square__A_all__s9,166,0,500
square__A_all__s9,167,0,500
square__A_all__s9,168,1,215
square__A_all__s9,169,1,199
square__A_all__s9,170,1,188
square__A_all__s9,171,1,287
square__A_all__s9,172,1,254
square__A_all__s9,173,1,202
square__A_all__s9,174,1,161
square__A_all__s9,175,0,500
square__A_all__s9,176,1,194
square__A_all__s9,177,1,300
square__A_all__s9,178,1,169
square__A_all__s9,179,0,500
square__A_all__s9,180,0,500
square__A_all__s9,181,1,240
square__A_all__s9,182,1,234
square__A_all__s9,183,1,321
square__A_all__s9,184,0,500
square__A_all__s9,185,1,187
square__A_all__s9,186,0,500
square__A_all__s9,187,1,172
square__A_all__s9,188,1,300
square__A_all__s9,189,0,500
square__A_all__s9,190,1,140
square__A_all__s9,191,1,454
square__A_all__s9,192,1,180
square__A_all__s9,193,1,178
square__A_all__s9,194,0,500
square__A_all__s9,195,1,211
square__A_all__s9,196,1,421
square__A_all__s9,197,0,500
square__A_all__s9,198,1,257
square__A_all__s9,199,1,297
square__A_all__s9,200,0,500
square__A_all__s9,201,1,282
square__A_all__s9,202,1,203
square__A_all__s9,203,1,238
square__A_all__s9,204,1,376
square__A_all__s9,205,0,500
square__A_all__s9,206,1,209
square__A_all__s9,207,1,170
square__A_all__s9,208,1,191
square__A_all__s9,209,0,500
square__A_all__s9,210,1,229
square__A_all__s9,211,1,192
square__A_all__s9,212,1,215
square__A_all__s9,213,1,354
square__A_all__s9,214,1,286
square__A_all__s9,215,0,500
square__A_all__s9,216,0,500
square__A_all__s9,217,1,341
square__A_all__s9,218,0,500
square__A_all__s9,219,1,495
square__A_all__s9,220,0,500
square__A_all__s9,221,1,207
square__A_all__s9,222,1,321
square__A_all__s9,223,1,181
square__A_all__s9,224,1,172
square__A_all__s9,225,0,500
square__A_all__s9,226,1,222
square__A_all__s9,227,1,179
square__A_all__s9,228,1,238
square__A_all__s9,229,1,340
square__A_all__s9,230,0,500
square__A_all__s9,231,1,219
square__A_all__s9,232,1,309
square__A_all__s9,233,1,237
square__A_all__s9,234,0,500
square__A_all__s9,235,1,194
square__A_all__s9,236,1,255
square__A_all__s9,237,0,500
square__A_all__s9,238,0,500
square__A_all__s9,239,1,222
square__A_all__s9,240,0,500
square__A_all__s9,241,0,500
square__A_all__s9,242,0,500
square__A_all__s9,243,1,381
square__A_all__s9,244,1,250
square__A_all__s9,245,1,224
square__A_all__s9,246,1,202
square__A_all__s9,247,1,170
square__A_all__s9,248,1,399
square__A_all__s9,249,1,250
square__A_all__s9,250,1,249
square__A_all__s9,251,1,177
square__A_all__s9,252,1,171
square__A_all__s9,253,0,500
square__A_all__s9,254,0,500
square__A_all__s9,255,1,179
square__A_all__s9,256,1,222
square__A_all__s9,257,1,473
square__A_all__s9,258,1,380
square__A_all__s9,259,1,272
square__A_all__s9,260,1,178
square__A_all__s9,261,0,500
square__A_all__s9,262,1,335
square__A_all__s9,263,0,500
square__A_all__s9,264,1,189
square__A_all__s9,265,0,500
square__A_all__s9,266,0,500
square__A_all__s9,267,1,280
square__A_all__s9,268,1,375
square__A_all__s9,269,1,190
square__A_all__s9,270,1,243
square__A_all__s9,271,1,200
square__A_all__s9,272,1,207
square__A_all__s9,273,0,500
square__A_all__s9,274,0,500
square__A_all__s9,275,1,387
square__A_all__s9,276,1,302
square__A_all__s9,277,0,500
square__A_all__s9,278,1,325
square__A_all__s9,279,0,500
square__A_all__s9,280,1,221
square__A_all__s9,281,1,279
square__A_all__s9,282,0,500
square__A_all__s9,283,0,500
square__A_all__s9,284,0,500
square__A_all__s9,285,0,500
square__A_all__s9,286,1,202
square__A_all__s9,287,0,500
square__A_all__s9,288,0,500
square__A_all__s9,289,1,349
square__A_all__s9,290,1,347
square__A_all__s9,291,0,500
square__A_all__s9,292,1,382
square__A_all__s9,293,1,190
square__A_all__s9,294,1,453
square__A_all__s9,295,1,191
square__A_all__s9,296,1,149
square__A_all__s9,297,1,217
square__A_all__s9,298,1,251
square__A_all__s9,299,1,269
square__A_all__s9,300,1,160
square__A_all__s9,301,1,239
square__A_all__s9,302,1,170
square__A_all__s9,303,1,210
square__A_all__s9,304,1,319
square__A_all__s9,305,1,190
square__A_all__s9,306,1,354
square__A_all__s9,307,1,172
square__A_all__s9,308,0,500
square__A_all__s9,309,1,183
square__A_all__s9,310,1,211
square__A_all__s9,311,1,232
square__A_all__s9,312,1,182
square__A_all__s9,313,1,250
square__A_all__s9,314,1,302
square__A_all__s9,315,1,332
square__A_all__s9,316,1,173
square__A_all__s9,317,1,212
square__A_all__s9,318,1,370
square__A_all__s9,319,1,221
square__A_all__s9,320,1,197
square__A_all__s9,321,1,199
square__A_all__s9,322,1,340
square__A_all__s9,323,0,500
square__A_all__s9,324,0,500
square__A_all__s9,325,1,224
square__A_all__s9,326,1,309
square__A_all__s9,327,0,500
square__A_all__s9,328,0,500
square__A_all__s9,329,1,302
square__A_all__s9,330,0,500
square__A_all__s9,331,0,500
square__A_all__s9,332,1,177
square__A_all__s9,333,0,500
square__A_all__s9,334,1,367
square__A_all__s9,335,0,500
square__A_all__s9,336,1,220
square__A_all__s9,337,0,500
square__A_all__s9,338,1,182
square__A_all__s9,339,1,181
square__A_all__s9,340,1,268
square__A_all__s9,341,1,219
square__A_all__s9,342,0,500
square__A_all__s9,343,1,191
square__A_all__s9,344,1,311
square__A_all__s9,345,1,242
square__A_all__s9,346,0,500
square__A_all__s9,347,1,350
square__A_all__s9,348,1,199
square__A_all__s9,349,0,500
square__A_all__s9,350,1,211
square__A_all__s9,351,1,150
square__A_all__s9,352,1,213
square__A_all__s9,353,0,500
square__A_all__s9,354,0,500
square__A_all__s9,355,0,500
square__A_all__s9,356,1,190
square__A_all__s9,357,0,500
square__A_all__s9,358,1,320
square__A_all__s9,359,1,220
square__A_all__s9,360,1,350
square__A_all__s9,361,1,200
square__A_all__s9,362,1,187
square__A_all__s9,363,1,192
square__A_all__s9,364,1,232
square__A_all__s9,365,0,500
square__A_all__s9,366,0,500
square__A_all__s9,367,1,170
square__A_all__s9,368,0,500
square__A_all__s9,369,1,170
square__A_all__s9,370,1,356
square__A_all__s9,371,1,341
square__A_all__s9,372,1,243
square__A_all__s9,373,0,500
square__A_all__s9,374,1,276
square__A_all__s9,375,1,333
square__A_all__s9,376,0,500
square__A_all__s9,377,0,500
square__A_all__s9,378,1,252
square__A_all__s9,379,0,500
square__A_all__s9,380,0,500
square__A_all__s9,381,1,234
square__A_all__s9,382,0,500
square__A_all__s9,383,0,500
square__A_all__s9,384,0,500
square__A_all__s9,385,0,500
square__A_all__s9,386,1,212
square__A_all__s9,387,1,239
square__A_all__s9,388,1,387
square__A_all__s9,389,0,500
square__A_all__s9,390,1,217
square__A_all__s9,391,1,379
square__A_all__s9,392,1,230
square__A_all__s9,393,0,500
square__A_all__s9,394,0,500
square__A_all__s9,395,1,173
square__A_all__s9,396,1,320
square__A_all__s9,397,1,200
square__A_all__s9,398,0,500
square__A_all__s9,399,1,247
square__A_all__s9,400,1,270
square__A_all__s9,401,0,500
square__A_all__s9,402,1,301
square__A_all__s9,403,0,500
square__A_all__s9,404,0,500
square__A_all__s9,405,0,500
square__A_all__s9,406,1,237
square__A_all__s9,407,1,221
square__A_all__s9,408,1,207
square__A_all__s9,409,1,306
square__A_all__s9,410,0,500
square__A_all__s9,411,0,500
square__A_all__s9,412,1,222
square__A_all__s9,413,0,500
square__A_all__s9,414,1,371
square__A_all__s9,415,1,320
square__A_all__s9,416,1,171
square__A_all__s9,417,1,225
square__A_all__s9,418,1,279
square__A_all__s9,419,1,177
square__A_all__s9,420,0,500
square__A_all__s9,421,1,287
square__A_all__s9,422,0,500
square__A_all__s9,423,1,395
square__A_all__s9,424,0,500
square__A_all__s9,425,1,361
square__A_all__s9,426,0,500
square__A_all__s9,427,1,343
square__A_all__s9,428,1,429
square__A_all__s9,429,0,500
square__A_all__s9,430,1,272
square__A_all__s9,431,1,196
square__A_all__s9,432,1,262
square__A_all__s9,433,1,219
square__A_all__s9,434,1,212
square__A_all__s9,435,1,208
square__A_all__s9,436,1,151
square__A_all__s9,437,1,220
square__A_all__s9,438,1,172
square__A_all__s9,439,1,140
square__A_all__s9,440,0,500
square__A_all__s9,441,1,290
square__A_all__s9,442,0,500
square__A_all__s9,443,0,500
square__A_all__s9,444,1,278
square__A_all__s9,445,0,500
square__A_all__s9,446,1,470
square__A_all__s9,447,0,500
square__A_all__s9,448,1,207
square__A_all__s9,449,1,225
square__A_all__s9,450,1,152
square__A_all__s9,451,0,500
square__A_all__s9,452,0,500
square__A_all__s9,453,1,299
square__A_all__s9,454,0,500
square__A_all__s9,455,1,219
square__A_all__s9,456,1,187
square__A_all__s9,457,1,319
square__A_all__s9,458,0,500
square__A_all__s9,459,1,179
square__A_all__s9,460,1,229
square__A_all__s9,461,1,251
square__A_all__s9,462,0,500
square__A_all__s9,463,0,500
square__A_all__s9,464,0,500
square__A_all__s9,465,1,292
square__A_all__s9,466,1,312
square__A_all__s9,467,0,500
square__A_all__s9,468,1,312
square__A_all__s9,469,1,242
square__A_all__s9,470,1,462
square__A_all__s9,471,1,159
square__A_all__s9,472,0,500
square__A_all__s9,473,1,212
square__A_all__s9,474,1,188
square__A_all__s9,475,1,228
square__A_all__s9,476,1,180
square__A_all__s9,477,0,500
square__A_all__s9,478,0,500
square__A_all__s9,479,0,500
square__A_all__s9,480,1,207
square__A_all__s9,481,1,400
square__A_all__s9,482,1,203
square__A_all__s9,483,1,232
square__A_all__s9,484,1,176
square__A_all__s9,485,1,161
square__A_all__s9,486,1,244
square__A_all__s9,487,0,500
square__A_all__s9,488,0,500
square__A_all__s9,489,0,500
square__A_all__s9,490,1,217
square__A_all__s9,491,1,214
square__A_all__s9,492,0,500
square__A_all__s9,493,1,229
square__A_all__s9,494,1,494
square__A_all__s9,495,1,300
square__A_all__s9,496,1,469
square__A_all__s9,497,1,185
square__A_all__s9,498,1,308
square__A_all__s9,499,1,308
square__B_drop_better_operator_1__s1,0,0,500
square__B_drop_better_operator_1__s1,1,0,500
square__B_drop_better_operator_1__s1,2,1,259
square__B_drop_better_operator_1__s1,3,0,500
square__B_drop_better_operator_1__s1,4,1,291
square__B_drop_better_operator_1__s1,5,1,196
square__B_drop_better_operator_1__s1,6,1,331
square__B_drop_better_operator_1__s1,7,1,281
square__B_drop_better_operator_1__s1,8,0,500
square__B_drop_better_operator_1__s1,9,0,500
square__B_drop_better_operator_1__s1,10,1,259
square__B_drop_better_operator_1__s1,11,0,500
square__B_drop_better_operator_1__s1,12,1,345
square__B_drop_better_operator_1__s1,13,0,500
square__B_drop_better_operator_1__s1,14,0,500
square__B_drop_better_operator_1__s1,15,0,500
square__B_drop_better_operator_1__s1,16,1,363
square__B_drop_better_operator_1__s1,17,1,328
square__B_drop_better_operator_1__s1,18,1,271
square__B_drop_better_operator_1__s1,19,1,359
square__B_drop_better_operator_1__s1,20,1,292
square__B_drop_better_operator_1__s1,21,0,500
square__B_drop_better_operator_1__s1,22,1,342
square__B_drop_better_operator_1__s1,23,1,192
square__B_drop_better_operator_1__s1,24,1,291
square__B_drop_better_operator_1__s1,25,1,291
square__B_drop_better_operator_1__s1,26,1,405
square__B_drop_better_operator_1__s1,27,0,500
square__B_drop_better_operator_1__s1,28,1,210
square__B_drop_better_operator_1__s1,29,0,500
square__B_drop_better_operator_1__s1,30,1,220
square__B_drop_better_operator_1__s1,31,0,500
square__B_drop_better_operator_1__s1,32,1,315
square__B_drop_better_operator_1__s1,33,1,270
square__B_drop_better_operator_1__s1,34,1,389
square__B_drop_better_operator_1__s1,35,0,500
square__B_drop_better_operator_1__s1,36,1,500
square__B_drop_better_operator_1__s1,37,0,500
square__B_drop_better_operator_1__s1,38,0,500
square__B_drop_better_operator_1__s1,39,1,177
square__B_drop_better_operator_1__s1,40,0,500
square__B_drop_better_operator_1__s1,41,1,199
square__B_drop_better_operator_1__s1,42,1,273
square__B_drop_better_operator_1__s1,43,0,500
square__B_drop_better_operator_1__s1,44,1,241
square__B_drop_better_operator_1__s1,45,1,292
square__B_drop_better_operator_1__s1,46,1,268
square__B_drop_better_operator_1__s1,47,0,500
square__B_drop_better_operator_1__s1,48,0,500
square__B_drop_better_operator_1__s1,49,1,187
square__B_drop_better_operator_1__s1,50,0,500
square__B_drop_better_operator_1__s1,51,0,500
square__B_drop_better_operator_1__s1,52,0,500
square__B_drop_better_operator_1__s1,53,1,302
square__B_drop_better_operator_1__s1,54,0,500
square__B_drop_better_operator_1__s1,55,1,332
square__B_drop_better_operator_1__s1,56,0,500
square__B_drop_better_operator_1__s1,57,0,500
square__B_drop_better_operator_1__s1,58,1,180
square__B_drop_better_operator_1__s1,59,1,233
square__B_drop_better_operator_1__s1,60,1,227
square__B_drop_better_operator_1__s1,61,1,230
square__B_drop_better_operator_1__s1,62,0,500
square__B_drop_better_operator_1__s1,63,0,500
square__B_drop_better_operator_1__s1,64,1,258
square__B_drop_better_operator_1__s1,65,0,500
square__B_drop_better_operator_1__s1,66,0,500
square__B_drop_better_operator_1__s1,67,1,340
square__B_drop_better_operator_1__s1,68,1,210
square__B_drop_better_operator_1__s1,69,1,203
square__B_drop_better_operator_1__s1,70,1,271
square__B_drop_better_operator_1__s1,71,1,430
square__B_drop_better_operator_1__s1,72,0,500
square__B_drop_better_operator_1__s1,73,0,500
square__B_drop_better_operator_1__s1,74,1,204
square__B_drop_better_operator_1__s1,75,0,500
square__B_drop_better_operator_1__s1,76,0,500
square__B_drop_better_operator_1__s1,77,1,330
square__B_drop_better_operator_1__s1,78,1,241
square__B_drop_better_operator_1__s1,79,0,500
square__B_drop_better_operator_1__s1,80,1,202
square__B_drop_better_operator_1__s1,81,1,218
square__B_drop_better_operator_1__s1,82,0,500
square__B_drop_better_operator_1__s1,83,1,240
square__B_drop_better_operator_1__s1,84,1,299
square__B_drop_better_operator_1__s1,85,0,500
square__B_drop_better_operator_1__s1,86,0,500
square__B_drop_better_operator_1__s1,87,0,500
square__B_drop_better_operator_1__s1,88,1,492
square__B_drop_better_operator_1__s1,89,1,292
square__B_drop_better_operator_1__s1,90,1,207
square__B_drop_better_operator_1__s1,91,1,433
square__B_drop_better_operator_1__s1,92,1,201
square__B_drop_better_operator_1__s1,93,1,441
square__B_drop_better_operator_1__s1,94,1,192
square__B_drop_better_operator_1__s1,95,1,500
square__B_drop_better_operator_1__s1,96,1,349
square__B_drop_better_operator_1__s1,97,0,500
square__B_drop_better_operator_1__s1,98,1,200
square__B_drop_better_operator_1__s1,99,1,281
square__B_drop_better_operator_1__s1,100,1,190
square__B_drop_better_operator_1__s1,101,1,439
square__B_drop_better_operator_1__s1,102,1,397
square__B_drop_better_operator_1__s1,103,0,500
square__B_drop_better_operator_1__s1,104,0,500
square__B_drop_better_operator_1__s1,105,0,500
square__B_drop_better_operator_1__s1,106,0,500
square__B_drop_better_operator_1__s1,107,1,193
square__B_drop_better_operator_1__s1,108,1,180
square__B_drop_better_operator_1__s1,109,0,500
square__B_drop_better_operator_1__s1,110,0,500
square__B_drop_better_operator_1__s1,111,0,500
square__B_drop_better_operator_1__s1,112,0,500
square__B_drop_better_operator_1__s1,113,1,460
square__B_drop_better_operator_1__s1,114,0,500
square__B_drop_better_operator_1__s1,115,1,337
square__B_drop_better_operator_1__s1,116,1,260
square__B_drop_better_operator_1__s1,117,0,500
square__B_drop_better_operator_1__s1,118,1,370
square__B_drop_better_operator_1__s1,119,0,500
square__B_drop_better_operator_1__s1,120,1,281
square__B_drop_better_operator_1__s1,121,1,292
square__B_drop_better_operator_1__s1,122,1,261
square__B_drop_better_operator_1__s1,123,1,269
square__B_drop_better_operator_1__s1,124,1,302
square__B_drop_better_operator_1__s1,125,1,252
square__B_drop_better_operator_1__s1,126,1,300
square__B_drop_better_operator_1__s1,127,1,278
square__B_drop_better_operator_1__s1,128,1,440
square__B_drop_better_operator_1__s1,129,1,200
square__B_drop_better_operator_1__s1,130,1,324
square__B_drop_better_operator_1__s1,131,0,500
square__B_drop_better_operator_1__s1,132,1,357
square__B_drop_better_operator_1__s1,133,1,220
square__B_drop_better_operator_1__s1,134,1,220
square__B_drop_better_operator_1__s1,135,0,500
square__B_drop_better_operator_1__s1,136,1,299
square__B_drop_better_operator_1__s1,137,1,311
square__B_drop_better_operator_1__s1,138,0,500
square__B_drop_better_operator_1__s1,139,0,500
square__B_drop_better_operator_1__s1,140,0,500
square__B_drop_better_operator_1__s1,141,1,225
square__B_drop_better_operator_1__s1,142,1,436
square__B_drop_better_operator_1__s1,143,1,277
square__B_drop_better_operator_1__s1,144,1,263
square__B_drop_better_operator_1__s1,145,1,238
square__B_drop_better_operator_1__s1,146,1,212
square__B_drop_better_operator_1__s1,147,0,500
square__B_drop_better_operator_1__s1,148,0,500
square__B_drop_better_operator_1__s1,149,1,255
square__B_drop_better_operator_1__s1,150,1,483
square__B_drop_better_operator_1__s1,151,1,199
square__B_drop_better_operator_1__s1,152,1,240
square__B_drop_better_operator_1__s1,153,1,401
square__B_drop_better_operator_1__s1,154,1,211
square__B_drop_better_operator_1__s1,155,0,500
square__B_drop_better_operator_1__s1,156,0,500
square__B_drop_better_operator_1__s1,157,1,204
square__B_drop_better_operator_1__s1,158,1,220
square__B_drop_better_operator_1__s1,159,1,271
square__B_drop_better_operator_1__s1,160,1,202
square__B_drop_better_operator_1__s1,161,1,400
square__B_drop_better_operator_1__s1,162,1,447
square__B_drop_better_operator_1__s1,163,1,250
square__B_drop_better_operator_1__s1,164,0,500
square__B_drop_better_operator_1__s1,165,1,229
square__B_drop_better_operator_1__s1,166,0,500
square__B_drop_better_operator_1__s1,167,1,261
square__B_drop_better_operator_1__s1,168,0,500
square__B_drop_better_operator_1__s1,169,1,203
square__B_drop_better_operator_1__s1,170,0,500
square__B_drop_better_operator_1__s1,171,0,500
square__B_drop_better_operator_1__s1,172,1,304
square__B_drop_better_operator_1__s1,173,0,500
square__B_drop_better_operator_1__s1,174,0,500
square__B_drop_better_operator_1__s1,175,1,281
square__B_drop_better_operator_1__s1,176,1,399
square__B_drop_better_operator_1__s1,177,1,198
square__B_drop_better_operator_1__s1,178,1,289
square__B_drop_better_operator_1__s1,179,0,500
square__B_drop_better_operator_1__s1,180,1,241
square__B_drop_better_operator_1__s1,181,1,218
square__B_drop_better_operator_1__s1,182,0,500
square__B_drop_better_operator_1__s1,183,1,251
square__B_drop_better_operator_1__s1,184,1,212
square__B_drop_better_operator_1__s1,185,0,500
square__B_drop_better_operator_1__s1,186,0,500
square__B_drop_better_operator_1__s1,187,1,220
square__B_drop_better_operator_1__s1,188,0,500
square__B_drop_better_operator_1__s1,189,0,500
square__B_drop_better_operator_1__s1,190,1,192
square__B_drop_better_operator_1__s1,191,1,292
square__B_drop_better_operator_1__s1,192,0,500
square__B_drop_better_operator_1__s1,193,0,500
square__B_drop_better_operator_1__s1,194,1,352
square__B_drop_better_operator_1__s1,195,0,500
square__B_drop_better_operator_1__s1,196,1,192
square__B_drop_better_operator_1__s1,197,0,500
square__B_drop_better_operator_1__s1,198,1,282
square__B_drop_better_operator_1__s1,199,1,271
square__B_drop_better_operator_1__s1,200,1,371
square__B_drop_better_operator_1__s1,201,0,500
square__B_drop_better_operator_1__s1,202,1,202
square__B_drop_better_operator_1__s1,203,1,221
square__B_drop_better_operator_1__s1,204,0,500
square__B_drop_better_operator_1__s1,205,0,500
square__B_drop_better_operator_1__s1,206,1,340
square__B_drop_better_operator_1__s1,207,0,500
square__B_drop_better_operator_1__s1,208,0,500
square__B_drop_better_operator_1__s1,209,0,500
square__B_drop_better_operator_1__s1,210,0,500
square__B_drop_better_operator_1__s1,211,1,370
square__B_drop_better_operator_1__s1,212,1,450
square__B_drop_better_operator_1__s1,213,0,500
square__B_drop_better_operator_1__s1,214,1,259
square__B_drop_better_operator_1__s1,215,0,500
square__B_drop_better_operator_1__s1,216,1,349
square__B_drop_better_operator_1__s1,217,1,269
square__B_drop_better_operator_1__s1,218,0,500
square__B_drop_better_operator_1__s1,219,0,500
square__B_drop_better_operator_1__s1,220,1,246
square__B_drop_better_operator_1__s1,221,1,371
square__B_drop_better_operator_1__s1,222,0,500
square__B_drop_better_operator_1__s1,223,1,208
square__B_drop_better_operator_1__s1,224,0,500
square__B_drop_better_operator_1__s1,225,0,500
square__B_drop_better_operator_1__s1,226,1,250
square__B_drop_better_operator_1__s1,227,1,182
square__B_drop_better_operator_1__s1,228,1,392
square__B_drop_better_operator_1__s1,229,1,300
square__B_drop_better_operator_1__s1,230,1,308
square__B_drop_better_operator_1__s1,231,1,262
square__B_drop_better_operator_1__s1,232,1,308
square__B_drop_better_operator_1__s1,233,0,500
square__B_drop_better_operator_1__s1,234,0,500
square__B_drop_better_operator_1__s1,235,1,299
square__B_drop_better_operator_1__s1,236,0,500
square__B_drop_better_operator_1__s1,237,0,500
square__B_drop_better_operator_1__s1,238,1,293
square__B_drop_better_operator_1__s1,239,1,253
square__B_drop_better_operator_1__s1,240,1,272
square__B_drop_better_operator_1__s1,241,0,500
square__B_drop_better_operator_1__s1,242,1,291
square__B_drop_better_operator_1__s1,243,1,249
square__B_drop_better_operator_1__s1,244,1,262
square__B_drop_better_operator_1__s1,245,1,261
square__B_drop_better_operator_1__s1,246,1,291
square__B_drop_better_operator_1__s1,247,1,217
square__B_drop_better_operator_1__s1,248,1,318
square__B_drop_better_operator_1__s1,249,1,205
square__B_drop_better_operator_1__s1,250,1,211
square__B_drop_better_operator_1__s1,251,1,277
square__B_drop_better_operator_1__s1,252,1,209
square__B_drop_better_operator_1__s1,253,1,472
square__B_drop_better_operator_1__s1,254,1,281
square__B_drop_better_operator_1__s1,255,1,278
square__B_drop_better_operator_1__s1,256,1,225
square__B_drop_better_operator_1__s1,257,1,259
square__B_drop_better_operator_1__s1,258,1,261
square__B_drop_better_operator_1__s1,259,0,500
square__B_drop_better_operator_1__s1,260,0,500
square__B_drop_better_operator_1__s1,261,0,500
square__B_drop_better_operator_1__s1,262,1,281
square__B_drop_better_operator_1__s1,263,1,381
square__B_drop_better_operator_1__s1,264,1,270
square__B_drop_better_operator_1__s1,265,0,500
square__B_drop_better_operator_1__s1,266,0,500
square__B_drop_better_operator_1__s1,267,0,500
square__B_drop_better_operator_1__s1,268,1,329
square__B_drop_better_operator_1__s1,269,1,240
square__B_drop_better_operator_1__s1,270,1,220
square__B_drop_better_operator_1__s1,271,1,260
square__B_drop_better_operator_1__s1,272,1,191
square__B_drop_better_operator_1__s1,273,0,500
square__B_drop_better_operator_1__s1,274,1,284
square__B_drop_better_operator_1__s1,275,1,271
square__B_drop_better_operator_1__s1,276,0,500
square__B_drop_better_operator_1__s1,277,0,500
square__B_drop_better_operator_1__s1,278,1,343
square__B_drop_better_operator_1__s1,279,1,387
square__B_drop_better_operator_1__s1,280,1,282
square__B_drop_better_operator_1__s1,281,1,353
square__B_drop_better_operator_1__s1,282,0,500
square__B_drop_better_operator_1__s1,283,0,500
square__B_drop_better_operator_1__s1,284,0,500
square__B_drop_better_operator_1__s1,285,1,439
square__B_drop_better_operator_1__s1,286,0,500
square__B_drop_better_operator_1__s1,287,0,500
square__B_drop_better_operator_1__s1,288,1,420
square__B_drop_better_operator_1__s1,289,0,500
square__B_drop_better_operator_1__s1,290,1,182
square__B_drop_better_operator_1__s1,291,0,500
square__B_drop_better_operator_1__s1,292,1,228
square__B_drop_better_operator_1__s1,293,1,229
square__B_drop_better_operator_1__s1,294,0,500
square__B_drop_better_operator_1__s1,295,1,190
square__B_drop_better_operator_1__s1,296,1,171
square__B_drop_better_operator_1__s1,297,1,271
square__B_drop_better_operator_1__s1,298,1,279
square__B_drop_better_operator_1__s1,299,0,500
square__B_drop_better_operator_1__s1,300,0,500
square__B_drop_better_operator_1__s1,301,0,500
square__B_drop_better_operator_1__s1,302,1,270
square__B_drop_better_operator_1__s1,303,1,280
square__B_drop_better_operator_1__s1,304,0,500
square__B_drop_better_operator_1__s1,305,0,500
square__B_drop_better_operator_1__s1,306,1,280
square__B_drop_better_operator_1__s1,307,0,500
square__B_drop_better_operator_1__s1,308,1,269
square__B_drop_better_operator_1__s1,309,0,500
square__B_drop_better_operator_1__s1,310,1,366
square__B_drop_better_operator_1__s1,311,1,193
square__B_drop_better_operator_1__s1,312,1,208
square__B_drop_better_operator_1__s1,313,1,306
square__B_drop_better_operator_1__s1,314,1,282
square__B_drop_better_operator_1__s1,315,1,381
square__B_drop_better_operator_1__s1,316,1,198
square__B_drop_better_operator_1__s1,317,0,500
square__B_drop_better_operator_1__s1,318,0,500
square__B_drop_better_operator_1__s1,319,1,271
square__B_drop_better_operator_1__s1,320,0,500
square__B_drop_better_operator_1__s1,321,1,259
square__B_drop_better_operator_1__s1,322,0,500
square__B_drop_better_operator_1__s1,323,0,500
square__B_drop_better_operator_1__s1,324,1,358
square__B_drop_better_operator_1__s1,325,1,200
square__B_drop_better_operator_1__s1,326,0,500
square__B_drop_better_operator_1__s1,327,1,180
square__B_drop_better_operator_1__s1,328,0,500
square__B_drop_better_operator_1__s1,329,0,500
square__B_drop_better_operator_1__s1,330,0,500
square__B_drop_better_operator_1__s1,331,1,355
square__B_drop_better_operator_1__s1,332,1,422
square__B_drop_better_operator_1__s1,333,0,500
square__B_drop_better_operator_1__s1,334,0,500
square__B_drop_better_operator_1__s1,335,0,500
square__B_drop_better_operator_1__s1,336,1,212
square__B_drop_better_operator_1__s1,337,1,331
square__B_drop_better_operator_1__s1,338,1,220
square__B_drop_better_operator_1__s1,339,1,202
square__B_drop_better_operator_1__s1,340,1,261
square__B_drop_better_operator_1__s1,341,0,500
square__B_drop_better_operator_1__s1,342,1,202
square__B_drop_better_operator_1__s1,343,1,179
square__B_drop_better_operator_1__s1,344,1,192
square__B_drop_better_operator_1__s1,345,0,500
square__B_drop_better_operator_1__s1,346,1,209
square__B_drop_better_operator_1__s1,347,0,500
square__B_drop_better_operator_1__s1,348,0,500
square__B_drop_better_operator_1__s1,349,1,249
square__B_drop_better_operator_1__s1,350,1,343
square__B_drop_better_operator_1__s1,351,0,500
square__B_drop_better_operator_1__s1,352,1,331
square__B_drop_better_operator_1__s1,353,1,197
square__B_drop_better_operator_1__s1,354,0,500
square__B_drop_better_operator_1__s1,355,1,189
square__B_drop_better_operator_1__s1,356,1,234
square__B_drop_better_operator_1__s1,357,0,500
square__B_drop_better_operator_1__s1,358,1,384
square__B_drop_better_operator_1__s1,359,0,500
square__B_drop_better_operator_1__s1,360,0,500
square__B_drop_better_operator_1__s1,361,1,289
square__B_drop_better_operator_1__s1,362,0,500
square__B_drop_better_operator_1__s1,363,1,232
square__B_drop_better_operator_1__s1,364,1,238
square__B_drop_better_operator_1__s1,365,1,321
square__B_drop_better_operator_1__s1,366,0,500
square__B_drop_better_operator_1__s1,367,1,290
square__B_drop_better_operator_1__s1,368,0,500
square__B_drop_better_operator_1__s1,369,1,232
square__B_drop_better_operator_1__s1,370,1,311
square__B_drop_better_operator_1__s1,371,1,423
square__B_drop_better_operator_1__s1,372,0,500
square__B_drop_better_operator_1__s1,373,1,201
square__B_drop_better_operator_1__s1,374,0,500
square__B_drop_better_operator_1__s1,375,1,189
square__B_drop_better_operator_1__s1,376,1,232
square__B_drop_better_operator_1__s1,377,1,244
square__B_drop_better_operator_1__s1,378,1,191
square__B_drop_better_operator_1__s1,379,1,470
square__B_drop_better_operator_1__s1,380,0,500
square__B_drop_better_operator_1__s1,381,0,500
square__B_drop_better_operator_1__s1,382,1,232
square__B_drop_better_operator_1__s1,383,1,260
square__B_drop_better_operator_1__s1,384,1,289
square__B_drop_better_operator_1__s1,385,0,500
square__B_drop_better_operator_1__s1,386,0,500
square__B_drop_better_operator_1__s1,387,1,249
square__B_drop_better_operator_1__s1,388,1,379
square__B_drop_better_operator_1__s1,389,0,500
square__B_drop_better_operator_1__s1,390,1,261
square__B_drop_better_operator_1__s1,391,1,205
square__B_drop_better_operator_1__s1,392,1,212
square__B_drop_better_operator_1__s1,393,0,500
square__B_drop_better_operator_1__s1,394,1,450
square__B_drop_better_operator_1__s1,395,1,401
square__B_drop_better_operator_1__s1,396,0,500
square__B_drop_better_operator_1__s1,397,1,228
square__B_drop_better_operator_1__s1,398,0,500
square__B_drop_better_operator_1__s1,399,1,449
square__B_drop_better_operator_1__s1,400,0,500
square__B_drop_better_operator_1__s1,401,1,339
square__B_drop_better_operator_1__s1,402,1,261
square__B_drop_better_operator_1__s1,403,1,201
square__B_drop_better_operator_1__s1,404,0,500
square__B_drop_better_operator_1__s1,405,1,311
square__B_drop_better_operator_1__s1,406,1,200
square__B_drop_better_operator_1__s1,407,1,266
square__B_drop_better_operator_1__s1,408,1,327
square__B_drop_better_operator_1__s1,409,1,190
square__B_drop_better_operator_1__s1,410,0,500
square__B_drop_better_operator_1__s1,411,0,500
square__B_drop_better_operator_1__s1,412,1,222
square__B_drop_better_operator_1__s1,413,0,500
square__B_drop_better_operator_1__s1,414,1,221
square__B_drop_better_operator_1__s1,415,0,500
square__B_drop_better_operator_1__s1,416,1,227
square__B_drop_better_operator_1__s1,417,0,500
square__B_drop_better_operator_1__s1,418,1,222
square__B_drop_better_operator_1__s1,419,1,226
square__B_drop_better_operator_1__s1,420,0,500
square__B_drop_better_operator_1__s1,421,0,500
square__B_drop_better_operator_1__s1,422,0,500
square__B_drop_better_operator_1__s1,423,0,500
square__B_drop_better_operator_1__s1,424,0,500
square__B_drop_better_operator_1__s1,425,1,220
square__B_drop_better_operator_1__s1,426,0,500
square__B_drop_better_operator_1__s1,427,1,257
square__B_drop_better_operator_1__s1,428,1,319
square__B_drop_better_operator_1__s1,429,1,253
square__B_drop_better_operator_1__s1,430,1,206
square__B_drop_better_operator_1__s1,431,1,272
square__B_drop_better_operator_1__s1,432,1,483
square__B_drop_better_operator_1__s1,433,0,500
square__B_drop_better_operator_1__s1,434,1,350
square__B_drop_better_operator_1__s1,435,1,202
square__B_drop_better_operator_1__s1,436,1,200
square__B_drop_better_operator_1__s1,437,1,339
square__B_drop_better_operator_1__s1,438,1,232
square__B_drop_better_operator_1__s1,439,1,251
square__B_drop_better_operator_1__s1,440,1,331
square__B_drop_better_operator_1__s1,441,1,185
square__B_drop_better_operator_1__s1,442,0,500
square__B_drop_better_operator_1__s1,443,1,339
square__B_drop_better_operator_1__s1,444,1,438
square__B_drop_better_operator_1__s1,445,0,500
square__B_drop_better_operator_1__s1,446,0,500
square__B_drop_better_operator_1__s1,447,1,208
square__B_drop_better_operator_1__s1,448,1,282
square__B_drop_better_operator_1__s1,449,0,500
square__B_drop_better_operator_1__s1,450,1,210
square__B_drop_better_operator_1__s1,451,1,282
square__B_drop_better_operator_1__s1,452,1,178
square__B_drop_better_operator_1__s1,453,0,500
square__B_drop_better_operator_1__s1,454,1,224
square__B_drop_better_operator_1__s1,455,1,205
square__B_drop_better_operator_1__s1,456,0,500
square__B_drop_better_operator_1__s1,457,1,249
square__B_drop_better_operator_1__s1,458,1,330
square__B_drop_better_operator_1__s1,459,1,259
square__B_drop_better_operator_1__s1,460,1,202
square__B_drop_better_operator_1__s1,461,0,500
square__B_drop_better_operator_1__s1,462,0,500
square__B_drop_better_operator_1__s1,463,0,500
square__B_drop_better_operator_1__s1,464,1,367
square__B_drop_better_operator_1__s1,465,1,282
square__B_drop_better_operator_1__s1,466,0,500
square__B_drop_better_operator_1__s1,467,0,500
square__B_drop_better_operator_1__s1,468,1,360
square__B_drop_better_operator_1__s1,469,1,261
square__B_drop_better_operator_1__s1,470,0,500
square__B_drop_better_operator_1__s1,471,1,301
square__B_drop_better_operator_1__s1,472,1,307
square__B_drop_better_operator_1__s1,473,0,500
square__B_drop_better_operator_1__s1,474,0,500
square__B_drop_better_operator_1__s1,475,1,310
square__B_drop_better_operator_1__s1,476,1,230
square__B_drop_better_operator_1__s1,477,0,500
square__B_drop_better_operator_1__s1,478,1,209
square__B_drop_better_operator_1__s1,479,1,190
square__B_drop_better_operator_1__s1,480,0,500
square__B_drop_better_operator_1__s1,481,1,257
square__B_drop_better_operator_1__s1,482,1,187
square__B_drop_better_operator_1__s1,483,1,325
square__B_drop_better_operator_1__s1,484,0,500
square__B_drop_better_operator_1__s1,485,1,232
square__B_drop_better_operator_1__s1,486,1,199
square__B_drop_better_operator_1__s1,487,1,262
square__B_drop_better_operator_1__s1,488,1,230
square__B_drop_better_operator_1__s1,489,0,500
square__B_drop_better_operator_1__s1,490,0,500
square__B_drop_better_operator_1__s1,491,1,202
square__B_drop_better_operator_1__s1,492,1,310
square__B_drop_better_operator_1__s1,493,1,202
square__B_drop_better_operator_1__s1,494,0,500
square__B_drop_better_operator_1__s1,495,1,202
square__B_drop_better_operator_1__s1,496,1,412
square__B_drop_better_operator_1__s1,497,1,358
square__B_drop_better_operator_1__s1,498,1,269
square__B_drop_better_operator_1__s1,499,1,332
square__B_drop_better_operator_1__s2,0,1,249
square__B_drop_better_operator_1__s2,1,1,253
square__B_drop_better_operator_1__s2,2,0,500
square__B_drop_better_operator_1__s2,3,1,228
square__B_drop_better_operator_1__s2,4,1,499
square__B_drop_better_operator_1__s2,5,0,500
square__B_drop_better_operator_1__s2,6,1,191
square__B_drop_better_operator_1__s2,7,1,275
square__B_drop_better_operator_1__s2,8,1,220
square__B_drop_better_operator_1__s2,9,0,500
square__B_drop_better_operator_1__s2,10,0,500
square__B_drop_better_operator_1__s2,11,0,500
square__B_drop_better_operator_1__s2,12,0,500
square__B_drop_better_operator_1__s2,13,1,266
square__B_drop_better_operator_1__s2,14,0,500
square__B_drop_better_operator_1__s2,15,0,500
square__B_drop_better_operator_1__s2,16,1,282
square__B_drop_better_operator_1__s2,17,1,200
square__B_drop_better_operator_1__s2,18,1,258
square__B_drop_better_operator_1__s2,19,1,399
square__B_drop_better_operator_1__s2,20,1,417
square__B_drop_better_operator_1__s2,21,0,500
square__B_drop_better_operator_1__s2,22,1,302
square__B_drop_better_operator_1__s2,23,1,242
square__B_drop_better_operator_1__s2,24,0,500
square__B_drop_better_operator_1__s2,25,1,292
square__B_drop_better_operator_1__s2,26,1,351
square__B_drop_better_operator_1__s2,27,0,500
square__B_drop_better_operator_1__s2,28,0,500
square__B_drop_better_operator_1__s2,29,1,308
square__B_drop_better_operator_1__s2,30,1,209
square__B_drop_better_operator_1__s2,31,1,188
square__B_drop_better_operator_1__s2,32,0,500
square__B_drop_better_operator_1__s2,33,1,252
square__B_drop_better_operator_1__s2,34,1,216
square__B_drop_better_operator_1__s2,35,0,500
square__B_drop_better_operator_1__s2,36,1,193
square__B_drop_better_operator_1__s2,37,1,259
square__B_drop_better_operator_1__s2,38,0,500
square__B_drop_better_operator_1__s2,39,1,209
square__B_drop_better_operator_1__s2,40,1,389
square__B_drop_better_operator_1__s2,41,1,283
square__B_drop_better_operator_1__s2,42,1,472
square__B_drop_better_operator_1__s2,43,1,239
square__B_drop_better_operator_1__s2,44,1,261
square__B_drop_better_operator_1__s2,45,1,258
square__B_drop_better_operator_1__s2,46,1,192
square__B_drop_better_operator_1__s2,47,1,329
square__B_drop_better_operator_1__s2,48,0,500
square__B_drop_better_operator_1__s2,49,1,268
square__B_drop_better_operator_1__s2,50,1,199
square__B_drop_better_operator_1__s2,51,1,330
square__B_drop_better_operator_1__s2,52,0,500
square__B_drop_better_operator_1__s2,53,1,207
square__B_drop_better_operator_1__s2,54,1,254
square__B_drop_better_operator_1__s2,55,1,298
square__B_drop_better_operator_1__s2,56,1,299
square__B_drop_better_operator_1__s2,57,1,294
square__B_drop_better_operator_1__s2,58,1,220
square__B_drop_better_operator_1__s2,59,1,191
square__B_drop_better_operator_1__s2,60,1,235
square__B_drop_better_operator_1__s2,61,1,291
square__B_drop_better_operator_1__s2,62,1,259
square__B_drop_better_operator_1__s2,63,1,323
square__B_drop_better_operator_1__s2,64,0,500
square__B_drop_better_operator_1__s2,65,1,263
square__B_drop_better_operator_1__s2,66,1,201
square__B_drop_better_operator_1__s2,67,1,250
square__B_drop_better_operator_1__s2,68,1,227
square__B_drop_better_operator_1__s2,69,1,222
square__B_drop_better_operator_1__s2,70,0,500
square__B_drop_better_operator_1__s2,71,1,215
square__B_drop_better_operator_1__s2,72,0,500
square__B_drop_better_operator_1__s2,73,0,500
square__B_drop_better_operator_1__s2,74,0,500
square__B_drop_better_operator_1__s2,75,1,191
square__B_drop_better_operator_1__s2,76,0,500
square__B_drop_better_operator_1__s2,77,1,302
square__B_drop_better_operator_1__s2,78,0,500
square__B_drop_better_operator_1__s2,79,0,500
square__B_drop_better_operator_1__s2,80,1,199
square__B_drop_better_operator_1__s2,81,1,287
square__B_drop_better_operator_1__s2,82,1,269
square__B_drop_better_operator_1__s2,83,1,198
square__B_drop_better_operator_1__s2,84,1,292
square__B_drop_better_operator_1__s2,85,1,236
square__B_drop_better_operator_1__s2,86,0,500
square__B_drop_better_operator_1__s2,87,0,500
square__B_drop_better_operator_1__s2,88,0,500
square__B_drop_better_operator_1__s2,89,1,201
square__B_drop_better_operator_1__s2,90,1,229
square__B_drop_better_operator_1__s2,91,0,500
square__B_drop_better_operator_1__s2,92,1,258
square__B_drop_better_operator_1__s2,93,1,313
square__B_drop_better_operator_1__s2,94,1,281
square__B_drop_better_operator_1__s2,95,1,328
square__B_drop_better_operator_1__s2,96,1,202
square__B_drop_better_operator_1__s2,97,1,407
square__B_drop_better_operator_1__s2,98,1,176
square__B_drop_better_operator_1__s2,99,1,240
square__B_drop_better_operator_1__s2,100,1,190
square__B_drop_better_operator_1__s2,101,1,285
square__B_drop_better_operator_1__s2,102,0,500
square__B_drop_better_operator_1__s2,103,1,396
square__B_drop_better_operator_1__s2,104,0,500
square__B_drop_better_operator_1__s2,105,1,270
square__B_drop_better_operator_1__s2,106,0,500
square__B_drop_better_operator_1__s2,107,1,226
square__B_drop_better_operator_1__s2,108,1,205
square__B_drop_better_operator_1__s2,109,1,488
square__B_drop_better_operator_1__s2,110,1,272
square__B_drop_better_operator_1__s2,111,0,500
square__B_drop_better_operator_1__s2,112,1,261
square__B_drop_better_operator_1__s2,113,0,500
square__B_drop_better_operator_1__s2,114,0,500
square__B_drop_better_operator_1__s2,115,0,500
square__B_drop_better_operator_1__s2,116,1,228
square__B_drop_better_operator_1__s2,117,1,330
square__B_drop_better_operator_1__s2,118,1,220
square__B_drop_better_operator_1__s2,119,1,259
square__B_drop_better_operator_1__s2,120,1,314
square__B_drop_better_operator_1__s2,121,0,500
square__B_drop_better_operator_1__s2,122,0,500
square__B_drop_better_operator_1__s2,123,0,500
square__B_drop_better_operator_1__s2,124,0,500
square__B_drop_better_operator_1__s2,125,0,500
square__B_drop_better_operator_1__s2,126,1,448
square__B_drop_better_operator_1__s2,127,1,226
square__B_drop_better_operator_1__s2,128,0,500
square__B_drop_better_operator_1__s2,129,0,500
square__B_drop_better_operator_1__s2,130,0,500
square__B_drop_better_operator_1__s2,131,1,298
square__B_drop_better_operator_1__s2,132,0,500
square__B_drop_better_operator_1__s2,133,1,260
square__B_drop_better_operator_1__s2,134,0,500
square__B_drop_better_operator_1__s2,135,1,382
square__B_drop_better_operator_1__s2,136,0,500
square__B_drop_better_operator_1__s2,137,1,172
square__B_drop_better_operator_1__s2,138,0,500
square__B_drop_better_operator_1__s2,139,0,500
square__B_drop_better_operator_1__s2,140,0,500
square__B_drop_better_operator_1__s2,141,1,216
square__B_drop_better_operator_1__s2,142,0,500
square__B_drop_better_operator_1__s2,143,0,500
square__B_drop_better_operator_1__s2,144,0,500
square__B_drop_better_operator_1__s2,145,1,231
square__B_drop_better_operator_1__s2,146,0,500
square__B_drop_better_operator_1__s2,147,1,292
square__B_drop_better_operator_1__s2,148,0,500
square__B_drop_better_operator_1__s2,149,0,500
square__B_drop_better_operator_1__s2,150,0,500
square__B_drop_better_operator_1__s2,151,1,198
square__B_drop_better_operator_1__s2,152,1,220
square__B_drop_better_operator_1__s2,153,0,500
square__B_drop_better_operator_1__s2,154,0,500
square__B_drop_better_operator_1__s2,155,0,500
square__B_drop_better_operator_1__s2,156,0,500
square__B_drop_better_operator_1__s2,157,1,321
square__B_drop_better_operator_1__s2,158,0,500
square__B_drop_better_operator_1__s2,159,0,500
square__B_drop_better_operator_1__s2,160,1,488
square__B_drop_better_operator_1__s2,161,1,231
square__B_drop_better_operator_1__s2,162,1,203
square__B_drop_better_operator_1__s2,163,0,500
square__B_drop_better_operator_1__s2,164,1,248
square__B_drop_better_operator_1__s2,165,1,443
square__B_drop_better_operator_1__s2,166,0,500
square__B_drop_better_operator_1__s2,167,1,271
square__B_drop_better_operator_1__s2,168,0,500
square__B_drop_better_operator_1__s2,169,1,279
square__B_drop_better_operator_1__s2,170,0,500
square__B_drop_better_operator_1__s2,171,0,500
square__B_drop_better_operator_1__s2,172,1,269
square__B_drop_better_operator_1__s2,173,1,499
square__B_drop_better_operator_1__s2,174,1,399
square__B_drop_better_operator_1__s2,175,0,500
square__B_drop_better_operator_1__s2,176,1,347
square__B_drop_better_operator_1__s2,177,1,262
square__B_drop_better_operator_1__s2,178,1,420
square__B_drop_better_operator_1__s2,179,0,500
square__B_drop_better_operator_1__s2,180,1,293
square__B_drop_better_operator_1__s2,181,1,293
square__B_drop_better_operator_1__s2,182,0,500
square__B_drop_better_operator_1__s2,183,1,281
square__B_drop_better_operator_1__s2,184,0,500
square__B_drop_better_operator_1__s2,185,1,198
square__B_drop_better_operator_1__s2,186,0,500
square__B_drop_better_operator_1__s2,187,1,308
square__B_drop_better_operator_1__s2,188,0,500
square__B_drop_better_operator_1__s2,189,0,500
square__B_drop_better_operator_1__s2,190,1,210
square__B_drop_better_operator_1__s2,191,1,210
square__B_drop_better_operator_1__s2,192,1,225
square__B_drop_better_operator_1__s2,193,1,361
square__B_drop_better_operator_1__s2,194,1,343
square__B_drop_better_operator_1__s2,195,0,500
square__B_drop_better_operator_1__s2,196,1,208
square__B_drop_better_operator_1__s2,197,0,500
square__B_drop_better_operator_1__s2,198,1,232
square__B_drop_better_operator_1__s2,199,1,310
square__B_drop_better_operator_1__s2,200,1,311
square__B_drop_better_operator_1__s2,201,1,308
square__B_drop_better_operator_1__s2,202,1,259
square__B_drop_better_operator_1__s2,203,1,499
square__B_drop_better_operator_1__s2,204,0,500
square__B_drop_better_operator_1__s2,205,0,500
square__B_drop_better_operator_1__s2,206,1,282
square__B_drop_better_operator_1__s2,207,1,247
square__B_drop_better_operator_1__s2,208,0,500
square__B_drop_better_operator_1__s2,209,1,229
square__B_drop_better_operator_1__s2,210,0,500
square__B_drop_better_operator_1__s2,211,1,339
square__B_drop_better_operator_1__s2,212,1,282
square__B_drop_better_operator_1__s2,213,0,500
square__B_drop_better_operator_1__s2,214,0,500
square__B_drop_better_operator_1__s2,215,1,348
square__B_drop_better_operator_1__s2,216,0,500
square__B_drop_better_operator_1__s2,217,1,212
square__B_drop_better_operator_1__s2,218,0,500
square__B_drop_better_operator_1__s2,219,1,260
square__B_drop_better_operator_1__s2,220,1,218
square__B_drop_better_operator_1__s2,221,0,500
square__B_drop_better_operator_1__s2,222,0,500
square__B_drop_better_operator_1__s2,223,1,338
square__B_drop_better_operator_1__s2,224,0,500
square__B_drop_better_operator_1__s2,225,0,500
square__B_drop_better_operator_1__s2,226,1,256
square__B_drop_better_operator_1__s2,227,1,269
square__B_drop_better_operator_1__s2,228,1,229
square__B_drop_better_operator_1__s2,229,1,333
square__B_drop_better_operator_1__s2,230,1,222
square__B_drop_better_operator_1__s2,231,0,500
square__B_drop_better_operator_1__s2,232,1,411
square__B_drop_better_operator_1__s2,233,1,190
square__B_drop_better_operator_1__s2,234,0,500
square__B_drop_better_operator_1__s2,235,1,237
square__B_drop_better_operator_1__s2,236,0,500
square__B_drop_better_operator_1__s2,237,1,387
square__B_drop_better_operator_1__s2,238,0,500
square__B_drop_better_operator_1__s2,239,1,219
square__B_drop_better_operator_1__s2,240,0,500
square__B_drop_better_operator_1__s2,241,1,390
square__B_drop_better_operator_1__s2,242,1,201
square__B_drop_better_operator_1__s2,243,1,278
square__B_drop_better_operator_1__s2,244,1,203
square__B_drop_better_operator_1__s2,245,1,204
square__B_drop_better_operator_1__s2,246,1,192
square__B_drop_better_operator_1__s2,247,1,441
square__B_drop_better_operator_1__s2,248,1,200
square__B_drop_better_operator_1__s2,249,1,396
square__B_drop_better_operator_1__s2,250,1,188
square__B_drop_better_operator_1__s2,251,1,255
square__B_drop_better_operator_1__s2,252,1,236
square__B_drop_better_operator_1__s2,253,0,500
square__B_drop_better_operator_1__s2,254,1,249
square__B_drop_better_operator_1__s2,255,0,500
square__B_drop_better_operator_1__s2,256,1,210
square__B_drop_better_operator_1__s2,257,1,208
square__B_drop_better_operator_1__s2,258,1,342
square__B_drop_better_operator_1__s2,259,0,500
square__B_drop_better_operator_1__s2,260,0,500
square__B_drop_better_operator_1__s2,261,1,345
square__B_drop_better_operator_1__s2,262,1,283
square__B_drop_better_operator_1__s2,263,0,500
square__B_drop_better_operator_1__s2,264,1,444
square__B_drop_better_operator_1__s2,265,1,441
square__B_drop_better_operator_1__s2,266,1,222
square__B_drop_better_operator_1__s2,267,1,468
square__B_drop_better_operator_1__s2,268,0,500
square__B_drop_better_operator_1__s2,269,1,202
square__B_drop_better_operator_1__s2,270,1,201
square__B_drop_better_operator_1__s2,271,1,280
square__B_drop_better_operator_1__s2,272,1,207
square__B_drop_better_operator_1__s2,273,0,500
square__B_drop_better_operator_1__s2,274,0,500
square__B_drop_better_operator_1__s2,275,1,287
square__B_drop_better_operator_1__s2,276,1,262
square__B_drop_better_operator_1__s2,277,1,207
square__B_drop_better_operator_1__s2,278,1,260
square__B_drop_better_operator_1__s2,279,1,280
square__B_drop_better_operator_1__s2,280,1,438
square__B_drop_better_operator_1__s2,281,1,291
square__B_drop_better_operator_1__s2,282,1,306
square__B_drop_better_operator_1__s2,283,0,500
square__B_drop_better_operator_1__s2,284,0,500
square__B_drop_better_operator_1__s2,285,0,500
square__B_drop_better_operator_1__s2,286,1,293
square__B_drop_better_operator_1__s2,287,1,322
square__B_drop_better_operator_1__s2,288,1,393
square__B_drop_better_operator_1__s2,289,1,368
square__B_drop_better_operator_1__s2,290,0,500
square__B_drop_better_operator_1__s2,291,0,500
square__B_drop_better_operator_1__s2,292,0,500
square__B_drop_better_operator_1__s2,293,1,297
square__B_drop_better_operator_1__s2,294,1,292
square__B_drop_better_operator_1__s2,295,1,169
square__B_drop_better_operator_1__s2,296,1,207
square__B_drop_better_operator_1__s2,297,1,259
square__B_drop_better_operator_1__s2,298,1,252
square__B_drop_better_operator_1__s2,299,1,224
square__B_drop_better_operator_1__s2,300,1,308
square__B_drop_better_operator_1__s2,301,0,500
square__B_drop_better_operator_1__s2,302,1,344
square__B_drop_better_operator_1__s2,303,1,233
square__B_drop_better_operator_1__s2,304,0,500
square__B_drop_better_operator_1__s2,305,1,358
square__B_drop_better_operator_1__s2,306,0,500
square__B_drop_better_operator_1__s2,307,0,500
square__B_drop_better_operator_1__s2,308,1,217
square__B_drop_better_operator_1__s2,309,1,328
square__B_drop_better_operator_1__s2,310,0,500
square__B_drop_better_operator_1__s2,311,0,500
square__B_drop_better_operator_1__s2,312,1,212
square__B_drop_better_operator_1__s2,313,0,500
square__B_drop_better_operator_1__s2,314,0,500
square__B_drop_better_operator_1__s2,315,1,182
square__B_drop_better_operator_1__s2,316,1,220
square__B_drop_better_operator_1__s2,317,0,500
square__B_drop_better_operator_1__s2,318,0,500
square__B_drop_better_operator_1__s2,319,1,200
square__B_drop_better_operator_1__s2,320,0,500
square__B_drop_better_operator_1__s2,321,1,390
square__B_drop_better_operator_1__s2,322,0,500
square__B_drop_better_operator_1__s2,323,0,500
square__B_drop_better_operator_1__s2,324,0,500
square__B_drop_better_operator_1__s2,325,1,249
square__B_drop_better_operator_1__s2,326,0,500
square__B_drop_better_operator_1__s2,327,0,500
square__B_drop_better_operator_1__s2,328,1,441
square__B_drop_better_operator_1__s2,329,1,243
square__B_drop_better_operator_1__s2,330,0,500
square__B_drop_better_operator_1__s2,331,1,242
square__B_drop_better_operator_1__s2,332,1,259
square__B_drop_better_operator_1__s2,333,0,500
square__B_drop_better_operator_1__s2,334,1,298
square__B_drop_better_operator_1__s2,335,0,500
square__B_drop_better_operator_1__s2,336,1,268
square__B_drop_better_operator_1__s2,337,0,500
square__B_drop_better_operator_1__s2,338,1,238
square__B_drop_better_operator_1__s2,339,1,227
square__B_drop_better_operator_1__s2,340,1,277
square__B_drop_better_operator_1__s2,341,1,190
square__B_drop_better_operator_1__s2,342,0,500
square__B_drop_better_operator_1__s2,343,1,224
square__B_drop_better_operator_1__s2,344,1,189
square__B_drop_better_operator_1__s2,345,0,500
square__B_drop_better_operator_1__s2,346,1,237
square__B_drop_better_operator_1__s2,347,1,324
square__B_drop_better_operator_1__s2,348,1,195
square__B_drop_better_operator_1__s2,349,1,242
square__B_drop_better_operator_1__s2,350,0,500
square__B_drop_better_operator_1__s2,351,0,500
square__B_drop_better_operator_1__s2,352,1,195
square__B_drop_better_operator_1__s2,353,0,500
square__B_drop_better_operator_1__s2,354,0,500
square__B_drop_better_operator_1__s2,355,1,240
square__B_drop_better_operator_1__s2,356,1,239
square__B_drop_better_operator_1__s2,357,0,500
square__B_drop_better_operator_1__s2,358,1,221
square__B_drop_better_operator_1__s2,359,0,500
square__B_drop_better_operator_1__s2,360,1,218
square__B_drop_better_operator_1__s2,361,0,500
square__B_drop_better_operator_1__s2,362,0,500
square__B_drop_better_operator_1__s2,363,1,222
square__B_drop_better_operator_1__s2,364,1,209
square__B_drop_better_operator_1__s2,365,1,244
square__B_drop_better_operator_1__s2,366,1,353
square__B_drop_better_operator_1__s2,367,1,451
square__B_drop_better_operator_1__s2,368,1,339
square__B_drop_better_operator_1__s2,369,1,201
square__B_drop_better_operator_1__s2,370,0,500
square__B_drop_better_operator_1__s2,371,0,500
square__B_drop_better_operator_1__s2,372,1,427
square__B_drop_better_operator_1__s2,373,1,211
square__B_drop_better_operator_1__s2,374,1,425
square__B_drop_better_operator_1__s2,375,1,198
square__B_drop_better_operator_1__s2,376,1,217
square__B_drop_better_operator_1__s2,377,1,498
square__B_drop_better_operator_1__s2,378,1,199
square__B_drop_better_operator_1__s2,379,0,500
square__B_drop_better_operator_1__s2,380,0,500
square__B_drop_better_operator_1__s2,381,0,500
square__B_drop_better_operator_1__s2,382,1,331
square__B_drop_better_operator_1__s2,383,1,260
square__B_drop_better_operator_1__s2,384,1,361
square__B_drop_better_operator_1__s2,385,0,500
square__B_drop_better_operator_1__s2,386,0,500
square__B_drop_better_operator_1__s2,387,1,201
square__B_drop_better_operator_1__s2,388,0,500
square__B_drop_better_operator_1__s2,389,1,211
square__B_drop_better_operator_1__s2,390,1,230
square__B_drop_better_operator_1__s2,391,1,230
square__B_drop_better_operator_1__s2,392,1,267
square__B_drop_better_operator_1__s2,393,0,500
square__B_drop_better_operator_1__s2,394,1,320
square__B_drop_better_operator_1__s2,395,1,240
square__B_drop_better_operator_1__s2,396,1,272
square__B_drop_better_operator_1__s2,397,1,258
square__B_drop_better_operator_1__s2,398,0,500
square__B_drop_better_operator_1__s2,399,1,222
square__B_drop_better_operator_1__s2,400,1,249
square__B_drop_better_operator_1__s2,401,1,272
square__B_drop_better_operator_1__s2,402,1,281
square__B_drop_better_operator_1__s2,403,0,500
square__B_drop_better_operator_1__s2,404,1,333
square__B_drop_better_operator_1__s2,405,1,241
square__B_drop_better_operator_1__s2,406,1,351
square__B_drop_better_operator_1__s2,407,0,500
square__B_drop_better_operator_1__s2,408,1,360
square__B_drop_better_operator_1__s2,409,0,500
square__B_drop_better_operator_1__s2,410,0,500
square__B_drop_better_operator_1__s2,411,0,500
square__B_drop_better_operator_1__s2,412,1,318
square__B_drop_better_operator_1__s2,413,0,500
square__B_drop_better_operator_1__s2,414,1,257
square__B_drop_better_operator_1__s2,415,1,319
square__B_drop_better_operator_1__s2,416,1,363
square__B_drop_better_operator_1__s2,417,1,350
square__B_drop_better_operator_1__s2,418,1,233
square__B_drop_better_operator_1__s2,419,0,500
square__B_drop_better_operator_1__s2,420,1,327
square__B_drop_better_operator_1__s2,421,0,500
square__B_drop_better_operator_1__s2,422,0,500
square__B_drop_better_operator_1__s2,423,0,500
square__B_drop_better_operator_1__s2,424,0,500
square__B_drop_better_operator_1__s2,425,0,500
square__B_drop_better_operator_1__s2,426,1,249
square__B_drop_better_operator_1__s2,427,1,407
square__B_drop_better_operator_1__s2,428,0,500
square__B_drop_better_operator_1__s2,429,1,220
square__B_drop_better_operator_1__s2,430,1,189
square__B_drop_better_operator_1__s2,431,1,410
square__B_drop_better_operator_1__s2,432,0,500
square__B_drop_better_operator_1__s2,433,0,500
square__B_drop_better_operator_1__s2,434,0,500
square__B_drop_better_operator_1__s2,435,1,291
square__B_drop_better_operator_1__s2,436,0,500
square__B_drop_better_operator_1__s2,437,1,472
square__B_drop_better_operator_1__s2,438,0,500
square__B_drop_better_operator_1__s2,439,1,182
square__B_drop_better_operator_1__s2,440,0,500
square__B_drop_better_operator_1__s2,441,1,258
square__B_drop_better_operator_1__s2,442,1,203
square__B_drop_better_operator_1__s2,443,1,250
square__B_drop_better_operator_1__s2,444,1,190
square__B_drop_better_operator_1__s2,445,0,500
square__B_drop_better_operator_1__s2,446,0,500
square__B_drop_better_operator_1__s2,447,1,207
square__B_drop_better_operator_1__s2,448,0,500
square__B_drop_better_operator_1__s2,449,1,291
square__B_drop_better_operator_1__s2,450,1,198
square__B_drop_better_operator_1__s2,451,0,500
square__B_drop_better_operator_1__s2,452,1,219
square__B_drop_better_operator_1__s2,453,1,212
square__B_drop_better_operator_1__s2,454,1,220
square__B_drop_better_operator_1__s2,455,0,500
square__B_drop_better_operator_1__s2,456,0,500
square__B_drop_better_operator_1__s2,457,1,241
square__B_drop_better_operator_1__s2,458,1,303
square__B_drop_better_operator_1__s2,459,1,251
square__B_drop_better_operator_1__s2,460,1,272
square__B_drop_better_operator_1__s2,461,1,280
square__B_drop_better_operator_1__s2,462,0,500
square__B_drop_better_operator_1__s2,463,1,249
square__B_drop_better_operator_1__s2,464,0,500
square__B_drop_better_operator_1__s2,465,1,412
square__B_drop_better_operator_1__s2,466,1,268
square__B_drop_better_operator_1__s2,467,1,293
square__B_drop_better_operator_1__s2,468,1,202
square__B_drop_better_operator_1__s2,469,0,500
square__B_drop_better_operator_1__s2,470,1,279
square__B_drop_better_operator_1__s2,471,1,260
square__B_drop_better_operator_1__s2,472,0,500
square__B_drop_better_operator_1__s2,473,1,241
square__B_drop_better_operator_1__s2,474,1,260
square__B_drop_better_operator_1__s2,475,0,500
square__B_drop_better_operator_1__s2,476,1,207
square__B_drop_better_operator_1__s2,477,0,500
square__B_drop_better_operator_1__s2,478,0,500
square__B_drop_better_operator_1__s2,479,0,500
square__B_drop_better_operator_1__s2,480,0,500
square__B_drop_better_operator_1__s2,481,1,351
square__B_drop_better_operator_1__s2,482,1,300
square__B_drop_better_operator_1__s2,483,1,371
square__B_drop_better_operator_1__s2,484,0,500
square__B_drop_better_operator_1__s2,485,0,500
square__B_drop_better_operator_1__s2,486,1,242
square__B_drop_better_operator_1__s2,487,0,500
square__B_drop_better_operator_1__s2,488,0,500
square__B_drop_better_operator_1__s2,489,0,500
square__B_drop_better_operator_1__s2,490,1,219
square__B_drop_better_operator_1__s2,491,1,303
square__B_drop_better_operator_1__s2,492,1,208
square__B_drop_better_operator_1__s2,493,1,422
square__B_drop_better_operator_1__s2,494,0,500
square__B_drop_better_operator_1__s2,495,0,500
square__B_drop_better_operator_1__s2,496,1,222
square__B_drop_better_operator_1__s2,497,0,500
square__B_drop_better_operator_1__s2,498,1,206
square__B_drop_better_operator_1__s2,499,1,368
square__B_drop_better_operator_1__s3,0,1,252
square__B_drop_better_operator_1__s3,1,1,281
square__B_drop_better_operator_1__s3,2,0,500
square__B_drop_better_operator_1__s3,3,1,323
square__B_drop_better_operator_1__s3,4,0,500
square__B_drop_better_operator_1__s3,5,1,499
square__B_drop_better_operator_1__s3,6,1,452
square__B_drop_better_operator_1__s3,7,1,268
square__B_drop_better_operator_1__s3,8,0,500
square__B_drop_better_operator_1__s3,9,1,381
square__B_drop_better_operator_1__s3,10,1,249
square__B_drop_better_operator_1__s3,11,0,500
square__B_drop_better_operator_1__s3,12,1,210
square__B_drop_better_operator_1__s3,13,1,477
square__B_drop_better_operator_1__s3,14,0,500
square__B_drop_better_operator_1__s3,15,0,500
square__B_drop_better_operator_1__s3,16,0,500
square__B_drop_better_operator_1__s3,17,0,500
square__B_drop_better_operator_1__s3,18,1,223
square__B_drop_better_operator_1__s3,19,1,291
square__B_drop_better_operator_1__s3,20,0,500
square__B_drop_better_operator_1__s3,21,0,500
square__B_drop_better_operator_1__s3,22,1,461
square__B_drop_better_operator_1__s3,23,1,432
square__B_drop_better_operator_1__s3,24,1,425
square__B_drop_better_operator_1__s3,25,1,177
square__B_drop_better_operator_1__s3,26,1,188
square__B_drop_better_operator_1__s3,27,0,500
square__B_drop_better_operator_1__s3,28,0,500
square__B_drop_better_operator_1__s3,29,1,239
square__B_drop_better_operator_1__s3,30,0,500
square__B_drop_better_operator_1__s3,31,1,220
square__B_drop_better_operator_1__s3,32,1,409
square__B_drop_better_operator_1__s3,33,1,438
square__B_drop_better_operator_1__s3,34,1,382
square__B_drop_better_operator_1__s3,35,1,363
square__B_drop_better_operator_1__s3,36,1,398
square__B_drop_better_operator_1__s3,37,1,281
square__B_drop_better_operator_1__s3,38,1,393
square__B_drop_better_operator_1__s3,39,1,249
square__B_drop_better_operator_1__s3,40,0,500
square__B_drop_better_operator_1__s3,41,1,201
square__B_drop_better_operator_1__s3,42,1,201
square__B_drop_better_operator_1__s3,43,0,500
square__B_drop_better_operator_1__s3,44,1,306
square__B_drop_better_operator_1__s3,45,1,270
square__B_drop_better_operator_1__s3,46,1,249
square__B_drop_better_operator_1__s3,47,0,500
square__B_drop_better_operator_1__s3,48,0,500
square__B_drop_better_operator_1__s3,49,1,239
square__B_drop_better_operator_1__s3,50,1,241
square__B_drop_better_operator_1__s3,51,0,500
square__B_drop_better_operator_1__s3,52,1,268
square__B_drop_better_operator_1__s3,53,1,301
square__B_drop_better_operator_1__s3,54,0,500
square__B_drop_better_operator_1__s3,55,1,290
square__B_drop_better_operator_1__s3,56,0,500
square__B_drop_better_operator_1__s3,57,1,190
square__B_drop_better_operator_1__s3,58,1,406
square__B_drop_better_operator_1__s3,59,1,261
square__B_drop_better_operator_1__s3,60,0,500
square__B_drop_better_operator_1__s3,61,0,500
square__B_drop_better_operator_1__s3,62,0,500
square__B_drop_better_operator_1__s3,63,0,500
square__B_drop_better_operator_1__s3,64,1,451
square__B_drop_better_operator_1__s3,65,1,426
square__B_drop_better_operator_1__s3,66,1,283
square__B_drop_better_operator_1__s3,67,1,282
square__B_drop_better_operator_1__s3,68,0,500
square__B_drop_better_operator_1__s3,69,1,237
square__B_drop_better_operator_1__s3,70,1,351
square__B_drop_better_operator_1__s3,71,0,500
square__B_drop_better_operator_1__s3,72,1,260
square__B_drop_better_operator_1__s3,73,1,242
square__B_drop_better_operator_1__s3,74,0,500
square__B_drop_better_operator_1__s3,75,1,330
square__B_drop_better_operator_1__s3,76,0,500
square__B_drop_better_operator_1__s3,77,1,233
square__B_drop_better_operator_1__s3,78,0,500
square__B_drop_better_operator_1__s3,79,1,211
square__B_drop_better_operator_1__s3,80,1,356
square__B_drop_better_operator_1__s3,81,1,276
square__B_drop_better_operator_1__s3,82,1,229
square__B_drop_better_operator_1__s3,83,1,232
square__B_drop_better_operator_1__s3,84,1,222
square__B_drop_better_operator_1__s3,85,1,272
square__B_drop_better_operator_1__s3,86,0,500
square__B_drop_better_operator_1__s3,87,0,500
square__B_drop_better_operator_1__s3,88,1,479
square__B_drop_better_operator_1__s3,89,1,290
square__B_drop_better_operator_1__s3,90,1,217
square__B_drop_better_operator_1__s3,91,0,500
square__B_drop_better_operator_1__s3,92,1,192
square__B_drop_better_operator_1__s3,93,1,307
square__B_drop_better_operator_1__s3,94,0,500
square__B_drop_better_operator_1__s3,95,1,308
square__B_drop_better_operator_1__s3,96,1,232
square__B_drop_better_operator_1__s3,97,0,500
square__B_drop_better_operator_1__s3,98,0,500
square__B_drop_better_operator_1__s3,99,1,310
square__B_drop_better_operator_1__s3,100,1,249
square__B_drop_better_operator_1__s3,101,0,500
square__B_drop_better_operator_1__s3,102,1,306
square__B_drop_better_operator_1__s3,103,1,302
square__B_drop_better_operator_1__s3,104,0,500
square__B_drop_better_operator_1__s3,105,1,286
square__B_drop_better_operator_1__s3,106,0,500
square__B_drop_better_operator_1__s3,107,1,393
square__B_drop_better_operator_1__s3,108,1,299
square__B_drop_better_operator_1__s3,109,1,178
square__B_drop_better_operator_1__s3,110,0,500
square__B_drop_better_operator_1__s3,111,1,289
square__B_drop_better_operator_1__s3,112,1,389
square__B_drop_better_operator_1__s3,113,0,500
square__B_drop_better_operator_1__s3,114,0,500
square__B_drop_better_operator_1__s3,115,1,459
square__B_drop_better_operator_1__s3,116,1,255
square__B_drop_better_operator_1__s3,117,1,293
square__B_drop_better_operator_1__s3,118,1,229
square__B_drop_better_operator_1__s3,119,1,298
square__B_drop_better_operator_1__s3,120,0,500
square__B_drop_better_operator_1__s3,121,1,268
square__B_drop_better_operator_1__s3,122,0,500
square__B_drop_better_operator_1__s3,123,0,500
square__B_drop_better_operator_1__s3,124,0,500
square__B_drop_better_operator_1__s3,125,0,500
square__B_drop_better_operator_1__s3,126,1,217
square__B_drop_better_operator_1__s3,127,1,251
square__B_drop_better_operator_1__s3,128,0,500
square__B_drop_better_operator_1__s3,129,1,231
square__B_drop_better_operator_1__s3,130,1,259
square__B_drop_better_operator_1__s3,131,1,268
square__B_drop_better_operator_1__s3,132,1,409
square__B_drop_better_operator_1__s3,133,1,242
square__B_drop_better_operator_1__s3,134,0,500
square__B_drop_better_operator_1__s3,135,1,192
square__B_drop_better_operator_1__s3,136,0,500
square__B_drop_better_operator_1__s3,137,1,201
square__B_drop_better_operator_1__s3,138,1,450
square__B_drop_better_operator_1__s3,139,0,500
square__B_drop_better_operator_1__s3,140,0,500
square__B_drop_better_operator_1__s3,141,1,209
square__B_drop_better_operator_1__s3,142,1,418
square__B_drop_better_operator_1__s3,143,0,500
square__B_drop_better_operator_1__s3,144,1,248
square__B_drop_better_operator_1__s3,145,1,261
square__B_drop_better_operator_1__s3,146,0,500
square__B_drop_better_operator_1__s3,147,1,351
square__B_drop_better_operator_1__s3,148,0,500
square__B_drop_better_operator_1__s3,149,1,281
square__B_drop_better_operator_1__s3,150,1,251
square__B_drop_better_operator_1__s3,151,1,211
square__B_drop_better_operator_1__s3,152,1,210
square__B_drop_better_operator_1__s3,153,1,307
square__B_drop_better_operator_1__s3,154,1,229
square__B_drop_better_operator_1__s3,155,0,500
square__B_drop_better_operator_1__s3,156,0,500
square__B_drop_better_operator_1__s3,157,1,270
square__B_drop_better_operator_1__s3,158,0,500
square__B_drop_better_operator_1__s3,159,0,500
square__B_drop_better_operator_1__s3,160,1,172
square__B_drop_better_operator_1__s3,161,0,500
square__B_drop_better_operator_1__s3,162,1,218
square__B_drop_better_operator_1__s3,163,1,327
square__B_drop_better_operator_1__s3,164,1,405
square__B_drop_better_operator_1__s3,165,1,280
square__B_drop_better_operator_1__s3,166,0,500
square__B_drop_better_operator_1__s3,167,1,259
square__B_drop_better_operator_1__s3,168,0,500
square__B_drop_better_operator_1__s3,169,1,230
square__B_drop_better_operator_1__s3,170,1,272
square__B_drop_better_operator_1__s3,171,0,500
square__B_drop_better_operator_1__s3,172,0,500
square__B_drop_better_operator_1__s3,173,1,243
square__B_drop_better_operator_1__s3,174,0,500
square__B_drop_better_operator_1__s3,175,1,192
square__B_drop_better_operator_1__s3,176,1,326
square__B_drop_better_operator_1__s3,177,1,200
square__B_drop_better_operator_1__s3,178,1,281
square__B_drop_better_operator_1__s3,179,0,500
square__B_drop_better_operator_1__s3,180,0,500
square__B_drop_better_operator_1__s3,181,1,192
square__B_drop_better_operator_1__s3,182,1,168
square__B_drop_better_operator_1__s3,183,1,262
square__B_drop_better_operator_1__s3,184,1,383
square__B_drop_better_operator_1__s3,185,0,500
square__B_drop_better_operator_1__s3,186,0,500
square__B_drop_better_operator_1__s3,187,1,183
square__B_drop_better_operator_1__s3,188,0,500
square__B_drop_better_operator_1__s3,189,0,500
square__B_drop_better_operator_1__s3,190,1,289
square__B_drop_better_operator_1__s3,191,1,270
square__B_drop_better_operator_1__s3,192,1,259
square__B_drop_better_operator_1__s3,193,1,361
square__B_drop_better_operator_1__s3,194,1,285
square__B_drop_better_operator_1__s3,195,1,236
square__B_drop_better_operator_1__s3,196,1,231
square__B_drop_better_operator_1__s3,197,0,500
square__B_drop_better_operator_1__s3,198,1,170
square__B_drop_better_operator_1__s3,199,1,282
square__B_drop_better_operator_1__s3,200,0,500
square__B_drop_better_operator_1__s3,201,0,500
square__B_drop_better_operator_1__s3,202,1,230
square__B_drop_better_operator_1__s3,203,1,416
square__B_drop_better_operator_1__s3,204,0,500
square__B_drop_better_operator_1__s3,205,0,500
square__B_drop_better_operator_1__s3,206,1,328
square__B_drop_better_operator_1__s3,207,0,500
square__B_drop_better_operator_1__s3,208,0,500
square__B_drop_better_operator_1__s3,209,0,500
square__B_drop_better_operator_1__s3,210,1,195
square__B_drop_better_operator_1__s3,211,1,442
square__B_drop_better_operator_1__s3,212,1,351
square__B_drop_better_operator_1__s3,213,0,500
square__B_drop_better_operator_1__s3,214,0,500
square__B_drop_better_operator_1__s3,215,0,500
square__B_drop_better_operator_1__s3,216,0,500
square__B_drop_better_operator_1__s3,217,1,315
square__B_drop_better_operator_1__s3,218,1,256
square__B_drop_better_operator_1__s3,219,1,309
square__B_drop_better_operator_1__s3,220,1,201
square__B_drop_better_operator_1__s3,221,0,500
square__B_drop_better_operator_1__s3,222,1,422
square__B_drop_better_operator_1__s3,223,1,173
square__B_drop_better_operator_1__s3,224,0,500
square__B_drop_better_operator_1__s3,225,0,500
square__B_drop_better_operator_1__s3,226,0,500
square__B_drop_better_operator_1__s3,227,1,244
square__B_drop_better_operator_1__s3,228,1,278
square__B_drop_better_operator_1__s3,229,1,295
square__B_drop_better_operator_1__s3,230,1,282
square__B_drop_better_operator_1__s3,231,0,500
square__B_drop_better_operator_1__s3,232,1,315
square__B_drop_better_operator_1__s3,233,1,232
square__B_drop_better_operator_1__s3,234,0,500
square__B_drop_better_operator_1__s3,235,1,209
square__B_drop_better_operator_1__s3,236,1,362
square__B_drop_better_operator_1__s3,237,0,500
square__B_drop_better_operator_1__s3,238,1,331
square__B_drop_better_operator_1__s3,239,1,410
square__B_drop_better_operator_1__s3,240,0,500
square__B_drop_better_operator_1__s3,241,1,200
square__B_drop_better_operator_1__s3,242,0,500
square__B_drop_better_operator_1__s3,243,1,281
square__B_drop_better_operator_1__s3,244,1,192
square__B_drop_better_operator_1__s3,245,0,500
square__B_drop_better_operator_1__s3,246,1,269
square__B_drop_better_operator_1__s3,247,1,248
square__B_drop_better_operator_1__s3,248,1,252
square__B_drop_better_operator_1__s3,249,1,272
square__B_drop_better_operator_1__s3,250,1,240
square__B_drop_better_operator_1__s3,251,1,187
square__B_drop_better_operator_1__s3,252,1,233
square__B_drop_better_operator_1__s3,253,0,500
square__B_drop_better_operator_1__s3,254,1,251
square__B_drop_better_operator_1__s3,255,0,500
square__B_drop_better_operator_1__s3,256,0,500
square__B_drop_better_operator_1__s3,257,1,295
square__B_drop_better_operator_1__s3,258,0,500
square__B_drop_better_operator_1__s3,259,0,500
square__B_drop_better_operator_1__s3,260,0,500
square__B_drop_better_operator_1__s3,261,0,500
square__B_drop_better_operator_1__s3,262,1,200
square__B_drop_better_operator_1__s3,263,0,500
square__B_drop_better_operator_1__s3,264,1,193
square__B_drop_better_operator_1__s3,265,0,500
square__B_drop_better_operator_1__s3,266,0,500
square__B_drop_better_operator_1__s3,267,1,250
square__B_drop_better_operator_1__s3,268,1,203
square__B_drop_better_operator_1__s3,269,1,470
square__B_drop_better_operator_1__s3,270,1,212
square__B_drop_better_operator_1__s3,271,1,213
square__B_drop_better_operator_1__s3,272,1,190
square__B_drop_better_operator_1__s3,273,0,500
square__B_drop_better_operator_1__s3,274,0,500
square__B_drop_better_operator_1__s3,275,1,259
square__B_drop_better_operator_1__s3,276,0,500
square__B_drop_better_operator_1__s3,277,0,500
square__B_drop_better_operator_1__s3,278,1,302
square__B_drop_better_operator_1__s3,279,1,392
square__B_drop_better_operator_1__s3,280,1,260
square__B_drop_better_operator_1__s3,281,1,238
square__B_drop_better_operator_1__s3,282,0,500
square__B_drop_better_operator_1__s3,283,1,409
square__B_drop_better_operator_1__s3,284,1,321
square__B_drop_better_operator_1__s3,285,0,500
square__B_drop_better_operator_1__s3,286,1,270
square__B_drop_better_operator_1__s3,287,1,321
square__B_drop_better_operator_1__s3,288,0,500
square__B_drop_better_operator_1__s3,289,0,500
square__B_drop_better_operator_1__s3,290,1,238
square__B_drop_better_operator_1__s3,291,0,500
square__B_drop_better_operator_1__s3,292,1,280
square__B_drop_better_operator_1__s3,293,0,500
square__B_drop_better_operator_1__s3,294,1,289
square__B_drop_better_operator_1__s3,295,1,218
square__B_drop_better_operator_1__s3,296,1,170
square__B_drop_better_operator_1__s3,297,1,240
square__B_drop_better_operator_1__s3,298,1,277
square__B_drop_better_operator_1__s3,299,1,234
square__B_drop_better_operator_1__s3,300,0,500
square__B_drop_better_operator_1__s3,301,1,362
square__B_drop_better_operator_1__s3,302,1,469
square__B_drop_better_operator_1__s3,303,1,256
square__B_drop_better_operator_1__s3,304,0,500
square__B_drop_better_operator_1__s3,305,0,500
square__B_drop_better_operator_1__s3,306,1,280
square__B_drop_better_operator_1__s3,307,0,500
square__B_drop_better_operator_1__s3,308,1,228
square__B_drop_better_operator_1__s3,309,1,220
square__B_drop_better_operator_1__s3,310,0,500
square__B_drop_better_operator_1__s3,311,1,277
square__B_drop_better_operator_1__s3,312,1,230
square__B_drop_better_operator_1__s3,313,1,468
square__B_drop_better_operator_1__s3,314,0,500
square__B_drop_better_operator_1__s3,315,1,196
square__B_drop_better_operator_1__s3,316,1,248
square__B_drop_better_operator_1__s3,317,1,359
square__B_drop_better_operator_1__s3,318,0,500
square__B_drop_better_operator_1__s3,319,1,339
square__B_drop_better_operator_1__s3,320,0,500
square__B_drop_better_operator_1__s3,321,1,359
square__B_drop_better_operator_1__s3,322,0,500
square__B_drop_better_operator_1__s3,323,1,393
square__B_drop_better_operator_1__s3,324,0,500
square__B_drop_better_operator_1__s3,325,1,217
square__B_drop_better_operator_1__s3,326,1,222
square__B_drop_better_operator_1__s3,327,1,170
square__B_drop_better_operator_1__s3,328,0,500
square__B_drop_better_operator_1__s3,329,0,500
square__B_drop_better_operator_1__s3,330,0,500
square__B_drop_better_operator_1__s3,331,1,352
square__B_drop_better_operator_1__s3,332,0,500
square__B_drop_better_operator_1__s3,333,1,482
square__B_drop_better_operator_1__s3,334,1,233
square__B_drop_better_operator_1__s3,335,0,500
square__B_drop_better_operator_1__s3,336,1,397
square__B_drop_better_operator_1__s3,337,0,500
square__B_drop_better_operator_1__s3,338,1,212
square__B_drop_better_operator_1__s3,339,1,223
square__B_drop_better_operator_1__s3,340,1,211
square__B_drop_better_operator_1__s3,341,1,179
square__B_drop_better_operator_1__s3,342,1,369
square__B_drop_better_operator_1__s3,343,1,242
square__B_drop_better_operator_1__s3,344,1,241
square__B_drop_better_operator_1__s3,345,1,184
square__B_drop_better_operator_1__s3,346,1,202
square__B_drop_better_operator_1__s3,347,1,369
square__B_drop_better_operator_1__s3,348,1,219
square__B_drop_better_operator_1__s3,349,0,500
square__B_drop_better_operator_1__s3,350,1,253
square__B_drop_better_operator_1__s3,351,1,380
square__B_drop_better_operator_1__s3,352,1,228
square__B_drop_better_operator_1__s3,353,1,292
square__B_drop_better_operator_1__s3,354,0,500
square__B_drop_better_operator_1__s3,355,1,396
square__B_drop_better_operator_1__s3,356,0,500
square__B_drop_better_operator_1__s3,357,1,200
square__B_drop_better_operator_1__s3,358,0,500
square__B_drop_better_operator_1__s3,359,1,386
square__B_drop_better_operator_1__s3,360,1,358
square__B_drop_better_operator_1__s3,361,1,221
square__B_drop_better_operator_1__s3,362,0,500
square__B_drop_better_operator_1__s3,363,1,418
square__B_drop_better_operator_1__s3,364,0,500
square__B_drop_better_operator_1__s3,365,0,500
square__B_drop_better_operator_1__s3,366,0,500
square__B_drop_better_operator_1__s3,367,1,431
square__B_drop_better_operator_1__s3,368,1,393
square__B_drop_better_operator_1__s3,369,1,241
square__B_drop_better_operator_1__s3,370,0,500
square__B_drop_better_operator_1__s3,371,0,500
square__B_drop_better_operator_1__s3,372,0,500
square__B_drop_better_operator_1__s3,373,1,218
square__B_drop_better_operator_1__s3,374,0,500
square__B_drop_better_operator_1__s3,375,1,246
square__B_drop_better_operator_1__s3,376,0,500
square__B_drop_better_operator_1__s3,377,0,500
square__B_drop_better_operator_1__s3,378,1,213
square__B_drop_better_operator_1__s3,379,0,500
square__B_drop_better_operator_1__s3,380,1,172
square__B_drop_better_operator_1__s3,381,0,500
square__B_drop_better_operator_1__s3,382,1,412
square__B_drop_better_operator_1__s3,383,1,252
square__B_drop_better_operator_1__s3,384,0,500
square__B_drop_better_operator_1__s3,385,1,491
square__B_drop_better_operator_1__s3,386,1,281
square__B_drop_better_operator_1__s3,387,1,201
square__B_drop_better_operator_1__s3,388,1,458
square__B_drop_better_operator_1__s3,389,0,500
square__B_drop_better_operator_1__s3,390,1,403
square__B_drop_better_operator_1__s3,391,1,312
square__B_drop_better_operator_1__s3,392,0,500
square__B_drop_better_operator_1__s3,393,1,351
square__B_drop_better_operator_1__s3,394,1,420
square__B_drop_better_operator_1__s3,395,1,290
square__B_drop_better_operator_1__s3,396,0,500
square__B_drop_better_operator_1__s3,397,1,231
square__B_drop_better_operator_1__s3,398,1,300
square__B_drop_better_operator_1__s3,399,0,500
square__B_drop_better_operator_1__s3,400,0,500
square__B_drop_better_operator_1__s3,401,1,362
square__B_drop_better_operator_1__s3,402,1,287
square__B_drop_better_operator_1__s3,403,1,247
square__B_drop_better_operator_1__s3,404,0,500
square__B_drop_better_operator_1__s3,405,1,180
square__B_drop_better_operator_1__s3,406,1,179
square__B_drop_better_operator_1__s3,407,1,229
square__B_drop_better_operator_1__s3,408,1,201
square__B_drop_better_operator_1__s3,409,1,278
square__B_drop_better_operator_1__s3,410,0,500
square__B_drop_better_operator_1__s3,411,0,500
square__B_drop_better_operator_1__s3,412,1,260
square__B_drop_better_operator_1__s3,413,0,500
square__B_drop_better_operator_1__s3,414,1,259
square__B_drop_better_operator_1__s3,415,1,366
square__B_drop_better_operator_1__s3,416,1,209
square__B_drop_better_operator_1__s3,417,1,169
square__B_drop_better_operator_1__s3,418,1,269
square__B_drop_better_operator_1__s3,419,1,289
square__B_drop_better_operator_1__s3,420,1,269
square__B_drop_better_operator_1__s3,421,1,370
square__B_drop_better_operator_1__s3,422,0,500
square__B_drop_better_operator_1__s3,423,1,299
square__B_drop_better_operator_1__s3,424,1,472
square__B_drop_better_operator_1__s3,425,0,500
square__B_drop_better_operator_1__s3,426,1,203
square__B_drop_better_operator_1__s3,427,1,188
square__B_drop_better_operator_1__s3,428,0,500
square__B_drop_better_operator_1__s3,429,1,340
square__B_drop_better_operator_1__s3,430,0,500
square__B_drop_better_operator_1__s3,431,1,261
square__B_drop_better_operator_1__s3,432,1,461
square__B_drop_better_operator_1__s3,433,1,384
square__B_drop_better_operator_1__s3,434,1,430
square__B_drop_better_operator_1__s3,435,1,290
square__B_drop_better_operator_1__s3,436,1,209
square__B_drop_better_operator_1__s3,437,1,248
square__B_drop_better_operator_1__s3,438,1,259
square__B_drop_better_operator_1__s3,439,1,220
square__B_drop_better_operator_1__s3,440,0,500
square__B_drop_better_operator_1__s3,441,1,170
square__B_drop_better_operator_1__s3,442,1,211
square__B_drop_better_operator_1__s3,443,0,500
square__B_drop_better_operator_1__s3,444,0,500
square__B_drop_better_operator_1__s3,445,0,500
square__B_drop_better_operator_1__s3,446,0,500
square__B_drop_better_operator_1__s3,447,1,208
square__B_drop_better_operator_1__s3,448,0,500
square__B_drop_better_operator_1__s3,449,1,262
square__B_drop_better_operator_1__s3,450,1,231
square__B_drop_better_operator_1__s3,451,1,422
square__B_drop_better_operator_1__s3,452,1,497
square__B_drop_better_operator_1__s3,453,1,209
square__B_drop_better_operator_1__s3,454,1,282
square__B_drop_better_operator_1__s3,455,0,500
square__B_drop_better_operator_1__s3,456,1,459
square__B_drop_better_operator_1__s3,457,0,500
square__B_drop_better_operator_1__s3,458,0,500
square__B_drop_better_operator_1__s3,459,1,241
square__B_drop_better_operator_1__s3,460,1,197
square__B_drop_better_operator_1__s3,461,0,500
square__B_drop_better_operator_1__s3,462,0,500
square__B_drop_better_operator_1__s3,463,0,500
square__B_drop_better_operator_1__s3,464,0,500
square__B_drop_better_operator_1__s3,465,1,356
square__B_drop_better_operator_1__s3,466,0,500
square__B_drop_better_operator_1__s3,467,0,500
square__B_drop_better_operator_1__s3,468,1,248
square__B_drop_better_operator_1__s3,469,1,391
square__B_drop_better_operator_1__s3,470,1,262
square__B_drop_better_operator_1__s3,471,0,500
square__B_drop_better_operator_1__s3,472,0,500
square__B_drop_better_operator_1__s3,473,1,219
square__B_drop_better_operator_1__s3,474,1,281
square__B_drop_better_operator_1__s3,475,1,288
square__B_drop_better_operator_1__s3,476,1,209
square__B_drop_better_operator_1__s3,477,0,500
square__B_drop_better_operator_1__s3,478,0,500
square__B_drop_better_operator_1__s3,479,0,500
square__B_drop_better_operator_1__s3,480,1,332
square__B_drop_better_operator_1__s3,481,1,270
square__B_drop_better_operator_1__s3,482,1,296
square__B_drop_better_operator_1__s3,483,1,221
square__B_drop_better_operator_1__s3,484,0,500
square__B_drop_better_operator_1__s3,485,0,500
square__B_drop_better_operator_1__s3,486,1,229
square__B_drop_better_operator_1__s3,487,1,169
square__B_drop_better_operator_1__s3,488,1,255
square__B_drop_better_operator_1__s3,489,1,352
square__B_drop_better_operator_1__s3,490,0,500
square__B_drop_better_operator_1__s3,491,1,171
square__B_drop_better_operator_1__s3,492,1,321
square__B_drop_better_operator_1__s3,493,1,216
square__B_drop_better_operator_1__s3,494,0,500
square__B_drop_better_operator_1__s3,495,0,500
square__B_drop_better_operator_1__s3,496,1,316
square__B_drop_better_operator_1__s3,497,0,500
square__B_drop_better_operator_1__s3,498,0,500
square__B_drop_better_operator_1__s3,499,0,500
square__B_drop_better_operator_2__s1,0,1,230
square__B_drop_better_operator_2__s1,1,0,500
square__B_drop_better_operator_2__s1,2,1,473
square__B_drop_better_operator_2__s1,3,1,403
square__B_drop_better_operator_2__s1,4,1,359
square__B_drop_better_operator_2__s1,5,0,500
square__B_drop_better_operator_2__s1,6,1,269
square__B_drop_better_operator_2__s1,7,0,500
square__B_drop_better_operator_2__s1,8,0,500
square__B_drop_better_operator_2__s1,9,0,500
square__B_drop_better_operator_2__s1,10,1,163
square__B_drop_better_operator_2__s1,11,0,500
square__B_drop_better_operator_2__s1,12,1,260
square__B_drop_better_operator_2__s1,13,0,500
square__B_drop_better_operator_2__s1,14,0,500
square__B_drop_better_operator_2__s1,15,0,500
square__B_drop_better_operator_2__s1,16,0,500
square__B_drop_better_operator_2__s1,17,0,500
square__B_drop_better_operator_2__s1,18,1,489
square__B_drop_better_operator_2__s1,19,1,296
square__B_drop_better_operator_2__s1,20,0,500
square__B_drop_better_operator_2__s1,21,1,242
square__B_drop_better_operator_2__s1,22,1,400
square__B_drop_better_operator_2__s1,23,0,500
square__B_drop_better_operator_2__s1,24,0,500
square__B_drop_better_operator_2__s1,25,0,500
square__B_drop_better_operator_2__s1,26,1,155
square__B_drop_better_operator_2__s1,27,1,186
square__B_drop_better_operator_2__s1,28,1,240
square__B_drop_better_operator_2__s1,29,0,500
square__B_drop_better_operator_2__s1,30,0,500
square__B_drop_better_operator_2__s1,31,0,500
square__B_drop_better_operator_2__s1,32,0,500
square__B_drop_better_operator_2__s1,33,1,181
square__B_drop_better_operator_2__s1,34,1,165
square__B_drop_better_operator_2__s1,35,0,500
square__B_drop_better_operator_2__s1,36,1,372
square__B_drop_better_operator_2__s1,37,0,500
square__B_drop_better_operator_2__s1,38,0,500
square__B_drop_better_operator_2__s1,39,1,203
square__B_drop_better_operator_2__s1,40,1,212
square__B_drop_better_operator_2__s1,41,0,500
square__B_drop_better_operator_2__s1,42,1,162
square__B_drop_better_operator_2__s1,43,0,500
square__B_drop_better_operator_2__s1,44,0,500
square__B_drop_better_operator_2__s1,45,1,234
square__B_drop_better_operator_2__s1,46,1,231
square__B_drop_better_operator_2__s1,47,1,448
square__B_drop_better_operator_2__s1,48,1,236
square__B_drop_better_operator_2__s1,49,0,500
square__B_drop_better_operator_2__s1,50,0,500
square__B_drop_better_operator_2__s1,51,1,249
square__B_drop_better_operator_2__s1,52,1,451
square__B_drop_better_operator_2__s1,53,1,402
square__B_drop_better_operator_2__s1,54,0,500
square__B_drop_better_operator_2__s1,55,0,500
square__B_drop_better_operator_2__s1,56,0,500
square__B_drop_better_operator_2__s1,57,0,500
square__B_drop_better_operator_2__s1,58,1,159
square__B_drop_better_operator_2__s1,59,0,500
square__B_drop_better_operator_2__s1,60,0,500
square__B_drop_better_operator_2__s1,61,0,500
square__B_drop_better_operator_2__s1,62,1,188
square__B_drop_better_operator_2__s1,63,1,182
square__B_drop_better_operator_2__s1,64,0,500
square__B_drop_better_operator_2__s1,65,0,500
square__B_drop_better_operator_2__s1,66,0,500
square__B_drop_better_operator_2__s1,67,1,238
square__B_drop_better_operator_2__s1,68,1,186
square__B_drop_better_operator_2__s1,69,1,321
square__B_drop_better_operator_2__s1,70,0,500
square__B_drop_better_operator_2__s1,71,0,500
square__B_drop_better_operator_2__s1,72,1,269
square__B_drop_better_operator_2__s1,73,1,219
square__B_drop_better_operator_2__s1,74,0,500
square__B_drop_better_operator_2__s1,75,0,500
square__B_drop_better_operator_2__s1,76,1,291
square__B_drop_better_operator_2__s1,77,1,171
square__B_drop_better_operator_2__s1,78,0,500
square__B_drop_better_operator_2__s1,79,1,278
square__B_drop_better_operator_2__s1,80,1,161
square__B_drop_better_operator_2__s1,81,0,500
square__B_drop_better_operator_2__s1,82,0,500
square__B_drop_better_operator_2__s1,83,1,267
square__B_drop_better_operator_2__s1,84,0,500
square__B_drop_better_operator_2__s1,85,0,500
square__B_drop_better_operator_2__s1,86,0,500
square__B_drop_better_operator_2__s1,87,0,500
square__B_drop_better_operator_2__s1,88,0,500
square__B_drop_better_operator_2__s1,89,0,500
square__B_drop_better_operator_2__s1,90,1,208
square__B_drop_better_operator_2__s1,91,0,500
square__B_drop_better_operator_2__s1,92,1,301
square__B_drop_better_operator_2__s1,93,0,500
square__B_drop_better_operator_2__s1,94,1,270
square__B_drop_better_operator_2__s1,95,0,500
square__B_drop_better_operator_2__s1,96,1,199
square__B_drop_better_operator_2__s1,97,0,500
square__B_drop_better_operator_2__s1,98,0,500
square__B_drop_better_operator_2__s1,99,1,159
square__B_drop_better_operator_2__s1,100,0,500
square__B_drop_better_operator_2__s1,101,0,500
square__B_drop_better_operator_2__s1,102,0,500
square__B_drop_better_operator_2__s1,103,1,433
square__B_drop_better_operator_2__s1,104,1,332
square__B_drop_better_operator_2__s1,105,0,500
square__B_drop_better_operator_2__s1,106,0,500
square__B_drop_better_operator_2__s1,107,1,489
square__B_drop_better_operator_2__s1,108,0,500
square__B_drop_better_operator_2__s1,109,1,209
square__B_drop_better_operator_2__s1,110,0,500
square__B_drop_better_operator_2__s1,111,0,500
square__B_drop_better_operator_2__s1,112,0,500
square__B_drop_better_operator_2__s1,113,0,500
square__B_drop_better_operator_2__s1,114,0,500
square__B_drop_better_operator_2__s1,115,0,500
square__B_drop_better_operator_2__s1,116,1,139
square__B_drop_better_operator_2__s1,117,1,178
square__B_drop_better_operator_2__s1,118,1,189
square__B_drop_better_operator_2__s1,119,0,500
square__B_drop_better_operator_2__s1,120,0,500
square__B_drop_better_operator_2__s1,121,1,329
square__B_drop_better_operator_2__s1,122,1,385
square__B_drop_better_operator_2__s1,123,1,210
square__B_drop_better_operator_2__s1,124,0,500
square__B_drop_better_operator_2__s1,125,0,500
square__B_drop_better_operator_2__s1,126,1,267
square__B_drop_better_operator_2__s1,127,0,500
square__B_drop_better_operator_2__s1,128,0,500
square__B_drop_better_operator_2__s1,129,0,500
square__B_drop_better_operator_2__s1,130,0,500
square__B_drop_better_operator_2__s1,131,0,500
square__B_drop_better_operator_2__s1,132,1,151
square__B_drop_better_operator_2__s1,133,1,352
square__B_drop_better_operator_2__s1,134,0,500
square__B_drop_better_operator_2__s1,135,0,500
square__B_drop_better_operator_2__s1,136,0,500
square__B_drop_better_operator_2__s1,137,1,169
square__B_drop_better_operator_2__s1,138,1,250
square__B_drop_better_operator_2__s1,139,0,500
square__B_drop_better_operator_2__s1,140,0,500
square__B_drop_better_operator_2__s1,141,0,500
square__B_drop_better_operator_2__s1,142,0,500
square__B_drop_better_operator_2__s1,143,1,378
square__B_drop_better_operator_2__s1,144,0,500
square__B_drop_better_operator_2__s1,145,1,271
square__B_drop_better_operator_2__s1,146,1,150
square__B_drop_better_operator_2__s1,147,1,184
square__B_drop_better_operator_2__s1,148,0,500
square__B_drop_better_operator_2__s1,149,1,317
square__B_drop_better_operator_2__s1,150,1,369
square__B_drop_better_operator_2__s1,151,1,258
square__B_drop_better_operator_2__s1,152,1,288
square__B_drop_better_operator_2__s1,153,0,500
square__B_drop_better_operator_2__s1,154,0,500
square__B_drop_better_operator_2__s1,155,0,500
square__B_drop_better_operator_2__s1,156,0,500
square__B_drop_better_operator_2__s1,157,0,500
square__B_drop_better_operator_2__s1,158,0,500
square__B_drop_better_operator_2__s1,159,0,500
square__B_drop_better_operator_2__s1,160,1,251
square__B_drop_better_operator_2__s1,161,1,332
square__B_drop_better_operator_2__s1,162,1,171
square__B_drop_better_operator_2__s1,163,1,211
square__B_drop_better_operator_2__s1,164,1,173
square__B_drop_better_operator_2__s1,165,0,500
square__B_drop_better_operator_2__s1,166,0,500
square__B_drop_better_operator_2__s1,167,1,217
square__B_drop_better_operator_2__s1,168,1,133
square__B_drop_better_operator_2__s1,169,1,210
square__B_drop_better_operator_2__s1,170,1,475
square__B_drop_better_operator_2__s1,171,0,500
square__B_drop_better_operator_2__s1,172,1,497
square__B_drop_better_operator_2__s1,173,1,335
square__B_drop_better_operator_2__s1,174,1,138
square__B_drop_better_operator_2__s1,175,1,201
square__B_drop_better_operator_2__s1,176,0,500
square__B_drop_better_operator_2__s1,177,1,320
square__B_drop_better_operator_2__s1,178,0,500
square__B_drop_better_operator_2__s1,179,0,500
square__B_drop_better_operator_2__s1,180,1,328
square__B_drop_better_operator_2__s1,181,1,318
square__B_drop_better_operator_2__s1,182,0,500
square__B_drop_better_operator_2__s1,183,0,500
square__B_drop_better_operator_2__s1,184,0,500
square__B_drop_better_operator_2__s1,185,1,227
square__B_drop_better_operator_2__s1,186,0,500
square__B_drop_better_operator_2__s1,187,1,383
square__B_drop_better_operator_2__s1,188,0,500
square__B_drop_better_operator_2__s1,189,0,500
square__B_drop_better_operator_2__s1,190,0,500
square__B_drop_better_operator_2__s1,191,1,191
square__B_drop_better_operator_2__s1,192,0,500
square__B_drop_better_operator_2__s1,193,1,137
square__B_drop_better_operator_2__s1,194,0,500
square__B_drop_better_operator_2__s1,195,0,500
square__B_drop_better_operator_2__s1,196,0,500
square__B_drop_better_operator_2__s1,197,0,500
square__B_drop_better_operator_2__s1,198,0,500
square__B_drop_better_operator_2__s1,199,1,261
square__B_drop_better_operator_2__s1,200,0,500
square__B_drop_better_operator_2__s1,201,0,500
square__B_drop_better_operator_2__s1,202,1,168
square__B_drop_better_operator_2__s1,203,1,180
square__B_drop_better_operator_2__s1,204,1,229
square__B_drop_better_operator_2__s1,205,0,500
square__B_drop_better_operator_2__s1,206,1,239
square__B_drop_better_operator_2__s1,207,1,290
square__B_drop_better_operator_2__s1,208,0,500
square__B_drop_better_operator_2__s1,209,0,500
square__B_drop_better_operator_2__s1,210,0,500
square__B_drop_better_operator_2__s1,211,1,187
square__B_drop_better_operator_2__s1,212,1,309
square__B_drop_better_operator_2__s1,213,0,500
square__B_drop_better_operator_2__s1,214,0,500
square__B_drop_better_operator_2__s1,215,1,383
square__B_drop_better_operator_2__s1,216,0,500
square__B_drop_better_operator_2__s1,217,1,187
square__B_drop_better_operator_2__s1,218,0,500
square__B_drop_better_operator_2__s1,219,0,500
square__B_drop_better_operator_2__s1,220,0,500
square__B_drop_better_operator_2__s1,221,0,500
square__B_drop_better_operator_2__s1,222,0,500
square__B_drop_better_operator_2__s1,223,1,279
square__B_drop_better_operator_2__s1,224,0,500
square__B_drop_better_operator_2__s1,225,0,500
square__B_drop_better_operator_2__s1,226,1,492
square__B_drop_better_operator_2__s1,227,0,500
square__B_drop_better_operator_2__s1,228,0,500
square__B_drop_better_operator_2__s1,229,0,500
square__B_drop_better_operator_2__s1,230,0,500
square__B_drop_better_operator_2__s1,231,0,500
square__B_drop_better_operator_2__s1,232,0,500
square__B_drop_better_operator_2__s1,233,1,223
square__B_drop_better_operator_2__s1,234,1,209
square__B_drop_better_operator_2__s1,235,1,156
square__B_drop_better_operator_2__s1,236,0,500
square__B_drop_better_operator_2__s1,237,0,500
square__B_drop_better_operator_2__s1,238,1,352
square__B_drop_better_operator_2__s1,239,0,500
square__B_drop_better_operator_2__s1,240,1,150
square__B_drop_better_operator_2__s1,241,1,441
square__B_drop_better_operator_2__s1,242,1,259
square__B_drop_better_operator_2__s1,243,1,295
square__B_drop_better_operator_2__s1,244,1,227
square__B_drop_better_operator_2__s1,245,1,182
square__B_drop_better_operator_2__s1,246,1,230
square__B_drop_better_operator_2__s1,247,0,500
square__B_drop_better_operator_2__s1,248,0,500
square__B_drop_better_operator_2__s1,249,1,213
square__B_drop_better_operator_2__s1,250,0,500
square__B_drop_better_operator_2__s1,251,0,500
square__B_drop_better_operator_2__s1,252,1,231
square__B_drop_better_operator_2__s1,253,1,168
square__B_drop_better_operator_2__s1,254,1,482
square__B_drop_better_operator_2__s1,255,1,156
square__B_drop_better_operator_2__s1,256,1,180
square__B_drop_better_operator_2__s1,257,1,150
square__B_drop_better_operator_2__s1,258,1,248
square__B_drop_better_operator_2__s1,259,1,291
square__B_drop_better_operator_2__s1,260,1,388
square__B_drop_better_operator_2__s1,261,0,500
square__B_drop_better_operator_2__s1,262,0,500
square__B_drop_better_operator_2__s1,263,0,500
square__B_drop_better_operator_2__s1,264,1,272
square__B_drop_better_operator_2__s1,265,0,500
square__B_drop_better_operator_2__s1,266,0,500
square__B_drop_better_operator_2__s1,267,1,342
square__B_drop_better_operator_2__s1,268,0,500
square__B_drop_better_operator_2__s1,269,0,500
square__B_drop_better_operator_2__s1,270,0,500
square__B_drop_better_operator_2__s1,271,1,296
square__B_drop_better_operator_2__s1,272,1,251
square__B_drop_better_operator_2__s1,273,1,189
square__B_drop_better_operator_2__s1,274,1,170
square__B_drop_better_operator_2__s1,275,1,237
square__B_drop_better_operator_2__s1,276,1,476
square__B_drop_better_operator_2__s1,277,0,500
square__B_drop_better_operator_2__s1,278,1,240
square__B_drop_better_operator_2__s1,279,0,500
square__B_drop_better_operator_2__s1,280,1,209
square__B_drop_better_operator_2__s1,281,0,500
square__B_drop_better_operator_2__s1,282,0,500
square__B_drop_better_operator_2__s1,283,0,500
square__B_drop_better_operator_2__s1,284,1,210
square__B_drop_better_operator_2__s1,285,0,500
square__B_drop_better_operator_2__s1,286,0,500
square__B_drop_better_operator_2__s1,287,0,500
square__B_drop_better_operator_2__s1,288,1,330
square__B_drop_better_operator_2__s1,289,0,500
square__B_drop_better_operator_2__s1,290,1,422
square__B_drop_better_operator_2__s1,291,0,500
square__B_drop_better_operator_2__s1,292,1,229
square__B_drop_better_operator_2__s1,293,1,228
square__B_drop_better_operator_2__s1,294,1,372
square__B_drop_better_operator_2__s1,295,1,191
square__B_drop_better_operator_2__s1,296,1,220
square__B_drop_better_operator_2__s1,297,1,222
square__B_drop_better_operator_2__s1,298,1,453
square__B_drop_better_operator_2__s1,299,1,319
square__B_drop_better_operator_2__s1,300,1,407
square__B_drop_better_operator_2__s1,301,0,500
square__B_drop_better_operator_2__s1,302,0,500
square__B_drop_better_operator_2__s1,303,1,221
square__B_drop_better_operator_2__s1,304,1,200
square__B_drop_better_operator_2__s1,305,0,500
square__B_drop_better_operator_2__s1,306,1,414
square__B_drop_better_operator_2__s1,307,0,500
square__B_drop_better_operator_2__s1,308,1,188
square__B_drop_better_operator_2__s1,309,0,500
square__B_drop_better_operator_2__s1,310,0,500
square__B_drop_better_operator_2__s1,311,0,500
square__B_drop_better_operator_2__s1,312,1,249
square__B_drop_better_operator_2__s1,313,0,500
square__B_drop_better_operator_2__s1,314,1,299
square__B_drop_better_operator_2__s1,315,1,161
square__B_drop_better_operator_2__s1,316,1,222
square__B_drop_better_operator_2__s1,317,0,500
square__B_drop_better_operator_2__s1,318,1,231
square__B_drop_better_operator_2__s1,319,1,231
square__B_drop_better_operator_2__s1,320,0,500
square__B_drop_better_operator_2__s1,321,0,500
square__B_drop_better_operator_2__s1,322,1,471
square__B_drop_better_operator_2__s1,323,0,500
square__B_drop_better_operator_2__s1,324,0,500
square__B_drop_better_operator_2__s1,325,1,232
square__B_drop_better_operator_2__s1,326,0,500
square__B_drop_better_operator_2__s1,327,0,500
square__B_drop_better_operator_2__s1,328,0,500
square__B_drop_better_operator_2__s1,329,0,500
square__B_drop_better_operator_2__s1,330,0,500
square__B_drop_better_operator_2__s1,331,0,500
square__B_drop_better_operator_2__s1,332,1,321
square__B_drop_better_operator_2__s1,333,0,500
square__B_drop_better_operator_2__s1,334,0,500
square__B_drop_better_operator_2__s1,335,1,433
square__B_drop_better_operator_2__s1,336,1,178
square__B_drop_better_operator_2__s1,337,0,500
square__B_drop_better_operator_2__s1,338,0,500
square__B_drop_better_operator_2__s1,339,0,500
square__B_drop_better_operator_2__s1,340,0,500
square__B_drop_better_operator_2__s1,341,0,500
square__B_drop_better_operator_2__s1,342,0,500
square__B_drop_better_operator_2__s1,343,1,249
square__B_drop_better_operator_2__s1,344,0,500
square__B_drop_better_operator_2__s1,345,0,500
square__B_drop_better_operator_2__s1,346,1,190
square__B_drop_better_operator_2__s1,347,0,500
square__B_drop_better_operator_2__s1,348,1,413
square__B_drop_better_operator_2__s1,349,0,500
square__B_drop_better_operator_2__s1,350,0,500
square__B_drop_better_operator_2__s1,351,0,500
square__B_drop_better_operator_2__s1,352,1,472
square__B_drop_better_operator_2__s1,353,0,500
square__B_drop_better_operator_2__s1,354,0,500
square__B_drop_better_operator_2__s1,355,1,152
square__B_drop_better_operator_2__s1,356,1,161
square__B_drop_better_operator_2__s1,357,0,500
square__B_drop_better_operator_2__s1,358,0,500
square__B_drop_better_operator_2__s1,359,0,500
square__B_drop_better_operator_2__s1,360,0,500
square__B_drop_better_operator_2__s1,361,1,237
square__B_drop_better_operator_2__s1,362,0,500
square__B_drop_better_operator_2__s1,363,1,168
square__B_drop_better_operator_2__s1,364,1,184
square__B_drop_better_operator_2__s1,365,0,500
square__B_drop_better_operator_2__s1,366,0,500
square__B_drop_better_operator_2__s1,367,1,146
square__B_drop_better_operator_2__s1,368,1,475
square__B_drop_better_operator_2__s1,369,1,148
square__B_drop_better_operator_2__s1,370,0,500
square__B_drop_better_operator_2__s1,371,0,500
square__B_drop_better_operator_2__s1,372,0,500
square__B_drop_better_operator_2__s1,373,1,158
square__B_drop_better_operator_2__s1,374,0,500
square__B_drop_better_operator_2__s1,375,1,177
square__B_drop_better_operator_2__s1,376,0,500
square__B_drop_better_operator_2__s1,377,0,500
square__B_drop_better_operator_2__s1,378,0,500
square__B_drop_better_operator_2__s1,379,1,228
square__B_drop_better_operator_2__s1,380,1,151
square__B_drop_better_operator_2__s1,381,1,482
square__B_drop_better_operator_2__s1,382,0,500
square__B_drop_better_operator_2__s1,383,0,500
square__B_drop_better_operator_2__s1,384,0,500
square__B_drop_better_operator_2__s1,385,0,500
square__B_drop_better_operator_2__s1,386,1,158
square__B_drop_better_operator_2__s1,387,1,170
square__B_drop_better_operator_2__s1,388,0,500
square__B_drop_better_operator_2__s1,389,0,500
square__B_drop_better_operator_2__s1,390,1,467
square__B_drop_better_operator_2__s1,391,1,181
square__B_drop_better_operator_2__s1,392,1,161
square__B_drop_better_operator_2__s1,393,1,315
square__B_drop_better_operator_2__s1,394,1,222
square__B_drop_better_operator_2__s1,395,1,249
square__B_drop_better_operator_2__s1,396,1,357
square__B_drop_better_operator_2__s1,397,1,485
square__B_drop_better_operator_2__s1,398,0,500
square__B_drop_better_operator_2__s1,399,0,500
square__B_drop_better_operator_2__s1,400,1,338
square__B_drop_better_operator_2__s1,401,0,500
square__B_drop_better_operator_2__s1,402,1,311
square__B_drop_better_operator_2__s1,403,0,500
square__B_drop_better_operator_2__s1,404,0,500
square__B_drop_better_operator_2__s1,405,1,250
square__B_drop_better_operator_2__s1,406,0,500
square__B_drop_better_operator_2__s1,407,1,179
square__B_drop_better_operator_2__s1,408,1,262
square__B_drop_better_operator_2__s1,409,0,500
square__B_drop_better_operator_2__s1,410,0,500
square__B_drop_better_operator_2__s1,411,0,500
square__B_drop_better_operator_2__s1,412,0,500
square__B_drop_better_operator_2__s1,413,0,500
square__B_drop_better_operator_2__s1,414,0,500
square__B_drop_better_operator_2__s1,415,0,500
square__B_drop_better_operator_2__s1,416,1,180
square__B_drop_better_operator_2__s1,417,1,228
square__B_drop_better_operator_2__s1,418,0,500
square__B_drop_better_operator_2__s1,419,0,500
square__B_drop_better_operator_2__s1,420,0,500
square__B_drop_better_operator_2__s1,421,1,155
square__B_drop_better_operator_2__s1,422,0,500
square__B_drop_better_operator_2__s1,423,0,500
square__B_drop_better_operator_2__s1,424,0,500
square__B_drop_better_operator_2__s1,425,0,500
square__B_drop_better_operator_2__s1,426,1,194
square__B_drop_better_operator_2__s1,427,0,500
square__B_drop_better_operator_2__s1,428,0,500
square__B_drop_better_operator_2__s1,429,0,500
square__B_drop_better_operator_2__s1,430,1,262
square__B_drop_better_operator_2__s1,431,0,500
square__B_drop_better_operator_2__s1,432,1,316
square__B_drop_better_operator_2__s1,433,0,500
square__B_drop_better_operator_2__s1,434,0,500
square__B_drop_better_operator_2__s1,435,1,216
square__B_drop_better_operator_2__s1,436,1,209
square__B_drop_better_operator_2__s1,437,1,242
square__B_drop_better_operator_2__s1,438,0,500
square__B_drop_better_operator_2__s1,439,1,135
square__B_drop_better_operator_2__s1,440,0,500
square__B_drop_better_operator_2__s1,441,1,163
square__B_drop_better_operator_2__s1,442,1,472
square__B_drop_better_operator_2__s1,443,1,368
square__B_drop_better_operator_2__s1,444,1,174
square__B_drop_better_operator_2__s1,445,0,500
square__B_drop_better_operator_2__s1,446,0,500
square__B_drop_better_operator_2__s1,447,0,500
square__B_drop_better_operator_2__s1,448,0,500
square__B_drop_better_operator_2__s1,449,0,500
square__B_drop_better_operator_2__s1,450,1,151
square__B_drop_better_operator_2__s1,451,1,180
square__B_drop_better_operator_2__s1,452,1,145
square__B_drop_better_operator_2__s1,453,0,500
square__B_drop_better_operator_2__s1,454,0,500
square__B_drop_better_operator_2__s1,455,0,500
square__B_drop_better_operator_2__s1,456,0,500
square__B_drop_better_operator_2__s1,457,1,242
square__B_drop_better_operator_2__s1,458,0,500
square__B_drop_better_operator_2__s1,459,0,500
square__B_drop_better_operator_2__s1,460,1,306
square__B_drop_better_operator_2__s1,461,1,486
square__B_drop_better_operator_2__s1,462,1,410
square__B_drop_better_operator_2__s1,463,0,500
square__B_drop_better_operator_2__s1,464,1,320
square__B_drop_better_operator_2__s1,465,0,500
square__B_drop_better_operator_2__s1,466,0,500
square__B_drop_better_operator_2__s1,467,0,500
square__B_drop_better_operator_2__s1,468,1,243
square__B_drop_better_operator_2__s1,469,1,276
square__B_drop_better_operator_2__s1,470,0,500
square__B_drop_better_operator_2__s1,471,0,500
square__B_drop_better_operator_2__s1,472,0,500
square__B_drop_better_operator_2__s1,473,0,500
square__B_drop_better_operator_2__s1,474,1,297
square__B_drop_better_operator_2__s1,475,0,500
square__B_drop_better_operator_2__s1,476,1,216
square__B_drop_better_operator_2__s1,477,0,500
square__B_drop_better_operator_2__s1,478,0,500
square__B_drop_better_operator_2__s1,479,1,287
square__B_drop_better_operator_2__s1,480,0,500
square__B_drop_better_operator_2__s1,481,1,472
square__B_drop_better_operator_2__s1,482,0,500
square__B_drop_better_operator_2__s1,483,0,500
square__B_drop_better_operator_2__s1,484,0,500
square__B_drop_better_operator_2__s1,485,1,268
square__B_drop_better_operator_2__s1,486,1,163
square__B_drop_better_operator_2__s1,487,0,500
square__B_drop_better_operator_2__s1,488,0,500
square__B_drop_better_operator_2__s1,489,1,362
square__B_drop_better_operator_2__s1,490,0,500
square__B_drop_better_operator_2__s1,491,0,500
square__B_drop_better_operator_2__s1,492,1,305
square__B_drop_better_operator_2__s1,493,1,409
square__B_drop_better_operator_2__s1,494,0,500
square__B_drop_better_operator_2__s1,495,1,170
square__B_drop_better_operator_2__s1,496,1,177
square__B_drop_better_operator_2__s1,497,0,500
square__B_drop_better_operator_2__s1,498,1,169
square__B_drop_better_operator_2__s1,499,0,500
square__B_drop_better_operator_2__s2,0,1,250
square__B_drop_better_operator_2__s2,1,0,500
square__B_drop_better_operator_2__s2,2,1,392
square__B_drop_better_operator_2__s2,3,0,500
square__B_drop_better_operator_2__s2,4,1,279
square__B_drop_better_operator_2__s2,5,0,500
square__B_drop_better_operator_2__s2,6,1,256
square__B_drop_better_operator_2__s2,7,1,195
square__B_drop_better_operator_2__s2,8,0,500
square__B_drop_better_operator_2__s2,9,1,167
square__B_drop_better_operator_2__s2,10,1,215
square__B_drop_better_operator_2__s2,11,0,500
square__B_drop_better_operator_2__s2,12,0,500
square__B_drop_better_operator_2__s2,13,0,500
square__B_drop_better_operator_2__s2,14,0,500
square__B_drop_better_operator_2__s2,15,1,279
square__B_drop_better_operator_2__s2,16,1,414
square__B_drop_better_operator_2__s2,17,0,500
square__B_drop_better_operator_2__s2,18,0,500
square__B_drop_better_operator_2__s2,19,0,500
square__B_drop_better_operator_2__s2,20,0,500
square__B_drop_better_operator_2__s2,21,1,330
square__B_drop_better_operator_2__s2,22,1,219
square__B_drop_better_operator_2__s2,23,0,500
square__B_drop_better_operator_2__s2,24,0,500
square__B_drop_better_operator_2__s2,25,1,208
square__B_drop_better_operator_2__s2,26,1,310
square__B_drop_better_operator_2__s2,27,0,500
square__B_drop_better_operator_2__s2,28,1,295
square__B_drop_better_operator_2__s2,29,0,500
square__B_drop_better_operator_2__s2,30,0,500
square__B_drop_better_operator_2__s2,31,1,220
square__B_drop_better_operator_2__s2,32,1,322
square__B_drop_better_operator_2__s2,33,0,500
square__B_drop_better_operator_2__s2,34,1,456
square__B_drop_better_operator_2__s2,35,0,500
square__B_drop_better_operator_2__s2,36,1,303
square__B_drop_better_operator_2__s2,37,1,279
square__B_drop_better_operator_2__s2,38,0,500
square__B_drop_better_operator_2__s2,39,1,209
square__B_drop_better_operator_2__s2,40,0,500
square__B_drop_better_operator_2__s2,41,0,500
square__B_drop_better_operator_2__s2,42,1,220
square__B_drop_better_operator_2__s2,43,0,500
square__B_drop_better_operator_2__s2,44,1,221
square__B_drop_better_operator_2__s2,45,0,500
square__B_drop_better_operator_2__s2,46,1,202
square__B_drop_better_operator_2__s2,47,1,450
square__B_drop_better_operator_2__s2,48,0,500
square__B_drop_better_operator_2__s2,49,1,282
square__B_drop_better_operator_2__s2,50,0,500
square__B_drop_better_operator_2__s2,51,1,283
square__B_drop_better_operator_2__s2,52,0,500
square__B_drop_better_operator_2__s2,53,1,212
square__B_drop_better_operator_2__s2,54,0,500
square__B_drop_better_operator_2__s2,55,0,500
square__B_drop_better_operator_2__s2,56,1,392
square__B_drop_better_operator_2__s2,57,0,500
square__B_drop_better_operator_2__s2,58,1,160
square__B_drop_better_operator_2__s2,59,0,500
square__B_drop_better_operator_2__s2,60,1,180
square__B_drop_better_operator_2__s2,61,1,300
square__B_drop_better_operator_2__s2,62,0,500
square__B_drop_better_operator_2__s2,63,1,150
square__B_drop_better_operator_2__s2,64,0,500
square__B_drop_better_operator_2__s2,65,1,235
square__B_drop_better_operator_2__s2,66,1,346
square__B_drop_better_operator_2__s2,67,1,231
square__B_drop_better_operator_2__s2,68,1,192
square__B_drop_better_operator_2__s2,69,1,259
square__B_drop_better_operator_2__s2,70,1,360
square__B_drop_better_operator_2__s2,71,0,500
square__B_drop_better_operator_2__s2,72,0,500
square__B_drop_better_operator_2__s2,73,1,168
square__B_drop_better_operator_2__s2,74,1,230
square__B_drop_better_operator_2__s2,75,0,500
square__B_drop_better_operator_2__s2,76,1,173
square__B_drop_better_operator_2__s2,77,1,252
square__B_drop_better_operator_2__s2,78,1,212
square__B_drop_better_operator_2__s2,79,0,500
square__B_drop_better_operator_2__s2,80,1,296
square__B_drop_better_operator_2__s2,81,0,500
square__B_drop_better_operator_2__s2,82,0,500
square__B_drop_better_operator_2__s2,83,1,159
square__B_drop_better_operator_2__s2,84,1,173
square__B_drop_better_operator_2__s2,85,1,214
square__B_drop_better_operator_2__s2,86,0,500
square__B_drop_better_operator_2__s2,87,0,500
square__B_drop_better_operator_2__s2,88,1,391
square__B_drop_better_operator_2__s2,89,1,210
square__B_drop_better_operator_2__s2,90,0,500
square__B_drop_better_operator_2__s2,91,1,309
square__B_drop_better_operator_2__s2,92,0,500
square__B_drop_better_operator_2__s2,93,0,500
square__B_drop_better_operator_2__s2,94,0,500
square__B_drop_better_operator_2__s2,95,0,500
square__B_drop_better_operator_2__s2,96,1,472
square__B_drop_better_operator_2__s2,97,0,500
square__B_drop_better_operator_2__s2,98,1,171
square__B_drop_better_operator_2__s2,99,0,500
square__B_drop_better_operator_2__s2,100,1,250
square__B_drop_better_operator_2__s2,101,1,321
square__B_drop_better_operator_2__s2,102,0,500
square__B_drop_better_operator_2__s2,103,1,280
square__B_drop_better_operator_2__s2,104,0,500
square__B_drop_better_operator_2__s2,105,0,500
square__B_drop_better_operator_2__s2,106,0,500
square__B_drop_better_operator_2__s2,107,0,500
square__B_drop_better_operator_2__s2,108,1,371
square__B_drop_better_operator_2__s2,109,1,342
square__B_drop_better_operator_2__s2,110,1,453
square__B_drop_better_operator_2__s2,111,1,319
square__B_drop_better_operator_2__s2,112,1,182
square__B_drop_better_operator_2__s2,113,1,238
square__B_drop_better_operator_2__s2,114,0,500
square__B_drop_better_operator_2__s2,115,1,276
square__B_drop_better_operator_2__s2,116,0,500
square__B_drop_better_operator_2__s2,117,1,159
square__B_drop_better_operator_2__s2,118,1,230
square__B_drop_better_operator_2__s2,119,1,161
square__B_drop_better_operator_2__s2,120,1,339
square__B_drop_better_operator_2__s2,121,1,185
square__B_drop_better_operator_2__s2,122,0,500
square__B_drop_better_operator_2__s2,123,0,500
square__B_drop_better_operator_2__s2,124,0,500
square__B_drop_better_operator_2__s2,125,0,500
square__B_drop_better_operator_2__s2,126,1,288
square__B_drop_better_operator_2__s2,127,0,500
square__B_drop_better_operator_2__s2,128,0,500
square__B_drop_better_operator_2__s2,129,0,500
square__B_drop_better_operator_2__s2,130,1,225
square__B_drop_better_operator_2__s2,131,0,500
square__B_drop_better_operator_2__s2,132,1,217
square__B_drop_better_operator_2__s2,133,1,469
square__B_drop_better_operator_2__s2,134,0,500
square__B_drop_better_operator_2__s2,135,0,500
square__B_drop_better_operator_2__s2,136,0,500
square__B_drop_better_operator_2__s2,137,1,188
square__B_drop_better_operator_2__s2,138,0,500
square__B_drop_better_operator_2__s2,139,1,201
square__B_drop_better_operator_2__s2,140,0,500
square__B_drop_better_operator_2__s2,141,1,352
square__B_drop_better_operator_2__s2,142,1,252
square__B_drop_better_operator_2__s2,143,0,500
square__B_drop_better_operator_2__s2,144,0,500
square__B_drop_better_operator_2__s2,145,1,292
square__B_drop_better_operator_2__s2,146,1,152
square__B_drop_better_operator_2__s2,147,1,188
square__B_drop_better_operator_2__s2,148,0,500
square__B_drop_better_operator_2__s2,149,1,219
square__B_drop_better_operator_2__s2,150,0,500
square__B_drop_better_operator_2__s2,151,0,500
square__B_drop_better_operator_2__s2,152,1,212
square__B_drop_better_operator_2__s2,153,0,500
square__B_drop_better_operator_2__s2,154,1,230
square__B_drop_better_operator_2__s2,155,1,342
square__B_drop_better_operator_2__s2,156,1,192
square__B_drop_better_operator_2__s2,157,1,185
square__B_drop_better_operator_2__s2,158,0,500
square__B_drop_better_operator_2__s2,159,0,500
square__B_drop_better_operator_2__s2,160,0,500
square__B_drop_better_operator_2__s2,161,1,452
square__B_drop_better_operator_2__s2,162,1,241
square__B_drop_better_operator_2__s2,163,1,263
square__B_drop_better_operator_2__s2,164,0,500
square__B_drop_better_operator_2__s2,165,1,201
square__B_drop_better_operator_2__s2,166,0,500
square__B_drop_better_operator_2__s2,167,0,500
square__B_drop_better_operator_2__s2,168,0,500
square__B_drop_better_operator_2__s2,169,1,403
square__B_drop_better_operator_2__s2,170,1,307
square__B_drop_better_operator_2__s2,171,1,341
square__B_drop_better_operator_2__s2,172,0,500
square__B_drop_better_operator_2__s2,173,0,500
square__B_drop_better_operator_2__s2,174,1,234
square__B_drop_better_operator_2__s2,175,1,256
square__B_drop_better_operator_2__s2,176,0,500
square__B_drop_better_operator_2__s2,177,1,343
square__B_drop_better_operator_2__s2,178,1,238
square__B_drop_better_operator_2__s2,179,0,500
square__B_drop_better_operator_2__s2,180,0,500
square__B_drop_better_operator_2__s2,181,1,242
square__B_drop_better_operator_2__s2,182,0,500
square__B_drop_better_operator_2__s2,183,1,295
square__B_drop_better_operator_2__s2,184,1,318
square__B_drop_better_operator_2__s2,185,1,188
square__B_drop_better_operator_2__s2,186,1,223
square__B_drop_better_operator_2__s2,187,1,225
square__B_drop_better_operator_2__s2,188,0,500
square__B_drop_better_operator_2__s2,189,1,310
square__B_drop_better_operator_2__s2,190,1,258
square__B_drop_better_operator_2__s2,191,1,179
square__B_drop_better_operator_2__s2,192,1,184
square__B_drop_better_operator_2__s2,193,0,500
square__B_drop_better_operator_2__s2,194,0,500
square__B_drop_better_operator_2__s2,195,0,500
square__B_drop_better_operator_2__s2,196,1,178
square__B_drop_better_operator_2__s2,197,1,497
square__B_drop_better_operator_2__s2,198,0,500
square__B_drop_better_operator_2__s2,199,1,301
square__B_drop_better_operator_2__s2,200,0,500
square__B_drop_better_operator_2__s2,201,0,500
square__B_drop_better_operator_2__s2,202,0,500
square__B_drop_better_operator_2__s2,203,1,245
square__B_drop_better_operator_2__s2,204,1,270
square__B_drop_better_operator_2__s2,205,1,372
square__B_drop_better_operator_2__s2,206,1,261
square__B_drop_better_operator_2__s2,207,1,210
square__B_drop_better_operator_2__s2,208,1,436
square__B_drop_better_operator_2__s2,209,1,223
square__B_drop_better_operator_2__s2,210,1,304
square__B_drop_better_operator_2__s2,211,1,278
square__B_drop_better_operator_2__s2,212,1,160
square__B_drop_better_operator_2__s2,213,1,331
square__B_drop_better_operator_2__s2,214,0,500
square__B_drop_better_operator_2__s2,215,0,500
square__B_drop_better_operator_2__s2,216,1,314
square__B_drop_better_operator_2__s2,217,1,288
square__B_drop_better_operator_2__s2,218,0,500
square__B_drop_better_operator_2__s2,219,1,179
square__B_drop_better_operator_2__s2,220,0,500
square__B_drop_better_operator_2__s2,221,0,500
square__B_drop_better_operator_2__s2,222,0,500
square__B_drop_better_operator_2__s2,223,1,338
square__B_drop_better_operator_2__s2,224,1,298
square__B_drop_better_operator_2__s2,225,0,500
square__B_drop_better_operator_2__s2,226,1,369
square__B_drop_better_operator_2__s2,227,0,500
square__B_drop_better_operator_2__s2,228,0,500
square__B_drop_better_operator_2__s2,229,0,500
square__B_drop_better_operator_2__s2,230,0,500
square__B_drop_better_operator_2__s2,231,0,500
square__B_drop_better_operator_2__s2,232,1,215
square__B_drop_better_operator_2__s2,233,0,500
square__B_drop_better_operator_2__s2,234,0,500
square__B_drop_better_operator_2__s2,235,1,211
square__B_drop_better_operator_2__s2,236,1,272
square__B_drop_better_operator_2__s2,237,1,430
square__B_drop_better_operator_2__s2,238,1,242
square__B_drop_better_operator_2__s2,239,1,271
square__B_drop_better_operator_2__s2,240,1,286
square__B_drop_better_operator_2__s2,241,0,500
square__B_drop_better_operator_2__s2,242,1,471
square__B_drop_better_operator_2__s2,243,1,230
square__B_drop_better_operator_2__s2,244,1,220
square__B_drop_better_operator_2__s2,245,1,208
square__B_drop_better_operator_2__s2,246,1,232
square__B_drop_better_operator_2__s2,247,1,239
square__B_drop_better_operator_2__s2,248,0,500
square__B_drop_better_operator_2__s2,249,1,228
square__B_drop_better_operator_2__s2,250,1,211
square__B_drop_better_operator_2__s2,251,1,238
square__B_drop_better_operator_2__s2,252,1,198
square__B_drop_better_operator_2__s2,253,1,173
square__B_drop_better_operator_2__s2,254,0,500
square__B_drop_better_operator_2__s2,255,1,346
square__B_drop_better_operator_2__s2,256,1,241
square__B_drop_better_operator_2__s2,257,1,248
square__B_drop_better_operator_2__s2,258,1,219
square__B_drop_better_operator_2__s2,259,1,310
square__B_drop_better_operator_2__s2,260,0,500
square__B_drop_better_operator_2__s2,261,0,500
square__B_drop_better_operator_2__s2,262,1,192
square__B_drop_better_operator_2__s2,263,1,262
square__B_drop_better_operator_2__s2,264,1,186
square__B_drop_better_operator_2__s2,265,0,500
square__B_drop_better_operator_2__s2,266,1,485
square__B_drop_better_operator_2__s2,267,0,500
square__B_drop_better_operator_2__s2,268,1,160
square__B_drop_better_operator_2__s2,269,1,461
square__B_drop_better_operator_2__s2,270,1,266
square__B_drop_better_operator_2__s2,271,1,242
square__B_drop_better_operator_2__s2,272,1,300
square__B_drop_better_operator_2__s2,273,1,222
square__B_drop_better_operator_2__s2,274,1,258
square__B_drop_better_operator_2__s2,275,1,251
square__B_drop_better_operator_2__s2,276,0,500
square__B_drop_better_operator_2__s2,277,1,239
square__B_drop_better_operator_2__s2,278,1,228
square__B_drop_better_operator_2__s2,279,1,321
square__B_drop_better_operator_2__s2,280,1,192
square__B_drop_better_operator_2__s2,281,1,200
square__B_drop_better_operator_2__s2,282,0,500
square__B_drop_better_operator_2__s2,283,1,239
square__B_drop_better_operator_2__s2,284,0,500
square__B_drop_better_operator_2__s2,285,0,500
square__B_drop_better_operator_2__s2,286,1,250
square__B_drop_better_operator_2__s2,287,1,242
square__B_drop_better_operator_2__s2,288,1,386
square__B_drop_better_operator_2__s2,289,1,213
square__B_drop_better_operator_2__s2,290,1,170
square__B_drop_better_operator_2__s2,291,1,307
square__B_drop_better_operator_2__s2,292,1,280
square__B_drop_better_operator_2__s2,293,1,198
square__B_drop_better_operator_2__s2,294,1,190
square__B_drop_better_operator_2__s2,295,1,227
square__B_drop_better_operator_2__s2,296,0,500
square__B_drop_better_operator_2__s2,297,1,247
square__B_drop_better_operator_2__s2,298,1,240
square__B_drop_better_operator_2__s2,299,1,253
square__B_drop_better_operator_2__s2,300,1,230
square__B_drop_better_operator_2__s2,301,1,362
square__B_drop_better_operator_2__s2,302,1,295
square__B_drop_better_operator_2__s2,303,1,158
square__B_drop_better_operator_2__s2,304,1,352
square__B_drop_better_operator_2__s2,305,0,500
square__B_drop_better_operator_2__s2,306,0,500
square__B_drop_better_operator_2__s2,307,1,142
square__B_drop_better_operator_2__s2,308,1,160
square__B_drop_better_operator_2__s2,309,0,500
square__B_drop_better_operator_2__s2,310,0,500
square__B_drop_better_operator_2__s2,311,0,500
square__B_drop_better_operator_2__s2,312,1,257
square__B_drop_better_operator_2__s2,313,1,219
square__B_drop_better_operator_2__s2,314,1,291
square__B_drop_better_operator_2__s2,315,1,222
square__B_drop_better_operator_2__s2,316,1,250
square__B_drop_better_operator_2__s2,317,1,193
square__B_drop_better_operator_2__s2,318,1,285
square__B_drop_better_operator_2__s2,319,1,259
square__B_drop_better_operator_2__s2,320,0,500
square__B_drop_better_operator_2__s2,321,1,221
square__B_drop_better_operator_2__s2,322,1,406
square__B_drop_better_operator_2__s2,323,0,500
square__B_drop_better_operator_2__s2,324,0,500
square__B_drop_better_operator_2__s2,325,1,232
square__B_drop_better_operator_2__s2,326,1,162
square__B_drop_better_operator_2__s2,327,1,341
square__B_drop_better_operator_2__s2,328,0,500
square__B_drop_better_operator_2__s2,329,0,500
square__B_drop_better_operator_2__s2,330,1,248
square__B_drop_better_operator_2__s2,331,0,500
square__B_drop_better_operator_2__s2,332,1,392
square__B_drop_better_operator_2__s2,333,1,236
square__B_drop_better_operator_2__s2,334,0,500
square__B_drop_better_operator_2__s2,335,1,249
square__B_drop_better_operator_2__s2,336,0,500
square__B_drop_better_operator_2__s2,337,0,500
square__B_drop_better_operator_2__s2,338,1,237
square__B_drop_better_operator_2__s2,339,1,191
square__B_drop_better_operator_2__s2,340,0,500
square__B_drop_better_operator_2__s2,341,1,159
square__B_drop_better_operator_2__s2,342,0,500
square__B_drop_better_operator_2__s2,343,1,180
square__B_drop_better_operator_2__s2,344,1,189
square__B_drop_better_operator_2__s2,345,0,500
square__B_drop_better_operator_2__s2,346,0,500
square__B_drop_better_operator_2__s2,347,0,500
square__B_drop_better_operator_2__s2,348,0,500
square__B_drop_better_operator_2__s2,349,0,500
square__B_drop_better_operator_2__s2,350,1,183
square__B_drop_better_operator_2__s2,351,1,209
square__B_drop_better_operator_2__s2,352,1,449
square__B_drop_better_operator_2__s2,353,0,500
square__B_drop_better_operator_2__s2,354,0,500
square__B_drop_better_operator_2__s2,355,0,500
square__B_drop_better_operator_2__s2,356,0,500
square__B_drop_better_operator_2__s2,357,1,251
square__B_drop_better_operator_2__s2,358,1,219
square__B_drop_better_operator_2__s2,359,0,500
square__B_drop_better_operator_2__s2,360,1,370
square__B_drop_better_operator_2__s2,361,1,220
square__B_drop_better_operator_2__s2,362,1,357
square__B_drop_better_operator_2__s2,363,1,252
square__B_drop_better_operator_2__s2,364,1,207
square__B_drop_better_operator_2__s2,365,0,500
square__B_drop_better_operator_2__s2,366,1,184
square__B_drop_better_operator_2__s2,367,1,237
square__B_drop_better_operator_2__s2,368,0,500
square__B_drop_better_operator_2__s2,369,1,209
square__B_drop_better_operator_2__s2,370,0,500
square__B_drop_better_operator_2__s2,371,1,469
square__B_drop_better_operator_2__s2,372,0,500
square__B_drop_better_operator_2__s2,373,1,191
square__B_drop_better_operator_2__s2,374,0,500
square__B_drop_better_operator_2__s2,375,1,226
square__B_drop_better_operator_2__s2,376,1,183
square__B_drop_better_operator_2__s2,377,0,500
square__B_drop_better_operator_2__s2,378,1,196
square__B_drop_better_operator_2__s2,379,1,228
square__B_drop_better_operator_2__s2,380,0,500
square__B_drop_better_operator_2__s2,381,0,500
square__B_drop_better_operator_2__s2,382,0,500
square__B_drop_better_operator_2__s2,383,0,500
square__B_drop_better_operator_2__s2,384,0,500
square__B_drop_better_operator_2__s2,385,1,206
square__B_drop_better_operator_2__s2,386,1,415
square__B_drop_better_operator_2__s2,387,1,170
square__B_drop_better_operator_2__s2,388,0,500
square__B_drop_better_operator_2__s2,389,1,201
square__B_drop_better_operator_2__s2,390,0,500
square__B_drop_better_operator_2__s2,391,1,234
square__B_drop_better_operator_2__s2,392,1,165
square__B_drop_better_operator_2__s2,393,0,500
square__B_drop_better_operator_2__s2,394,0,500
square__B_drop_better_operator_2__s2,395,1,258
square__B_drop_better_operator_2__s2,396,1,241
square__B_drop_better_operator_2__s2,397,0,500
square__B_drop_better_operator_2__s2,398,0,500
square__B_drop_better_operator_2__s2,399,0,500
square__B_drop_better_operator_2__s2,400,0,500
square__B_drop_better_operator_2__s2,401,0,500
square__B_drop_better_operator_2__s2,402,1,493
square__B_drop_better_operator_2__s2,403,0,500
square__B_drop_better_operator_2__s2,404,0,500
square__B_drop_better_operator_2__s2,405,1,299
square__B_drop_better_operator_2__s2,406,1,148
square__B_drop_better_operator_2__s2,407,1,339
square__B_drop_better_operator_2__s2,408,0,500
square__B_drop_better_operator_2__s2,409,0,500
square__B_drop_better_operator_2__s2,410,0,500
square__B_drop_better_operator_2__s2,411,0,500
square__B_drop_better_operator_2__s2,412,1,229
square__B_drop_better_operator_2__s2,413,1,243
square__B_drop_better_operator_2__s2,414,0,500
square__B_drop_better_operator_2__s2,415,0,500
square__B_drop_better_operator_2__s2,416,1,299
square__B_drop_better_operator_2__s2,417,1,259
square__B_drop_better_operator_2__s2,418,1,329
square__B_drop_better_operator_2__s2,419,1,282
square__B_drop_better_operator_2__s2,420,1,230
square__B_drop_better_operator_2__s2,421,0,500
square__B_drop_better_operator_2__s2,422,1,295
square__B_drop_better_operator_2__s2,423,1,172
square__B_drop_better_operator_2__s2,424,1,462
square__B_drop_better_operator_2__s2,425,0,500
square__B_drop_better_operator_2__s2,426,1,218
square__B_drop_better_operator_2__s2,427,1,330
square__B_drop_better_operator_2__s2,428,1,211
square__B_drop_better_operator_2__s2,429,1,240
square__B_drop_better_operator_2__s2,430,0,500
square__B_drop_better_operator_2__s2,431,1,288
square__B_drop_better_operator_2__s2,432,0,500
square__B_drop_better_operator_2__s2,433,0,500
square__B_drop_better_operator_2__s2,434,1,215
square__B_drop_better_operator_2__s2,435,1,342
square__B_drop_better_operator_2__s2,436,1,165
square__B_drop_better_operator_2__s2,437,1,498
square__B_drop_better_operator_2__s2,438,1,315
square__B_drop_better_operator_2__s2,439,1,156
square__B_drop_better_operator_2__s2,440,0,500
square__B_drop_better_operator_2__s2,441,1,138
square__B_drop_better_operator_2__s2,442,1,328
square__B_drop_better_operator_2__s2,443,1,443
square__B_drop_better_operator_2__s2,444,0,500
square__B_drop_better_operator_2__s2,445,0,500
square__B_drop_better_operator_2__s2,446,0,500
square__B_drop_better_operator_2__s2,447,0,500
square__B_drop_better_operator_2__s2,448,0,500
square__B_drop_better_operator_2__s2,449,1,360
square__B_drop_better_operator_2__s2,450,1,190
square__B_drop_better_operator_2__s2,451,0,500
square__B_drop_better_operator_2__s2,452,1,265
square__B_drop_better_operator_2__s2,453,1,220
square__B_drop_better_operator_2__s2,454,1,199
square__B_drop_better_operator_2__s2,455,1,265
square__B_drop_better_operator_2__s2,456,0,500
square__B_drop_better_operator_2__s2,457,0,500
square__B_drop_better_operator_2__s2,458,0,500
square__B_drop_better_operator_2__s2,459,1,191
square__B_drop_better_operator_2__s2,460,1,368
square__B_drop_better_operator_2__s2,461,1,238
square__B_drop_better_operator_2__s2,462,0,500
square__B_drop_better_operator_2__s2,463,0,500
square__B_drop_better_operator_2__s2,464,1,441
square__B_drop_better_operator_2__s2,465,1,362
square__B_drop_better_operator_2__s2,466,1,170
square__B_drop_better_operator_2__s2,467,0,500
square__B_drop_better_operator_2__s2,468,0,500
square__B_drop_better_operator_2__s2,469,1,189
square__B_drop_better_operator_2__s2,470,0,500
square__B_drop_better_operator_2__s2,471,0,500
square__B_drop_better_operator_2__s2,472,0,500
square__B_drop_better_operator_2__s2,473,1,466
square__B_drop_better_operator_2__s2,474,1,321
square__B_drop_better_operator_2__s2,475,1,200
square__B_drop_better_operator_2__s2,476,1,209
square__B_drop_better_operator_2__s2,477,0,500
square__B_drop_better_operator_2__s2,478,1,309
square__B_drop_better_operator_2__s2,479,0,500
square__B_drop_better_operator_2__s2,480,0,500
square__B_drop_better_operator_2__s2,481,1,424
square__B_drop_better_operator_2__s2,482,0,500
square__B_drop_better_operator_2__s2,483,0,500
square__B_drop_better_operator_2__s2,484,0,500
square__B_drop_better_operator_2__s2,485,1,229
square__B_drop_better_operator_2__s2,486,1,182
square__B_drop_better_operator_2__s2,487,1,391
square__B_drop_better_operator_2__s2,488,0,500
square__B_drop_better_operator_2__s2,489,0,500
square__B_drop_better_operator_2__s2,490,0,500
square__B_drop_better_operator_2__s2,491,1,240
square__B_drop_better_operator_2__s2,492,0,500
square__B_drop_better_operator_2__s2,493,1,400
square__B_drop_better_operator_2__s2,494,1,338
square__B_drop_better_operator_2__s2,495,1,269
square__B_drop_better_operator_2__s2,496,1,319
square__B_drop_better_operator_2__s2,497,1,260
square__B_drop_better_operator_2__s2,498,1,209
square__B_drop_better_operator_2__s2,499,1,487
square__B_drop_better_operator_2__s3,0,1,466
square__B_drop_better_operator_2__s3,1,0,500
square__B_drop_better_operator_2__s3,2,0,500
square__B_drop_better_operator_2__s3,3,0,500
square__B_drop_better_operator_2__s3,4,0,500
square__B_drop_better_operator_2__s3,5,0,500
square__B_drop_better_operator_2__s3,6,1,229
square__B_drop_better_operator_2__s3,7,1,217
square__B_drop_better_operator_2__s3,8,1,361
square__B_drop_better_operator_2__s3,9,1,171
square__B_drop_better_operator_2__s3,10,1,200
square__B_drop_better_operator_2__s3,11,0,500
square__B_drop_better_operator_2__s3,12,0,500
square__B_drop_better_operator_2__s3,13,1,270
square__B_drop_better_operator_2__s3,14,0,500
square__B_drop_better_operator_2__s3,15,1,245
square__B_drop_better_operator_2__s3,16,0,500
square__B_drop_better_operator_2__s3,17,1,220
square__B_drop_better_operator_2__s3,18,1,338
square__B_drop_better_operator_2__s3,19,1,228
square__B_drop_better_operator_2__s3,20,1,237
square__B_drop_better_operator_2__s3,21,1,287
square__B_drop_better_operator_2__s3,22,1,243
square__B_drop_better_operator_2__s3,23,0,500
square__B_drop_better_operator_2__s3,24,0,500
square__B_drop_better_operator_2__s3,25,1,348
square__B_drop_better_operator_2__s3,26,1,157
square__B_drop_better_operator_2__s3,27,0,500
square__B_drop_better_operator_2__s3,28,1,199
square__B_drop_better_operator_2__s3,29,1,158
square__B_drop_better_operator_2__s3,30,1,180
square__B_drop_better_operator_2__s3,31,1,210
square__B_drop_better_operator_2__s3,32,1,248
square__B_drop_better_operator_2__s3,33,1,224
square__B_drop_better_operator_2__s3,34,1,185
square__B_drop_better_operator_2__s3,35,1,283
square__B_drop_better_operator_2__s3,36,0,500
square__B_drop_better_operator_2__s3,37,1,208
square__B_drop_better_operator_2__s3,38,1,261
square__B_drop_better_operator_2__s3,39,1,300
square__B_drop_better_operator_2__s3,40,0,500
square__B_drop_better_operator_2__s3,41,1,177
square__B_drop_better_operator_2__s3,42,1,178
square__B_drop_better_operator_2__s3,43,0,500
square__B_drop_better_operator_2__s3,44,1,210
square__B_drop_better_operator_2__s3,45,1,229
square__B_drop_better_operator_2__s3,46,1,459
square__B_drop_better_operator_2__s3,47,0,500
square__B_drop_better_operator_2__s3,48,0,500
square__B_drop_better_operator_2__s3,49,1,396
square__B_drop_better_operator_2__s3,50,1,271
square__B_drop_better_operator_2__s3,51,1,300
square__B_drop_better_operator_2__s3,52,0,500
square__B_drop_better_operator_2__s3,53,1,183
square__B_drop_better_operator_2__s3,54,1,209
square__B_drop_better_operator_2__s3,55,0,500
square__B_drop_better_operator_2__s3,56,0,500
square__B_drop_better_operator_2__s3,57,1,306
square__B_drop_better_operator_2__s3,58,0,500
square__B_drop_better_operator_2__s3,59,0,500
square__B_drop_better_operator_2__s3,60,1,204
square__B_drop_better_operator_2__s3,61,1,338
square__B_drop_better_operator_2__s3,62,0,500
square__B_drop_better_operator_2__s3,63,1,251
square__B_drop_better_operator_2__s3,64,0,500
square__B_drop_better_operator_2__s3,65,0,500
square__B_drop_better_operator_2__s3,66,1,186
square__B_drop_better_operator_2__s3,67,1,180
square__B_drop_better_operator_2__s3,68,1,272
square__B_drop_better_operator_2__s3,69,1,200
square__B_drop_better_operator_2__s3,70,0,500
square__B_drop_better_operator_2__s3,71,1,230
square__B_drop_better_operator_2__s3,72,0,500
square__B_drop_better_operator_2__s3,73,1,367
square__B_drop_better_operator_2__s3,74,0,500
square__B_drop_better_operator_2__s3,75,1,151
square__B_drop_better_operator_2__s3,76,1,211
square__B_drop_better_operator_2__s3,77,0,500
square__B_drop_better_operator_2__s3,78,0,500
square__B_drop_better_operator_2__s3,79,1,223
square__B_drop_better_operator_2__s3,80,0,500
square__B_drop_better_operator_2__s3,81,0,500
square__B_drop_better_operator_2__s3,82,0,500
square__B_drop_better_operator_2__s3,83,1,167
square__B_drop_better_operator_2__s3,84,1,289
square__B_drop_better_operator_2__s3,85,0,500
square__B_drop_better_operator_2__s3,86,0,500
square__B_drop_better_operator_2__s3,87,0,500
square__B_drop_better_operator_2__s3,88,0,500
square__B_drop_better_operator_2__s3,89,1,172
square__B_drop_better_operator_2__s3,90,1,366
square__B_drop_better_operator_2__s3,91,1,303
square__B_drop_better_operator_2__s3,92,1,179
square__B_drop_better_operator_2__s3,93,0,500
square__B_drop_better_operator_2__s3,94,0,500
square__B_drop_better_operator_2__s3,95,0,500
square__B_drop_better_operator_2__s3,96,1,450
square__B_drop_better_operator_2__s3,97,0,500
square__B_drop_better_operator_2__s3,98,0,500
square__B_drop_better_operator_2__s3,99,0,500
square__B_drop_better_operator_2__s3,100,1,230
square__B_drop_better_operator_2__s3,101,0,500
square__B_drop_better_operator_2__s3,102,0,500
square__B_drop_better_operator_2__s3,103,1,208
square__B_drop_better_operator_2__s3,104,0,500
square__B_drop_better_operator_2__s3,105,1,262
square__B_drop_better_operator_2__s3,106,1,167
square__B_drop_better_operator_2__s3,107,0,500
square__B_drop_better_operator_2__s3,108,0,500
square__B_drop_better_operator_2__s3,109,1,479
square__B_drop_better_operator_2__s3,110,1,252
square__B_drop_better_operator_2__s3,111,1,217
square__B_drop_better_operator_2__s3,112,1,390
square__B_drop_better_operator_2__s3,113,0,500
square__B_drop_better_operator_2__s3,114,0,500
square__B_drop_better_operator_2__s3,115,1,370
square__B_drop_better_operator_2__s3,116,0,500
square__B_drop_better_operator_2__s3,117,1,132
square__B_drop_better_operator_2__s3,118,1,231
square__B_drop_better_operator_2__s3,119,1,221
square__B_drop_better_operator_2__s3,120,0,500
square__B_drop_better_operator_2__s3,121,1,226
square__B_drop_better_operator_2__s3,122,0,500
square__B_drop_better_operator_2__s3,123,0,500
square__B_drop_better_operator_2__s3,124,0,500
square__B_drop_better_operator_2__s3,125,1,261
square__B_drop_better_operator_2__s3,126,1,142
square__B_drop_better_operator_2__s3,127,1,347
square__B_drop_better_operator_2__s3,128,1,209
square__B_drop_better_operator_2__s3,129,0,500
square__B_drop_better_operator_2__s3,130,0,500
square__B_drop_better_operator_2__s3,131,1,277
square__B_drop_better_operator_2__s3,132,1,337
square__B_drop_better_operator_2__s3,133,0,500
square__B_drop_better_operator_2__s3,134,0,500
square__B_drop_better_operator_2__s3,135,1,182
square__B_drop_better_operator_2__s3,136,0,500
square__B_drop_better_operator_2__s3,137,1,149
square__B_drop_better_operator_2__s3,138,1,139
square__B_drop_better_operator_2__s3,139,1,261
square__B_drop_better_operator_2__s3,140,0,500
square__B_drop_better_operator_2__s3,141,1,312
square__B_drop_better_operator_2__s3,142,1,374
square__B_drop_better_operator_2__s3,143,1,357
square__B_drop_better_operator_2__s3,144,1,317
square__B_drop_better_operator_2__s3,145,1,254
square__B_drop_better_operator_2__s3,146,1,148
square__B_drop_better_operator_2__s3,147,1,178
square__B_drop_better_operator_2__s3,148,1,379
square__B_drop_better_operator_2__s3,149,0,500
square__B_drop_better_operator_2__s3,150,0,500
square__B_drop_better_operator_2__s3,151,1,301
square__B_drop_better_operator_2__s3,152,1,189
square__B_drop_better_operator_2__s3,153,0,500
square__B_drop_better_operator_2__s3,154,1,182
square__B_drop_better_operator_2__s3,155,0,500
square__B_drop_better_operator_2__s3,156,0,500
square__B_drop_better_operator_2__s3,157,0,500
square__B_drop_better_operator_2__s3,158,0,500
square__B_drop_better_operator_2__s3,159,1,280
square__B_drop_better_operator_2__s3,160,1,161
square__B_drop_better_operator_2__s3,161,1,180
square__B_drop_better_operator_2__s3,162,1,354
square__B_drop_better_operator_2__s3,163,1,309
square__B_drop_better_operator_2__s3,164,0,500
square__B_drop_better_operator_2__s3,165,1,416
square__B_drop_better_operator_2__s3,166,0,500
square__B_drop_better_operator_2__s3,167,0,500
square__B_drop_better_operator_2__s3,168,1,262
square__B_drop_better_operator_2__s3,169,0,500
square__B_drop_better_operator_2__s3,170,1,170
square__B_drop_better_operator_2__s3,171,0,500
square__B_drop_better_operator_2__s3,172,1,229
square__B_drop_better_operator_2__s3,173,1,383
square__B_drop_better_operator_2__s3,174,0,500
square__B_drop_better_operator_2__s3,175,1,204
square__B_drop_better_operator_2__s3,176,0,500
square__B_drop_better_operator_2__s3,177,1,202
square__B_drop_better_operator_2__s3,178,1,449
square__B_drop_better_operator_2__s3,179,1,333
square__B_drop_better_operator_2__s3,180,1,259
square__B_drop_better_operator_2__s3,181,1,277
square__B_drop_better_operator_2__s3,182,1,337
square__B_drop_better_operator_2__s3,183,1,429
square__B_drop_better_operator_2__s3,184,1,196
square__B_drop_better_operator_2__s3,185,1,321
square__B_drop_better_operator_2__s3,186,1,427
square__B_drop_better_operator_2__s3,187,1,212
square__B_drop_better_operator_2__s3,188,0,500
square__B_drop_better_operator_2__s3,189,1,436
square__B_drop_better_operator_2__s3,190,1,168
square__B_drop_better_operator_2__s3,191,0,500
square__B_drop_better_operator_2__s3,192,1,222
square__B_drop_better_operator_2__s3,193,1,242
square__B_drop_better_operator_2__s3,194,0,500
square__B_drop_better_operator_2__s3,195,0,500
square__B_drop_better_operator_2__s3,196,1,180
square__B_drop_better_operator_2__s3,197,0,500
square__B_drop_better_operator_2__s3,198,1,362
square__B_drop_better_operator_2__s3,199,1,281
square__B_drop_better_operator_2__s3,200,0,500
square__B_drop_better_operator_2__s3,201,1,188
square__B_drop_better_operator_2__s3,202,1,258
square__B_drop_better_operator_2__s3,203,1,360
square__B_drop_better_operator_2__s3,204,1,201
square__B_drop_better_operator_2__s3,205,1,286
square__B_drop_better_operator_2__s3,206,0,500
square__B_drop_better_operator_2__s3,207,1,159
square__B_drop_better_operator_2__s3,208,0,500
square__B_drop_better_operator_2__s3,209,1,292
square__B_drop_better_operator_2__s3,210,0,500
square__B_drop_better_operator_2__s3,211,1,462
square__B_drop_better_operator_2__s3,212,0,500
square__B_drop_better_operator_2__s3,213,0,500
square__B_drop_better_operator_2__s3,214,0,500
square__B_drop_better_operator_2__s3,215,0,500
square__B_drop_better_operator_2__s3,216,0,500
square__B_drop_better_operator_2__s3,217,1,256
square__B_drop_better_operator_2__s3,218,0,500
square__B_drop_better_operator_2__s3,219,1,223
square__B_drop_better_operator_2__s3,220,1,219
square__B_drop_better_operator_2__s3,221,0,500
square__B_drop_better_operator_2__s3,222,0,500
square__B_drop_better_operator_2__s3,223,1,195
square__B_drop_better_operator_2__s3,224,1,197
square__B_drop_better_operator_2__s3,225,1,333
square__B_drop_better_operator_2__s3,226,1,341
square__B_drop_better_operator_2__s3,227,1,210
square__B_drop_better_operator_2__s3,228,1,160
square__B_drop_better_operator_2__s3,229,1,322
square__B_drop_better_operator_2__s3,230,1,211
square__B_drop_better_operator_2__s3,231,1,417
square__B_drop_better_operator_2__s3,232,1,461
square__B_drop_better_operator_2__s3,233,1,448
square__B_drop_better_operator_2__s3,234,1,370
square__B_drop_better_operator_2__s3,235,1,397
square__B_drop_better_operator_2__s3,236,0,500
square__B_drop_better_operator_2__s3,237,0,500
square__B_drop_better_operator_2__s3,238,0,500
square__B_drop_better_operator_2__s3,239,0,500
square__B_drop_better_operator_2__s3,240,1,240
square__B_drop_better_operator_2__s3,241,0,500
square__B_drop_better_operator_2__s3,242,1,204
square__B_drop_better_operator_2__s3,243,1,267
square__B_drop_better_operator_2__s3,244,1,192
square__B_drop_better_operator_2__s3,245,0,500
square__B_drop_better_operator_2__s3,246,1,162
square__B_drop_better_operator_2__s3,247,0,500
square__B_drop_better_operator_2__s3,248,0,500
square__B_drop_better_operator_2__s3,249,1,170
square__B_drop_better_operator_2__s3,250,1,397
square__B_drop_better_operator_2__s3,251,0,500
square__B_drop_better_operator_2__s3,252,1,288
square__B_drop_better_operator_2__s3,253,0,500
square__B_drop_better_operator_2__s3,254,1,308
square__B_drop_better_operator_2__s3,255,0,500
square__B_drop_better_operator_2__s3,256,1,214
square__B_drop_better_operator_2__s3,257,0,500
square__B_drop_better_operator_2__s3,258,1,409
square__B_drop_better_operator_2__s3,259,1,181
square__B_drop_better_operator_2__s3,260,0,500
square__B_drop_better_operator_2__s3,261,1,148
square__B_drop_better_operator_2__s3,262,1,231
square__B_drop_better_operator_2__s3,263,0,500
square__B_drop_better_operator_2__s3,264,1,165
square__B_drop_better_operator_2__s3,265,0,500
square__B_drop_better_operator_2__s3,266,1,242
square__B_drop_better_operator_2__s3,267,0,500
square__B_drop_better_operator_2__s3,268,1,147
square__B_drop_better_operator_2__s3,269,0,500
square__B_drop_better_operator_2__s3,270,0,500
square__B_drop_better_operator_2__s3,271,1,207
square__B_drop_better_operator_2__s3,272,0,500
square__B_drop_better_operator_2__s3,273,1,259
square__B_drop_better_operator_2__s3,274,1,181
square__B_drop_better_operator_2__s3,275,1,280
square__B_drop_better_operator_2__s3,276,1,312
square__B_drop_better_operator_2__s3,277,0,500
square__B_drop_better_operator_2__s3,278,1,250
square__B_drop_better_operator_2__s3,279,1,162
square__B_drop_better_operator_2__s3,280,0,500
square__B_drop_better_operator_2__s3,281,0,500
square__B_drop_better_operator_2__s3,282,0,500
square__B_drop_better_operator_2__s3,283,0,500
square__B_drop_better_operator_2__s3,284,0,500
square__B_drop_better_operator_2__s3,285,0,500
square__B_drop_better_operator_2__s3,286,1,210
square__B_drop_better_operator_2__s3,287,0,500
square__B_drop_better_operator_2__s3,288,1,187
square__B_drop_better_operator_2__s3,289,0,500
square__B_drop_better_operator_2__s3,290,1,171
square__B_drop_better_operator_2__s3,291,1,277
square__B_drop_better_operator_2__s3,292,1,171
square__B_drop_better_operator_2__s3,293,1,211
square__B_drop_better_operator_2__s3,294,1,157
square__B_drop_better_operator_2__s3,295,1,200
square__B_drop_better_operator_2__s3,296,0,500
square__B_drop_better_operator_2__s3,297,1,212
square__B_drop_better_operator_2__s3,298,1,200
square__B_drop_better_operator_2__s3,299,0,500
square__B_drop_better_operator_2__s3,300,0,500
square__B_drop_better_operator_2__s3,301,0,500
square__B_drop_better_operator_2__s3,302,1,181
square__B_drop_better_operator_2__s3,303,1,181
square__B_drop_better_operator_2__s3,304,0,500
square__B_drop_better_operator_2__s3,305,0,500
square__B_drop_better_operator_2__s3,306,0,500
square__B_drop_better_operator_2__s3,307,1,158
square__B_drop_better_operator_2__s3,308,1,180
square__B_drop_better_operator_2__s3,309,1,404
square__B_drop_better_operator_2__s3,310,0,500
square__B_drop_better_operator_2__s3,311,0,500
square__B_drop_better_operator_2__s3,312,1,225
square__B_drop_better_operator_2__s3,313,1,231
square__B_drop_better_operator_2__s3,314,1,405
square__B_drop_better_operator_2__s3,315,1,236
square__B_drop_better_operator_2__s3,316,1,179
square__B_drop_better_operator_2__s3,317,1,378
square__B_drop_better_operator_2__s3,318,1,270
square__B_drop_better_operator_2__s3,319,1,242
square__B_drop_better_operator_2__s3,320,1,148
square__B_drop_better_operator_2__s3,321,1,210
square__B_drop_better_operator_2__s3,322,1,267
square__B_drop_better_operator_2__s3,323,1,379
square__B_drop_better_operator_2__s3,324,0,500
square__B_drop_better_operator_2__s3,325,0,500
square__B_drop_better_operator_2__s3,326,1,153
square__B_drop_better_operator_2__s3,327,0,500
square__B_drop_better_operator_2__s3,328,0,500
square__B_drop_better_operator_2__s3,329,0,500
square__B_drop_better_operator_2__s3,330,0,500
square__B_drop_better_operator_2__s3,331,0,500
square__B_drop_better_operator_2__s3,332,0,500
square__B_drop_better_operator_2__s3,333,0,500
square__B_drop_better_operator_2__s3,334,0,500
square__B_drop_better_operator_2__s3,335,1,212
square__B_drop_better_operator_2__s3,336,1,179
square__B_drop_better_operator_2__s3,337,1,233
square__B_drop_better_operator_2__s3,338,0,500
square__B_drop_better_operator_2__s3,339,1,181
square__B_drop_better_operator_2__s3,340,0,500
square__B_drop_better_operator_2__s3,341,1,228
square__B_drop_better_operator_2__s3,342,0,500
square__B_drop_better_operator_2__s3,343,1,164
square__B_drop_better_operator_2__s3,344,0,500
square__B_drop_better_operator_2__s3,345,1,211
square__B_drop_better_operator_2__s3,346,1,176
square__B_drop_better_operator_2__s3,347,0,500
square__B_drop_better_operator_2__s3,348,1,223
square__B_drop_better_operator_2__s3,349,0,500
square__B_drop_better_operator_2__s3,350,1,227
square__B_drop_better_operator_2__s3,351,1,170
square__B_drop_better_operator_2__s3,352,1,374
square__B_drop_better_operator_2__s3,353,0,500
square__B_drop_better_operator_2__s3,354,0,500
square__B_drop_better_operator_2__s3,355,1,330
square__B_drop_better_operator_2__s3,356,0,500
square__B_drop_better_operator_2__s3,357,0,500
square__B_drop_better_operator_2__s3,358,1,202
square__B_drop_better_operator_2__s3,359,0,500
square__B_drop_better_operator_2__s3,360,1,302
square__B_drop_better_operator_2__s3,361,1,190
square__B_drop_better_operator_2__s3,362,1,173
square__B_drop_better_operator_2__s3,363,0,500
square__B_drop_better_operator_2__s3,364,0,500
square__B_drop_better_operator_2__s3,365,0,500
square__B_drop_better_operator_2__s3,366,1,349
square__B_drop_better_operator_2__s3,367,1,210
square__B_drop_better_operator_2__s3,368,1,257
square__B_drop_better_operator_2__s3,369,1,267
square__B_drop_better_operator_2__s3,370,0,500
square__B_drop_better_operator_2__s3,371,1,463
square__B_drop_better_operator_2__s3,372,0,500
square__B_drop_better_operator_2__s3,373,0,500
square__B_drop_better_operator_2__s3,374,1,162
square__B_drop_better_operator_2__s3,375,1,188
square__B_drop_better_operator_2__s3,376,1,223
square__B_drop_better_operator_2__s3,377,0,500
square__B_drop_better_operator_2__s3,378,0,500
square__B_drop_better_operator_2__s3,379,1,212
square__B_drop_better_operator_2__s3,380,1,199
square__B_drop_better_operator_2__s3,381,1,272
square__B_drop_better_operator_2__s3,382,1,480
square__B_drop_better_operator_2__s3,383,1,291
square__B_drop_better_operator_2__s3,384,1,228
square__B_drop_better_operator_2__s3,385,1,281
square__B_drop_better_operator_2__s3,386,0,500
square__B_drop_better_operator_2__s3,387,1,151
square__B_drop_better_operator_2__s3,388,1,312
square__B_drop_better_operator_2__s3,389,1,343
square__B_drop_better_operator_2__s3,390,1,181
square__B_drop_better_operator_2__s3,391,0,500
square__B_drop_better_operator_2__s3,392,1,161
square__B_drop_better_operator_2__s3,393,0,500
square__B_drop_better_operator_2__s3,394,1,256
square__B_drop_better_operator_2__s3,395,1,266
square__B_drop_better_operator_2__s3,396,1,429
square__B_drop_better_operator_2__s3,397,1,190
square__B_drop_better_operator_2__s3,398,0,500
square__B_drop_better_operator_2__s3,399,1,299
square__B_drop_better_operator_2__s3,400,1,238
square__B_drop_better_operator_2__s3,401,1,429
square__B_drop_better_operator_2__s3,402,1,200
square__B_drop_better_operator_2__s3,403,0,500
square__B_drop_better_operator_2__s3,404,1,159
square__B_drop_better_operator_2__s3,405,0,500
square__B_drop_better_operator_2__s3,406,1,158
square__B_drop_better_operator_2__s3,407,1,238
square__B_drop_better_operator_2__s3,408,1,211
square__B_drop_better_operator_2__s3,409,0,500
square__B_drop_better_operator_2__s3,410,1,171
square__B_drop_better_operator_2__s3,411,0,500
square__B_drop_better_operator_2__s3,412,1,197
square__B_drop_better_operator_2__s3,413,0,500
square__B_drop_better_operator_2__s3,414,1,169
square__B_drop_better_operator_2__s3,415,0,500
square__B_drop_better_operator_2__s3,416,0,500
square__B_drop_better_operator_2__s3,417,0,500
square__B_drop_better_operator_2__s3,418,0,500
square__B_drop_better_operator_2__s3,419,1,281
square__B_drop_better_operator_2__s3,420,1,304
square__B_drop_better_operator_2__s3,421,1,472
square__B_drop_better_operator_2__s3,422,0,500
square__B_drop_better_operator_2__s3,423,0,500
square__B_drop_better_operator_2__s3,424,1,302
square__B_drop_better_operator_2__s3,425,0,500
square__B_drop_better_operator_2__s3,426,1,341
square__B_drop_better_operator_2__s3,427,1,202
square__B_drop_better_operator_2__s3,428,1,377
square__B_drop_better_operator_2__s3,429,1,240
square__B_drop_better_operator_2__s3,430,1,171
square__B_drop_better_operator_2__s3,431,1,352
square__B_drop_better_operator_2__s3,432,1,268
square__B_drop_better_operator_2__s3,433,0,500
square__B_drop_better_operator_2__s3,434,1,241
square__B_drop_better_operator_2__s3,435,1,281
square__B_drop_better_operator_2__s3,436,0,500
square__B_drop_better_operator_2__s3,437,0,500
square__B_drop_better_operator_2__s3,438,0,500
square__B_drop_better_operator_2__s3,439,1,179
square__B_drop_better_operator_2__s3,440,0,500
square__B_drop_better_operator_2__s3,441,1,172
square__B_drop_better_operator_2__s3,442,0,500
square__B_drop_better_operator_2__s3,443,1,310
square__B_drop_better_operator_2__s3,444,0,500
square__B_drop_better_operator_2__s3,445,0,500
square__B_drop_better_operator_2__s3,446,1,161
square__B_drop_better_operator_2__s3,447,0,500
square__B_drop_better_operator_2__s3,448,0,500
square__B_drop_better_operator_2__s3,449,1,182
square__B_drop_better_operator_2__s3,450,1,167
square__B_drop_better_operator_2__s3,451,0,500
square__B_drop_better_operator_2__s3,452,0,500
square__B_drop_better_operator_2__s3,453,1,172
square__B_drop_better_operator_2__s3,454,1,271
square__B_drop_better_operator_2__s3,455,0,500
square__B_drop_better_operator_2__s3,456,0,500
square__B_drop_better_operator_2__s3,457,1,228
square__B_drop_better_operator_2__s3,458,0,500
square__B_drop_better_operator_2__s3,459,1,191
square__B_drop_better_operator_2__s3,460,1,222
square__B_drop_better_operator_2__s3,461,1,241
square__B_drop_better_operator_2__s3,462,0,500
square__B_drop_better_operator_2__s3,463,1,433
square__B_drop_better_operator_2__s3,464,0,500
square__B_drop_better_operator_2__s3,465,1,359
square__B_drop_better_operator_2__s3,466,1,180
square__B_drop_better_operator_2__s3,467,0,500
square__B_drop_better_operator_2__s3,468,1,179
square__B_drop_better_operator_2__s3,469,0,500
square__B_drop_better_operator_2__s3,470,0,500
square__B_drop_better_operator_2__s3,471,0,500
square__B_drop_better_operator_2__s3,472,1,347
square__B_drop_better_operator_2__s3,473,0,500
square__B_drop_better_operator_2__s3,474,0,500
square__B_drop_better_operator_2__s3,475,1,201
square__B_drop_better_operator_2__s3,476,0,500
square__B_drop_better_operator_2__s3,477,1,176
square__B_drop_better_operator_2__s3,478,0,500
square__B_drop_better_operator_2__s3,479,1,311
square__B_drop_better_operator_2__s3,480,0,500
square__B_drop_better_operator_2__s3,481,1,224
square__B_drop_better_operator_2__s3,482,0,500
square__B_drop_better_operator_2__s3,483,0,500
square__B_drop_better_operator_2__s3,484,0,500
square__B_drop_better_operator_2__s3,485,0,500
square__B_drop_better_operator_2__s3,486,0,500
square__B_drop_better_operator_2__s3,487,1,191
square__B_drop_better_operator_2__s3,488,0,500
square__B_drop_better_operator_2__s3,489,0,500
square__B_drop_better_operator_2__s3,490,1,159
square__B_drop_better_operator_2__s3,491,1,211
square__B_drop_better_operator_2__s3,492,0,500
square__B_drop_better_operator_2__s3,493,1,273
square__B_drop_better_operator_2__s3,494,0,500
square__B_drop_better_operator_2__s3,495,1,170
square__B_drop_better_operator_2__s3,496,0,500
square__B_drop_better_operator_2__s3,497,1,161
square__B_drop_better_operator_2__s3,498,0,500
square__B_drop_better_operator_2__s3,499,1,490
square__B_drop_okay_operator_1__s1,0,0,500
square__B_drop_okay_operator_1__s1,1,1,282
square__B_drop_okay_operator_1__s1,2,0,500
square__B_drop_okay_operator_1__s1,3,1,250
square__B_drop_okay_operator_1__s1,4,0,500
square__B_drop_okay_operator_1__s1,5,0,500
square__B_drop_okay_operator_1__s1,6,1,241
square__B_drop_okay_operator_1__s1,7,1,198
square__B_drop_okay_operator_1__s1,8,0,500
square__B_drop_okay_operator_1__s1,9,1,145
square__B_drop_okay_operator_1__s1,10,1,200
square__B_drop_okay_operator_1__s1,11,0,500
square__B_drop_okay_operator_1__s1,12,0,500
square__B_drop_okay_operator_1__s1,13,1,449
square__B_drop_okay_operator_1__s1,14,0,500
square__B_drop_okay_operator_1__s1,15,1,386
square__B_drop_okay_operator_1__s1,16,0,500
square__B_drop_okay_operator_1__s1,17,0,500
square__B_drop_okay_operator_1__s1,18,1,223
square__B_drop_okay_operator_1__s1,19,1,258
square__B_drop_okay_operator_1__s1,20,1,286
square__B_drop_okay_operator_1__s1,21,1,175
square__B_drop_okay_operator_1__s1,22,1,188
square__B_drop_okay_operator_1__s1,23,1,449
square__B_drop_okay_operator_1__s1,24,0,500
square__B_drop_okay_operator_1__s1,25,1,250
square__B_drop_okay_operator_1__s1,26,0,500
square__B_drop_okay_operator_1__s1,27,1,260
square__B_drop_okay_operator_1__s1,28,1,179
square__B_drop_okay_operator_1__s1,29,1,230
square__B_drop_okay_operator_1__s1,30,0,500
square__B_drop_okay_operator_1__s1,31,1,173
square__B_drop_okay_operator_1__s1,32,0,500
square__B_drop_okay_operator_1__s1,33,1,219
square__B_drop_okay_operator_1__s1,34,1,180
square__B_drop_okay_operator_1__s1,35,1,256
square__B_drop_okay_operator_1__s1,36,0,500
square__B_drop_okay_operator_1__s1,37,1,211
square__B_drop_okay_operator_1__s1,38,1,492
square__B_drop_okay_operator_1__s1,39,0,500
square__B_drop_okay_operator_1__s1,40,1,141
square__B_drop_okay_operator_1__s1,41,0,500
square__B_drop_okay_operator_1__s1,42,1,200
square__B_drop_okay_operator_1__s1,43,0,500
square__B_drop_okay_operator_1__s1,44,1,244
square__B_drop_okay_operator_1__s1,45,1,184
square__B_drop_okay_operator_1__s1,46,1,174
square__B_drop_okay_operator_1__s1,47,1,404
square__B_drop_okay_operator_1__s1,48,0,500
square__B_drop_okay_operator_1__s1,49,1,170
square__B_drop_okay_operator_1__s1,50,0,500
square__B_drop_okay_operator_1__s1,51,0,500
square__B_drop_okay_operator_1__s1,52,1,261
square__B_drop_okay_operator_1__s1,53,1,438
square__B_drop_okay_operator_1__s1,54,1,326
square__B_drop_okay_operator_1__s1,55,0,500
square__B_drop_okay_operator_1__s1,56,1,259
square__B_drop_okay_operator_1__s1,57,1,251
square__B_drop_okay_operator_1__s1,58,1,181
square__B_drop_okay_operator_1__s1,59,1,291
square__B_drop_okay_operator_1__s1,60,1,422
square__B_drop_okay_operator_1__s1,61,0,500
square__B_drop_okay_operator_1__s1,62,0,500
square__B_drop_okay_operator_1__s1,63,1,159
square__B_drop_okay_operator_1__s1,64,0,500
square__B_drop_okay_operator_1__s1,65,1,248
square__B_drop_okay_operator_1__s1,66,1,159
square__B_drop_okay_operator_1__s1,67,1,381
square__B_drop_okay_operator_1__s1,68,1,186
square__B_drop_okay_operator_1__s1,69,0,500
square__B_drop_okay_operator_1__s1,70,1,342
square__B_drop_okay_operator_1__s1,71,1,267
square__B_drop_okay_operator_1__s1,72,0,500
square__B_drop_okay_operator_1__s1,73,1,156
square__B_drop_okay_operator_1__s1,74,0,500
square__B_drop_okay_operator_1__s1,75,1,210
square__B_drop_okay_operator_1__s1,76,1,291
square__B_drop_okay_operator_1__s1,77,0,500
square__B_drop_okay_operator_1__s1,78,0,500
square__B_drop_okay_operator_1__s1,79,1,299
square__B_drop_okay_operator_1__s1,80,1,185
square__B_drop_okay_operator_1__s1,81,0,500
square__B_drop_okay_operator_1__s1,82,1,332
square__B_drop_okay_operator_1__s1,83,1,135
square__B_drop_okay_operator_1__s1,84,1,161
square__B_drop_okay_operator_1__s1,85,1,130
square__B_drop_okay_operator_1__s1,86,0,500
square__B_drop_okay_operator_1__s1,87,0,500
square__B_drop_okay_operator_1__s1,88,1,250
square__B_drop_okay_operator_1__s1,89,0,500
square__B_drop_okay_operator_1__s1,90,1,190
square__B_drop_okay_operator_1__s1,91,1,240
square__B_drop_okay_operator_1__s1,92,1,213
square__B_drop_okay_operator_1__s1,93,0,500
square__B_drop_okay_operator_1__s1,94,1,191
square__B_drop_okay_operator_1__s1,95,0,500
square__B_drop_okay_operator_1__s1,96,1,159
square__B_drop_okay_operator_1__s1,97,0,500
square__B_drop_okay_operator_1__s1,98,1,183
square__B_drop_okay_operator_1__s1,99,0,500
square__B_drop_okay_operator_1__s1,100,0,500
square__B_drop_okay_operator_1__s1,101,1,309
square__B_drop_okay_operator_1__s1,102,1,195
square__B_drop_okay_operator_1__s1,103,0,500
square__B_drop_okay_operator_1__s1,104,0,500
square__B_drop_okay_operator_1__s1,105,1,218
square__B_drop_okay_operator_1__s1,106,1,148
square__B_drop_okay_operator_1__s1,107,1,205
square__B_drop_okay_operator_1__s1,108,1,179
square__B_drop_okay_operator_1__s1,109,0,500
square__B_drop_okay_operator_1__s1,110,1,211
square__B_drop_okay_operator_1__s1,111,1,170
square__B_drop_okay_operator_1__s1,112,1,191
square__B_drop_okay_operator_1__s1,113,1,145
square__B_drop_okay_operator_1__s1,114,1,161
square__B_drop_okay_operator_1__s1,115,1,302
square__B_drop_okay_operator_1__s1,116,0,500
square__B_drop_okay_operator_1__s1,117,1,147
square__B_drop_okay_operator_1__s1,118,1,219
square__B_drop_okay_operator_1__s1,119,1,185
square__B_drop_okay_operator_1__s1,120,0,500
square__B_drop_okay_operator_1__s1,121,0,500
square__B_drop_okay_operator_1__s1,122,0,500
square__B_drop_okay_operator_1__s1,123,1,219
square__B_drop_okay_operator_1__s1,124,1,254
square__B_drop_okay_operator_1__s1,125,1,199
square__B_drop_okay_operator_1__s1,126,1,167
square__B_drop_okay_operator_1__s1,127,1,202
square__B_drop_okay_operator_1__s1,128,1,170
square__B_drop_okay_operator_1__s1,129,1,412
square__B_drop_okay_operator_1__s1,130,1,262
square__B_drop_okay_operator_1__s1,131,0,500
square__B_drop_okay_operator_1__s1,132,1,270
square__B_drop_okay_operator_1__s1,133,0,500
square__B_drop_okay_operator_1__s1,134,0,500
square__B_drop_okay_operator_1__s1,135,1,331
square__B_drop_okay_operator_1__s1,136,1,231
square__B_drop_okay_operator_1__s1,137,1,172
square__B_drop_okay_operator_1__s1,138,1,350
square__B_drop_okay_operator_1__s1,139,0,500
square__B_drop_okay_operator_1__s1,140,1,367
square__B_drop_okay_operator_1__s1,141,0,500
square__B_drop_okay_operator_1__s1,142,1,160
square__B_drop_okay_operator_1__s1,143,1,339
square__B_drop_okay_operator_1__s1,144,1,230
square__B_drop_okay_operator_1__s1,145,1,180
square__B_drop_okay_operator_1__s1,146,1,179
square__B_drop_okay_operator_1__s1,147,1,154
square__B_drop_okay_operator_1__s1,148,1,277
square__B_drop_okay_operator_1__s1,149,1,293
square__B_drop_okay_operator_1__s1,150,1,307
square__B_drop_okay_operator_1__s1,151,1,202
square__B_drop_okay_operator_1__s1,152,1,185
square__B_drop_okay_operator_1__s1,153,1,343
square__B_drop_okay_operator_1__s1,154,0,500
square__B_drop_okay_operator_1__s1,155,1,279
square__B_drop_okay_operator_1__s1,156,1,390
square__B_drop_okay_operator_1__s1,157,1,201
square__B_drop_okay_operator_1__s1,158,0,500
square__B_drop_okay_operator_1__s1,159,0,500
square__B_drop_okay_operator_1__s1,160,1,160
square__B_drop_okay_operator_1__s1,161,1,230
square__B_drop_okay_operator_1__s1,162,1,188
square__B_drop_okay_operator_1__s1,163,0,500
square__B_drop_okay_operator_1__s1,164,0,500
square__B_drop_okay_operator_1__s1,165,1,213
square__B_drop_okay_operator_1__s1,166,0,500
square__B_drop_okay_operator_1__s1,167,0,500
square__B_drop_okay_operator_1__s1,168,0,500
square__B_drop_okay_operator_1__s1,169,1,179
square__B_drop_okay_operator_1__s1,170,1,201
square__B_drop_okay_operator_1__s1,171,0,500
square__B_drop_okay_operator_1__s1,172,0,500
square__B_drop_okay_operator_1__s1,173,1,451
square__B_drop_okay_operator_1__s1,174,1,151
square__B_drop_okay_operator_1__s1,175,1,229
square__B_drop_okay_operator_1__s1,176,0,500
square__B_drop_okay_operator_1__s1,177,1,172
square__B_drop_okay_operator_1__s1,178,1,225
square__B_drop_okay_operator_1__s1,179,0,500
square__B_drop_okay_operator_1__s1,180,1,482
square__B_drop_okay_operator_1__s1,181,1,199
square__B_drop_okay_operator_1__s1,182,0,500
square__B_drop_okay_operator_1__s1,183,0,500
square__B_drop_okay_operator_1__s1,184,1,182
square__B_drop_okay_operator_1__s1,185,1,209
square__B_drop_okay_operator_1__s1,186,0,500
square__B_drop_okay_operator_1__s1,187,0,500
square__B_drop_okay_operator_1__s1,188,0,500
square__B_drop_okay_operator_1__s1,189,0,500
square__B_drop_okay_operator_1__s1,190,1,156
square__B_drop_okay_operator_1__s1,191,1,163
square__B_drop_okay_operator_1__s1,192,1,176
square__B_drop_okay_operator_1__s1,193,1,349
square__B_drop_okay_operator_1__s1,194,1,443
square__B_drop_okay_operator_1__s1,195,0,500
square__B_drop_okay_operator_1__s1,196,1,252
square__B_drop_okay_operator_1__s1,197,1,272
square__B_drop_okay_operator_1__s1,198,1,201
square__B_drop_okay_operator_1__s1,199,1,215
square__B_drop_okay_operator_1__s1,200,0,500
square__B_drop_okay_operator_1__s1,201,0,500
square__B_drop_okay_operator_1__s1,202,1,263
square__B_drop_okay_operator_1__s1,203,1,299
square__B_drop_okay_operator_1__s1,204,1,329
square__B_drop_okay_operator_1__s1,205,0,500
square__B_drop_okay_operator_1__s1,206,1,238
square__B_drop_okay_operator_1__s1,207,1,178
square__B_drop_okay_operator_1__s1,208,1,269
square__B_drop_okay_operator_1__s1,209,0,500
square__B_drop_okay_operator_1__s1,210,0,500
square__B_drop_okay_operator_1__s1,211,0,500
square__B_drop_okay_operator_1__s1,212,1,140
square__B_drop_okay_operator_1__s1,213,0,500
square__B_drop_okay_operator_1__s1,214,0,500
square__B_drop_okay_operator_1__s1,215,0,500
square__B_drop_okay_operator_1__s1,216,0,500
square__B_drop_okay_operator_1__s1,217,1,156
square__B_drop_okay_operator_1__s1,218,0,500
square__B_drop_okay_operator_1__s1,219,1,184
square__B_drop_okay_operator_1__s1,220,1,227
square__B_drop_okay_operator_1__s1,221,0,500
square__B_drop_okay_operator_1__s1,222,0,500
square__B_drop_okay_operator_1__s1,223,1,156
square__B_drop_okay_operator_1__s1,224,0,500
square__B_drop_okay_operator_1__s1,225,1,302
square__B_drop_okay_operator_1__s1,226,1,207
square__B_drop_okay_operator_1__s1,227,1,181
square__B_drop_okay_operator_1__s1,228,1,239
square__B_drop_okay_operator_1__s1,229,0,500
square__B_drop_okay_operator_1__s1,230,1,161
square__B_drop_okay_operator_1__s1,231,1,290
square__B_drop_okay_operator_1__s1,232,1,362
square__B_drop_okay_operator_1__s1,233,0,500
square__B_drop_okay_operator_1__s1,234,0,500
square__B_drop_okay_operator_1__s1,235,0,500
square__B_drop_okay_operator_1__s1,236,0,500
square__B_drop_okay_operator_1__s1,237,0,500
square__B_drop_okay_operator_1__s1,238,1,277
square__B_drop_okay_operator_1__s1,239,1,289
square__B_drop_okay_operator_1__s1,240,1,186
square__B_drop_okay_operator_1__s1,241,1,321
square__B_drop_okay_operator_1__s1,242,0,500
square__B_drop_okay_operator_1__s1,243,1,276
square__B_drop_okay_operator_1__s1,244,1,179
square__B_drop_okay_operator_1__s1,245,0,500
square__B_drop_okay_operator_1__s1,246,0,500
square__B_drop_okay_operator_1__s1,247,1,189
square__B_drop_okay_operator_1__s1,248,1,191
square__B_drop_okay_operator_1__s1,249,1,176
square__B_drop_okay_operator_1__s1,250,0,500
square__B_drop_okay_operator_1__s1,251,1,202
square__B_drop_okay_operator_1__s1,252,1,186
square__B_drop_okay_operator_1__s1,253,0,500
square__B_drop_okay_operator_1__s1,254,0,500
square__B_drop_okay_operator_1__s1,255,0,500
square__B_drop_okay_operator_1__s1,256,1,154
square__B_drop_okay_operator_1__s1,257,1,176
square__B_drop_okay_operator_1__s1,258,1,159
square__B_drop_okay_operator_1__s1,259,1,494
square__B_drop_okay_operator_1__s1,260,0,500
square__B_drop_okay_operator_1__s1,261,1,469
square__B_drop_okay_operator_1__s1,262,0,500
square__B_drop_okay_operator_1__s1,263,1,212
square__B_drop_okay_operator_1__s1,264,1,267
square__B_drop_okay_operator_1__s1,265,1,271
square__B_drop_okay_operator_1__s1,266,0,500
square__B_drop_okay_operator_1__s1,267,0,500
square__B_drop_okay_operator_1__s1,268,1,138
square__B_drop_okay_operator_1__s1,269,0,500
square__B_drop_okay_operator_1__s1,270,0,500
square__B_drop_okay_operator_1__s1,271,1,199
square__B_drop_okay_operator_1__s1,272,1,176
square__B_drop_okay_operator_1__s1,273,0,500
square__B_drop_okay_operator_1__s1,274,1,168
square__B_drop_okay_operator_1__s1,275,1,217
square__B_drop_okay_operator_1__s1,276,1,379
square__B_drop_okay_operator_1__s1,277,0,500
square__B_drop_okay_operator_1__s1,278,1,249
square__B_drop_okay_operator_1__s1,279,1,180
square__B_drop_okay_operator_1__s1,280,1,221
square__B_drop_okay_operator_1__s1,281,1,244
square__B_drop_okay_operator_1__s1,282,0,500
square__B_drop_okay_operator_1__s1,283,0,500
square__B_drop_okay_operator_1__s1,284,1,218
square__B_drop_okay_operator_1__s1,285,0,500
square__B_drop_okay_operator_1__s1,286,0,500
square__B_drop_okay_operator_1__s1,287,0,500
square__B_drop_okay_operator_1__s1,288,1,250
square__B_drop_okay_operator_1__s1,289,0,500
square__B_drop_okay_operator_1__s1,290,0,500
square__B_drop_okay_operator_1__s1,291,0,500
square__B_drop_okay_operator_1__s1,292,1,218
square__B_drop_okay_operator_1__s1,293,1,190
square__B_drop_okay_operator_1__s1,294,1,171
square__B_drop_okay_operator_1__s1,295,1,171
square__B_drop_okay_operator_1__s1,296,1,200
square__B_drop_okay_operator_1__s1,297,1,337
square__B_drop_okay_operator_1__s1,298,1,281
square__B_drop_okay_operator_1__s1,299,1,315
square__B_drop_okay_operator_1__s1,300,0,500
square__B_drop_okay_operator_1__s1,301,0,500
square__B_drop_okay_operator_1__s1,302,0,500
square__B_drop_okay_operator_1__s1,303,1,203
square__B_drop_okay_operator_1__s1,304,0,500
square__B_drop_okay_operator_1__s1,305,0,500
square__B_drop_okay_operator_1__s1,306,0,500
square__B_drop_okay_operator_1__s1,307,0,500
square__B_drop_okay_operator_1__s1,308,1,236
square__B_drop_okay_operator_1__s1,309,0,500
square__B_drop_okay_operator_1__s1,310,0,500
square__B_drop_okay_operator_1__s1,311,0,500
square__B_drop_okay_operator_1__s1,312,1,140
square__B_drop_okay_operator_1__s1,313,1,162
square__B_drop_okay_operator_1__s1,314,1,259
square__B_drop_okay_operator_1__s1,315,1,172
square__B_drop_okay_operator_1__s1,316,1,147
square__B_drop_okay_operator_1__s1,317,1,318
square__B_drop_okay_operator_1__s1,318,1,220
square__B_drop_okay_operator_1__s1,319,1,276
square__B_drop_okay_operator_1__s1,320,0,500
square__B_drop_okay_operator_1__s1,321,1,230
square__B_drop_okay_operator_1__s1,322,1,361
square__B_drop_okay_operator_1__s1,323,0,500
square__B_drop_okay_operator_1__s1,324,0,500
square__B_drop_okay_operator_1__s1,325,1,150
square__B_drop_okay_operator_1__s1,326,0,500
square__B_drop_okay_operator_1__s1,327,1,180
square__B_drop_okay_operator_1__s1,328,0,500
square__B_drop_okay_operator_1__s1,329,0,500
square__B_drop_okay_operator_1__s1,330,0,500
square__B_drop_okay_operator_1__s1,331,1,225
square__B_drop_okay_operator_1__s1,332,1,142
square__B_drop_okay_operator_1__s1,333,1,282
square__B_drop_okay_operator_1__s1,334,1,191
square__B_drop_okay_operator_1__s1,335,0,500
square__B_drop_okay_operator_1__s1,336,1,239
square__B_drop_okay_operator_1__s1,337,1,269
square__B_drop_okay_operator_1__s1,338,1,207
square__B_drop_okay_operator_1__s1,339,1,159
square__B_drop_okay_operator_1__s1,340,0,500
square__B_drop_okay_operator_1__s1,341,1,190
square__B_drop_okay_operator_1__s1,342,0,500
square__B_drop_okay_operator_1__s1,343,1,242
square__B_drop_okay_operator_1__s1,344,1,232
square__B_drop_okay_operator_1__s1,345,0,500
square__B_drop_okay_operator_1__s1,346,1,494
square__B_drop_okay_operator_1__s1,347,0,500
square__B_drop_okay_operator_1__s1,348,1,284
square__B_drop_okay_operator_1__s1,349,0,500
square__B_drop_okay_operator_1__s1,350,1,400
square__B_drop_okay_operator_1__s1,351,1,310
square__B_drop_okay_operator_1__s1,352,1,251
square__B_drop_okay_operator_1__s1,353,1,497
square__B_drop_okay_operator_1__s1,354,1,280
square__B_drop_okay_operator_1__s1,355,1,192
square__B_drop_okay_operator_1__s1,356,1,217
square__B_drop_okay_operator_1__s1,357,1,191
square__B_drop_okay_operator_1__s1,358,0,500
square__B_drop_okay_operator_1__s1,359,1,204
square__B_drop_okay_operator_1__s1,360,1,209
square__B_drop_okay_operator_1__s1,361,1,316
square__B_drop_okay_operator_1__s1,362,1,412
square__B_drop_okay_operator_1__s1,363,0,500
square__B_drop_okay_operator_1__s1,364,1,209
square__B_drop_okay_operator_1__s1,365,0,500
square__B_drop_okay_operator_1__s1,366,0,500
square__B_drop_okay_operator_1__s1,367,1,247
square__B_drop_okay_operator_1__s1,368,0,500
square__B_drop_okay_operator_1__s1,369,1,191
square__B_drop_okay_operator_1__s1,370,0,500
square__B_drop_okay_operator_1__s1,371,0,500
square__B_drop_okay_operator_1__s1,372,0,500
square__B_drop_okay_operator_1__s1,373,1,357
square__B_drop_okay_operator_1__s1,374,1,156
square__B_drop_okay_operator_1__s1,375,1,219
square__B_drop_okay_operator_1__s1,376,0,500
square__B_drop_okay_operator_1__s1,377,1,322
square__B_drop_okay_operator_1__s1,378,1,154
square__B_drop_okay_operator_1__s1,379,1,240
square__B_drop_okay_operator_1__s1,380,1,192
square__B_drop_okay_operator_1__s1,381,0,500
square__B_drop_okay_operator_1__s1,382,1,157
square__B_drop_okay_operator_1__s1,383,1,173
square__B_drop_okay_operator_1__s1,384,1,242
square__B_drop_okay_operator_1__s1,385,0,500
square__B_drop_okay_operator_1__s1,386,0,500
square__B_drop_okay_operator_1__s1,387,0,500
square__B_drop_okay_operator_1__s1,388,1,220
square__B_drop_okay_operator_1__s1,389,1,218
square__B_drop_okay_operator_1__s1,390,1,179
square__B_drop_okay_operator_1__s1,391,0,500
square__B_drop_okay_operator_1__s1,392,1,271
square__B_drop_okay_operator_1__s1,393,1,186
square__B_drop_okay_operator_1__s1,394,1,238
square__B_drop_okay_operator_1__s1,395,1,220
square__B_drop_okay_operator_1__s1,396,1,309
square__B_drop_okay_operator_1__s1,397,0,500
square__B_drop_okay_operator_1__s1,398,1,465
square__B_drop_okay_operator_1__s1,399,1,199
square__B_drop_okay_operator_1__s1,400,1,167
square__B_drop_okay_operator_1__s1,401,0,500
square__B_drop_okay_operator_1__s1,402,1,291
square__B_drop_okay_operator_1__s1,403,0,500
square__B_drop_okay_operator_1__s1,404,0,500
square__B_drop_okay_operator_1__s1,405,1,156
square__B_drop_okay_operator_1__s1,406,1,205
square__B_drop_okay_operator_1__s1,407,1,172
square__B_drop_okay_operator_1__s1,408,0,500
square__B_drop_okay_operator_1__s1,409,1,251
square__B_drop_okay_operator_1__s1,410,0,500
square__B_drop_okay_operator_1__s1,411,0,500
square__B_drop_okay_operator_1__s1,412,1,164
square__B_drop_okay_operator_1__s1,413,0,500
square__B_drop_okay_operator_1__s1,414,1,178
square__B_drop_okay_operator_1__s1,415,1,291
square__B_drop_okay_operator_1__s1,416,1,231
square__B_drop_okay_operator_1__s1,417,1,176
square__B_drop_okay_operator_1__s1,418,1,238
square__B_drop_okay_operator_1__s1,419,0,500
square__B_drop_okay_operator_1__s1,420,0,500
square__B_drop_okay_operator_1__s1,421,1,152
square__B_drop_okay_operator_1__s1,422,1,384
square__B_drop_okay_operator_1__s1,423,1,344
square__B_drop_okay_operator_1__s1,424,0,500
square__B_drop_okay_operator_1__s1,425,1,186
square__B_drop_okay_operator_1__s1,426,1,172
square__B_drop_okay_operator_1__s1,427,1,358
square__B_drop_okay_operator_1__s1,428,0,500
square__B_drop_okay_operator_1__s1,429,1,161
square__B_drop_okay_operator_1__s1,430,1,133
square__B_drop_okay_operator_1__s1,431,1,269
square__B_drop_okay_operator_1__s1,432,1,166
square__B_drop_okay_operator_1__s1,433,0,500
square__B_drop_okay_operator_1__s1,434,0,500
square__B_drop_okay_operator_1__s1,435,0,500
square__B_drop_okay_operator_1__s1,436,1,150
square__B_drop_okay_operator_1__s1,437,1,171
square__B_drop_okay_operator_1__s1,438,0,500
square__B_drop_okay_operator_1__s1,439,1,228
square__B_drop_okay_operator_1__s1,440,0,500
square__B_drop_okay_operator_1__s1,441,1,172
square__B_drop_okay_operator_1__s1,442,1,175
square__B_drop_okay_operator_1__s1,443,1,189
square__B_drop_okay_operator_1__s1,444,1,181
square__B_drop_okay_operator_1__s1,445,1,209
square__B_drop_okay_operator_1__s1,446,0,500
square__B_drop_okay_operator_1__s1,447,1,209
square__B_drop_okay_operator_1__s1,448,0,500
square__B_drop_okay_operator_1__s1,449,1,268
square__B_drop_okay_operator_1__s1,450,1,289
square__B_drop_okay_operator_1__s1,451,0,500
square__B_drop_okay_operator_1__s1,452,1,197
square__B_drop_okay_operator_1__s1,453,1,271
square__B_drop_okay_operator_1__s1,454,1,237
square__B_drop_okay_operator_1__s1,455,0,500
square__B_drop_okay_operator_1__s1,456,1,191
square__B_drop_okay_operator_1__s1,457,1,249
square__B_drop_okay_operator_1__s1,458,0,500
square__B_drop_okay_operator_1__s1,459,0,500
square__B_drop_okay_operator_1__s1,460,1,272
square__B_drop_okay_operator_1__s1,461,1,232
square__B_drop_okay_operator_1__s1,462,0,500
square__B_drop_okay_operator_1__s1,463,1,165
square__B_drop_okay_operator_1__s1,464,1,341
square__B_drop_okay_operator_1__s1,465,1,200
square__B_drop_okay_operator_1__s1,466,0,500
square__B_drop_okay_operator_1__s1,467,1,251
square__B_drop_okay_operator_1__s1,468,1,187
square__B_drop_okay_operator_1__s1,469,1,229
square__B_drop_okay_operator_1__s1,470,1,246
square__B_drop_okay_operator_1__s1,471,0,500
square__B_drop_okay_operator_1__s1,472,0,500
square__B_drop_okay_operator_1__s1,473,1,152
square__B_drop_okay_operator_1__s1,474,1,192
square__B_drop_okay_operator_1__s1,475,1,270
square__B_drop_okay_operator_1__s1,476,0,500
square__B_drop_okay_operator_1__s1,477,1,279
square__B_drop_okay_operator_1__s1,478,1,141
square__B_drop_okay_operator_1__s1,479,1,232
square__B_drop_okay_operator_1__s1,480,1,200
square__B_drop_okay_operator_1__s1,481,1,180
square__B_drop_okay_operator_1__s1,482,1,489
square__B_drop_okay_operator_1__s1,483,1,220
square__B_drop_okay_operator_1__s1,484,0,500
square__B_drop_okay_operator_1__s1,485,0,500
square__B_drop_okay_operator_1__s1,486,1,234
square__B_drop_okay_operator_1__s1,487,1,181
square__B_drop_okay_operator_1__s1,488,1,213
square__B_drop_okay_operator_1__s1,489,0,500
square__B_drop_okay_operator_1__s1,490,0,500
square__B_drop_okay_operator_1__s1,491,1,209
square__B_drop_okay_operator_1__s1,492,0,500
square__B_drop_okay_operator_1__s1,493,1,216
square__B_drop_okay_operator_1__s1,494,0,500
square__B_drop_okay_operator_1__s1,495,1,466
square__B_drop_okay_operator_1__s1,496,1,215
square__B_drop_okay_operator_1__s1,497,1,280
square__B_drop_okay_operator_1__s1,498,0,500
square__B_drop_okay_operator_1__s1,499,0,500
square__B_drop_okay_operator_1__s2,0,0,500
square__B_drop_okay_operator_1__s2,1,1,428
square__B_drop_okay_operator_1__s2,2,1,191
square__B_drop_okay_operator_1__s2,3,1,223
square__B_drop_okay_operator_1__s2,4,1,329
square__B_drop_okay_operator_1__s2,5,0,500
square__B_drop_okay_operator_1__s2,6,0,500
square__B_drop_okay_operator_1__s2,7,1,425
square__B_drop_okay_operator_1__s2,8,0,500
square__B_drop_okay_operator_1__s2,9,1,207
square__B_drop_okay_operator_1__s2,10,1,200
square__B_drop_okay_operator_1__s2,11,0,500
square__B_drop_okay_operator_1__s2,12,1,442
square__B_drop_okay_operator_1__s2,13,0,500
square__B_drop_okay_operator_1__s2,14,1,179
square__B_drop_okay_operator_1__s2,15,1,268
square__B_drop_okay_operator_1__s2,16,1,302
square__B_drop_okay_operator_1__s2,17,0,500
square__B_drop_okay_operator_1__s2,18,1,151
square__B_drop_okay_operator_1__s2,19,1,261
square__B_drop_okay_operator_1__s2,20,0,500
square__B_drop_okay_operator_1__s2,21,1,252
square__B_drop_okay_operator_1__s2,22,0,500
square__B_drop_okay_operator_1__s2,23,1,220
square__B_drop_okay_operator_1__s2,24,0,500
square__B_drop_okay_operator_1__s2,25,1,282
square__B_drop_okay_operator_1__s2,26,1,291
square__B_drop_okay_operator_1__s2,27,0,500
square__B_drop_okay_operator_1__s2,28,0,500
square__B_drop_okay_operator_1__s2,29,1,362
square__B_drop_okay_operator_1__s2,30,0,500
square__B_drop_okay_operator_1__s2,31,1,241
square__B_drop_okay_operator_1__s2,32,0,500
square__B_drop_okay_operator_1__s2,33,1,302
square__B_drop_okay_operator_1__s2,34,1,249
square__B_drop_okay_operator_1__s2,35,1,290
square__B_drop_okay_operator_1__s2,36,0,500
square__B_drop_okay_operator_1__s2,37,0,500
square__B_drop_okay_operator_1__s2,38,0,500
square__B_drop_okay_operator_1__s2,39,1,301
square__B_drop_okay_operator_1__s2,40,1,281
square__B_drop_okay_operator_1__s2,41,1,414
square__B_drop_okay_operator_1__s2,42,1,360
square__B_drop_okay_operator_1__s2,43,1,219
square__B_drop_okay_operator_1__s2,44,0,500
square__B_drop_okay_operator_1__s2,45,1,389
square__B_drop_okay_operator_1__s2,46,1,158
square__B_drop_okay_operator_1__s2,47,1,367
square__B_drop_okay_operator_1__s2,48,0,500
square__B_drop_okay_operator_1__s2,49,1,188
square__B_drop_okay_operator_1__s2,50,1,191
square__B_drop_okay_operator_1__s2,51,0,500
square__B_drop_okay_operator_1__s2,52,0,500
square__B_drop_okay_operator_1__s2,53,1,148
square__B_drop_okay_operator_1__s2,54,1,168
square__B_drop_okay_operator_1__s2,55,0,500
square__B_drop_okay_operator_1__s2,56,1,160
square__B_drop_okay_operator_1__s2,57,1,251
square__B_drop_okay_operator_1__s2,58,1,159
square__B_drop_okay_operator_1__s2,59,1,208
square__B_drop_okay_operator_1__s2,60,0,500
square__B_drop_okay_operator_1__s2,61,1,191
square__B_drop_okay_operator_1__s2,62,1,271
square__B_drop_okay_operator_1__s2,63,0,500
square__B_drop_okay_operator_1__s2,64,1,221
square__B_drop_okay_operator_1__s2,65,0,500
square__B_drop_okay_operator_1__s2,66,1,134
square__B_drop_okay_operator_1__s2,67,1,181
square__B_drop_okay_operator_1__s2,68,0,500
square__B_drop_okay_operator_1__s2,69,0,500
square__B_drop_okay_operator_1__s2,70,0,500
square__B_drop_okay_operator_1__s2,71,1,293
square__B_drop_okay_operator_1__s2,72,1,277
square__B_drop_okay_operator_1__s2,73,1,188
square__B_drop_okay_operator_1__s2,74,1,181
square__B_drop_okay_operator_1__s2,75,0,500
square__B_drop_okay_operator_1__s2,76,0,500
square__B_drop_okay_operator_1__s2,77,1,312
square__B_drop_okay_operator_1__s2,78,1,155
square__B_drop_okay_operator_1__s2,79,1,402
square__B_drop_okay_operator_1__s2,80,1,212
square__B_drop_okay_operator_1__s2,81,0,500
square__B_drop_okay_operator_1__s2,82,0,500
square__B_drop_okay_operator_1__s2,83,1,247
square__B_drop_okay_operator_1__s2,84,1,261
square__B_drop_okay_operator_1__s2,85,1,198
square__B_drop_okay_operator_1__s2,86,0,500
square__B_drop_okay_operator_1__s2,87,1,459
square__B_drop_okay_operator_1__s2,88,0,500
square__B_drop_okay_operator_1__s2,89,1,170
square__B_drop_okay_operator_1__s2,90,0,500
square__B_drop_okay_operator_1__s2,91,0,500
square__B_drop_okay_operator_1__s2,92,0,500
square__B_drop_okay_operator_1__s2,93,0,500
square__B_drop_okay_operator_1__s2,94,1,159
square__B_drop_okay_operator_1__s2,95,0,500
square__B_drop_okay_operator_1__s2,96,1,283
square__B_drop_okay_operator_1__s2,97,0,500
square__B_drop_okay_operator_1__s2,98,1,165
square__B_drop_okay_operator_1__s2,99,1,212
square__B_drop_okay_operator_1__s2,100,0,500
square__B_drop_okay_operator_1__s2,101,1,291
square__B_drop_okay_operator_1__s2,102,0,500
square__B_drop_okay_operator_1__s2,103,0,500
square__B_drop_okay_operator_1__s2,104,1,225
square__B_drop_okay_operator_1__s2,105,1,251
square__B_drop_okay_operator_1__s2,106,1,175
square__B_drop_okay_operator_1__s2,107,0,500
square__B_drop_okay_operator_1__s2,108,1,272
square__B_drop_okay_operator_1__s2,109,0,500
square__B_drop_okay_operator_1__s2,110,1,280
square__B_drop_okay_operator_1__s2,111,0,500
square__B_drop_okay_operator_1__s2,112,1,352
square__B_drop_okay_operator_1__s2,113,1,339
square__B_drop_okay_operator_1__s2,114,0,500
square__B_drop_okay_operator_1__s2,115,0,500
square__B_drop_okay_operator_1__s2,116,0,500
square__B_drop_okay_operator_1__s2,117,1,174
square__B_drop_okay_operator_1__s2,118,0,500
square__B_drop_okay_operator_1__s2,119,1,312
square__B_drop_okay_operator_1__s2,120,1,378
square__B_drop_okay_operator_1__s2,121,1,201
square__B_drop_okay_operator_1__s2,122,1,211
square__B_drop_okay_operator_1__s2,123,1,321
square__B_drop_okay_operator_1__s2,124,1,212
square__B_drop_okay_operator_1__s2,125,1,217
square__B_drop_okay_operator_1__s2,126,1,182
square__B_drop_okay_operator_1__s2,127,1,162
square__B_drop_okay_operator_1__s2,128,1,342
square__B_drop_okay_operator_1__s2,129,1,219
square__B_drop_okay_operator_1__s2,130,0,500
square__B_drop_okay_operator_1__s2,131,0,500
square__B_drop_okay_operator_1__s2,132,1,209
square__B_drop_okay_operator_1__s2,133,0,500
square__B_drop_okay_operator_1__s2,134,0,500
square__B_drop_okay_operator_1__s2,135,0,500
square__B_drop_okay_operator_1__s2,136,1,326
square__B_drop_okay_operator_1__s2,137,1,272
square__B_drop_okay_operator_1__s2,138,1,322
square__B_drop_okay_operator_1__s2,139,1,299
square__B_drop_okay_operator_1__s2,140,0,500
square__B_drop_okay_operator_1__s2,141,1,198
square__B_drop_okay_operator_1__s2,142,0,500
square__B_drop_okay_operator_1__s2,143,0,500
square__B_drop_okay_operator_1__s2,144,0,500
square__B_drop_okay_operator_1__s2,145,1,271
square__B_drop_okay_operator_1__s2,146,1,238
square__B_drop_okay_operator_1__s2,147,0,500
square__B_drop_okay_operator_1__s2,148,0,500
square__B_drop_okay_operator_1__s2,149,1,182
square__B_drop_okay_operator_1__s2,150,1,233
square__B_drop_okay_operator_1__s2,151,1,161
square__B_drop_okay_operator_1__s2,152,1,180
square__B_drop_okay_operator_1__s2,153,0,500
square__B_drop_okay_operator_1__s2,154,1,191
square__B_drop_okay_operator_1__s2,155,1,322
square__B_drop_okay_operator_1__s2,156,0,500
square__B_drop_okay_operator_1__s2,157,1,278
square__B_drop_okay_operator_1__s2,158,0,500
square__B_drop_okay_operator_1__s2,159,1,380
square__B_drop_okay_operator_1__s2,160,0,500
square__B_drop_okay_operator_1__s2,161,0,500
square__B_drop_okay_operator_1__s2,162,1,263
square__B_drop_okay_operator_1__s2,163,1,241
square__B_drop_okay_operator_1__s2,164,1,290
square__B_drop_okay_operator_1__s2,165,1,197
square__B_drop_okay_operator_1__s2,166,1,199
square__B_drop_okay_operator_1__s2,167,1,182
square__B_drop_okay_operator_1__s2,168,0,500
square__B_drop_okay_operator_1__s2,169,1,351
square__B_drop_okay_operator_1__s2,170,1,187
square__B_drop_okay_operator_1__s2,171,0,500
square__B_drop_okay_operator_1__s2,172,0,500
square__B_drop_okay_operator_1__s2,173,1,321
square__B_drop_okay_operator_1__s2,174,1,169
square__B_drop_okay_operator_1__s2,175,1,172
square__B_drop_okay_operator_1__s2,176,0,500
square__B_drop_okay_operator_1__s2,177,0,500
square__B_drop_okay_operator_1__s2,178,1,251
square__B_drop_okay_operator_1__s2,179,1,259
square__B_drop_okay_operator_1__s2,180,0,500
square__B_drop_okay_operator_1__s2,181,1,219
square__B_drop_okay_operator_1__s2,182,0,500
square__B_drop_okay_operator_1__s2,183,0,500
square__B_drop_okay_operator_1__s2,184,1,339
square__B_drop_okay_operator_1__s2,185,1,251
square__B_drop_okay_operator_1__s2,186,0,500
square__B_drop_okay_operator_1__s2,187,1,290
square__B_drop_okay_operator_1__s2,188,1,232
square__B_drop_okay_operator_1__s2,189,1,203
square__B_drop_okay_operator_1__s2,190,1,352
square__B_drop_okay_operator_1__s2,191,1,192
square__B_drop_okay_operator_1__s2,192,1,171
square__B_drop_okay_operator_1__s2,193,0,500
square__B_drop_okay_operator_1__s2,194,0,500
square__B_drop_okay_operator_1__s2,195,1,335
square__B_drop_okay_operator_1__s2,196,0,500
square__B_drop_okay_operator_1__s2,197,1,469
square__B_drop_okay_operator_1__s2,198,1,170
square__B_drop_okay_operator_1__s2,199,0,500
square__B_drop_okay_operator_1__s2,200,0,500
square__B_drop_okay_operator_1__s2,201,1,305
square__B_drop_okay_operator_1__s2,202,0,500
square__B_drop_okay_operator_1__s2,203,1,411
square__B_drop_okay_operator_1__s2,204,0,500
square__B_drop_okay_operator_1__s2,205,0,500
square__B_drop_okay_operator_1__s2,206,0,500
square__B_drop_okay_operator_1__s2,207,1,369
square__B_drop_okay_operator_1__s2,208,1,219
square__B_drop_okay_operator_1__s2,209,1,252
square__B_drop_okay_operator_1__s2,210,1,202
square__B_drop_okay_operator_1__s2,211,1,267
square__B_drop_okay_operator_1__s2,212,1,222
square__B_drop_okay_operator_1__s2,213,0,500
square__B_drop_okay_operator_1__s2,214,0,500
square__B_drop_okay_operator_1__s2,215,0,500
square__B_drop_okay_operator_1__s2,216,1,340
square__B_drop_okay_operator_1__s2,217,0,500
square__B_drop_okay_operator_1__s2,218,1,200
square__B_drop_okay_operator_1__s2,219,0,500
square__B_drop_okay_operator_1__s2,220,1,189
square__B_drop_okay_operator_1__s2,221,1,168
square__B_drop_okay_operator_1__s2,222,0,500
square__B_drop_okay_operator_1__s2,223,1,247
square__B_drop_okay_operator_1__s2,224,1,172
square__B_drop_okay_operator_1__s2,225,1,261
square__B_drop_okay_operator_1__s2,226,1,292
square__B_drop_okay_operator_1__s2,227,1,402
square__B_drop_okay_operator_1__s2,228,1,248
square__B_drop_okay_operator_1__s2,229,0,500
square__B_drop_okay_operator_1__s2,230,1,173
square__B_drop_okay_operator_1__s2,231,0,500
square__B_drop_okay_operator_1__s2,232,1,269
square__B_drop_okay_operator_1__s2,233,1,224
square__B_drop_okay_operator_1__s2,234,0,500
square__B_drop_okay_operator_1__s2,235,1,221
square__B_drop_okay_operator_1__s2,236,0,500
square__B_drop_okay_operator_1__s2,237,1,282
square__B_drop_okay_operator_1__s2,238,1,297
square__B_drop_okay_operator_1__s2,239,1,348
square__B_drop_okay_operator_1__s2,240,1,201
square__B_drop_okay_operator_1__s2,241,1,210
square__B_drop_okay_operator_1__s2,242,1,370
square__B_drop_okay_operator_1__s2,243,1,272
square__B_drop_okay_operator_1__s2,244,1,244
square__B_drop_okay_operator_1__s2,245,1,162
square__B_drop_okay_operator_1__s2,246,1,250
square__B_drop_okay_operator_1__s2,247,1,330
square__B_drop_okay_operator_1__s2,248,1,405
square__B_drop_okay_operator_1__s2,249,1,322
square__B_drop_okay_operator_1__s2,250,1,170
square__B_drop_okay_operator_1__s2,251,0,500
square__B_drop_okay_operator_1__s2,252,0,500
square__B_drop_okay_operator_1__s2,253,0,500
square__B_drop_okay_operator_1__s2,254,1,410
square__B_drop_okay_operator_1__s2,255,1,202
square__B_drop_okay_operator_1__s2,256,1,215
square__B_drop_okay_operator_1__s2,257,1,372
square__B_drop_okay_operator_1__s2,258,0,500
square__B_drop_okay_operator_1__s2,259,1,353
square__B_drop_okay_operator_1__s2,260,0,500
square__B_drop_okay_operator_1__s2,261,0,500
square__B_drop_okay_operator_1__s2,262,0,500
square__B_drop_okay_operator_1__s2,263,1,473
square__B_drop_okay_operator_1__s2,264,1,473
square__B_drop_okay_operator_1__s2,265,0,500
square__B_drop_okay_operator_1__s2,266,0,500
square__B_drop_okay_operator_1__s2,267,0,500
square__B_drop_okay_operator_1__s2,268,0,500
square__B_drop_okay_operator_1__s2,269,0,500
square__B_drop_okay_operator_1__s2,270,1,171
square__B_drop_okay_operator_1__s2,271,1,238
square__B_drop_okay_operator_1__s2,272,1,206
square__B_drop_okay_operator_1__s2,273,1,455
square__B_drop_okay_operator_1__s2,274,1,173
square__B_drop_okay_operator_1__s2,275,1,198
square__B_drop_okay_operator_1__s2,276,0,500
square__B_drop_okay_operator_1__s2,277,0,500
square__B_drop_okay_operator_1__s2,278,1,291
square__B_drop_okay_operator_1__s2,279,1,162
square__B_drop_okay_operator_1__s2,280,0,500
square__B_drop_okay_operator_1__s2,281,0,500
square__B_drop_okay_operator_1__s2,282,1,268
square__B_drop_okay_operator_1__s2,283,0,500
square__B_drop_okay_operator_1__s2,284,1,206
square__B_drop_okay_operator_1__s2,285,0,500
square__B_drop_okay_operator_1__s2,286,1,309
square__B_drop_okay_operator_1__s2,287,0,500
square__B_drop_okay_operator_1__s2,288,1,240
square__B_drop_okay_operator_1__s2,289,0,500
square__B_drop_okay_operator_1__s2,290,0,500
square__B_drop_okay_operator_1__s2,291,0,500
square__B_drop_okay_operator_1__s2,292,1,351
square__B_drop_okay_operator_1__s2,293,1,209
square__B_drop_okay_operator_1__s2,294,1,150
square__B_drop_okay_operator_1__s2,295,1,300
square__B_drop_okay_operator_1__s2,296,0,500
square__B_drop_okay_operator_1__s2,297,1,261
square__B_drop_okay_operator_1__s2,298,1,311
square__B_drop_okay_operator_1__s2,299,1,205
square__B_drop_okay_operator_1__s2,300,1,290
square__B_drop_okay_operator_1__s2,301,1,252
square__B_drop_okay_operator_1__s2,302,0,500
square__B_drop_okay_operator_1__s2,303,0,500
square__B_drop_okay_operator_1__s2,304,0,500
square__B_drop_okay_operator_1__s2,305,0,500
square__B_drop_okay_operator_1__s2,306,0,500
square__B_drop_okay_operator_1__s2,307,0,500
square__B_drop_okay_operator_1__s2,308,1,237
square__B_drop_okay_operator_1__s2,309,1,227
square__B_drop_okay_operator_1__s2,310,0,500
square__B_drop_okay_operator_1__s2,311,1,368
square__B_drop_okay_operator_1__s2,312,1,181
square__B_drop_okay_operator_1__s2,313,1,174
square__B_drop_okay_operator_1__s2,314,1,172
square__B_drop_okay_operator_1__s2,315,1,221
square__B_drop_okay_operator_1__s2,316,1,176
square__B_drop_okay_operator_1__s2,317,0,500
square__B_drop_okay_operator_1__s2,318,0,500
square__B_drop_okay_operator_1__s2,319,1,321
square__B_drop_okay_operator_1__s2,320,1,207
square__B_drop_okay_operator_1__s2,321,1,490
square__B_drop_okay_operator_1__s2,322,0,500
square__B_drop_okay_operator_1__s2,323,0,500
square__B_drop_okay_operator_1__s2,324,0,500
square__B_drop_okay_operator_1__s2,325,1,332
square__B_drop_okay_operator_1__s2,326,1,311
square__B_drop_okay_operator_1__s2,327,1,482
square__B_drop_okay_operator_1__s2,328,0,500
square__B_drop_okay_operator_1__s2,329,0,500
square__B_drop_okay_operator_1__s2,330,1,238
square__B_drop_okay_operator_1__s2,331,1,216
square__B_drop_okay_operator_1__s2,332,1,234
square__B_drop_okay_operator_1__s2,333,1,214
square__B_drop_okay_operator_1__s2,334,0,500
square__B_drop_okay_operator_1__s2,335,0,500
square__B_drop_okay_operator_1__s2,336,1,265
square__B_drop_okay_operator_1__s2,337,0,500
square__B_drop_okay_operator_1__s2,338,1,199
square__B_drop_okay_operator_1__s2,339,1,175
square__B_drop_okay_operator_1__s2,340,0,500
square__B_drop_okay_operator_1__s2,341,0,500
square__B_drop_okay_operator_1__s2,342,0,500
square__B_drop_okay_operator_1__s2,343,1,169
square__B_drop_okay_operator_1__s2,344,1,159
square__B_drop_okay_operator_1__s2,345,1,344
square__B_drop_okay_operator_1__s2,346,1,269
square__B_drop_okay_operator_1__s2,347,1,272
square__B_drop_okay_operator_1__s2,348,1,223
square__B_drop_okay_operator_1__s2,349,0,500
square__B_drop_okay_operator_1__s2,350,0,500
square__B_drop_okay_operator_1__s2,351,1,174
square__B_drop_okay_operator_1__s2,352,1,280
square__B_drop_okay_operator_1__s2,353,0,500
square__B_drop_okay_operator_1__s2,354,0,500
square__B_drop_okay_operator_1__s2,355,1,169
square__B_drop_okay_operator_1__s2,356,0,500
square__B_drop_okay_operator_1__s2,357,0,500
square__B_drop_okay_operator_1__s2,358,0,500
square__B_drop_okay_operator_1__s2,359,1,220
square__B_drop_okay_operator_1__s2,360,1,187
square__B_drop_okay_operator_1__s2,361,1,299
square__B_drop_okay_operator_1__s2,362,1,232
square__B_drop_okay_operator_1__s2,363,1,251
square__B_drop_okay_operator_1__s2,364,0,500
square__B_drop_okay_operator_1__s2,365,1,421
square__B_drop_okay_operator_1__s2,366,0,500
square__B_drop_okay_operator_1__s2,367,1,261
square__B_drop_okay_operator_1__s2,368,1,254
square__B_drop_okay_operator_1__s2,369,1,201
square__B_drop_okay_operator_1__s2,370,1,330
square__B_drop_okay_operator_1__s2,371,0,500
square__B_drop_okay_operator_1__s2,372,1,281
square__B_drop_okay_operator_1__s2,373,1,439
square__B_drop_okay_operator_1__s2,374,1,433
square__B_drop_okay_operator_1__s2,375,0,500
square__B_drop_okay_operator_1__s2,376,1,260
square__B_drop_okay_operator_1__s2,377,1,324
square__B_drop_okay_operator_1__s2,378,1,202
square__B_drop_okay_operator_1__s2,379,0,500
square__B_drop_okay_operator_1__s2,380,0,500
square__B_drop_okay_operator_1__s2,381,0,500
square__B_drop_okay_operator_1__s2,382,0,500
square__B_drop_okay_operator_1__s2,383,1,381
square__B_drop_okay_operator_1__s2,384,1,482
square__B_drop_okay_operator_1__s2,385,0,500
square__B_drop_okay_operator_1__s2,386,0,500
square__B_drop_okay_operator_1__s2,387,1,171
square__B_drop_okay_operator_1__s2,388,1,463
square__B_drop_okay_operator_1__s2,389,0,500
square__B_drop_okay_operator_1__s2,390,0,500
square__B_drop_okay_operator_1__s2,391,0,500
square__B_drop_okay_operator_1__s2,392,1,271
square__B_drop_okay_operator_1__s2,393,1,262
square__B_drop_okay_operator_1__s2,394,0,500
square__B_drop_okay_operator_1__s2,395,1,258
square__B_drop_okay_operator_1__s2,396,1,210
square__B_drop_okay_operator_1__s2,397,1,222
square__B_drop_okay_operator_1__s2,398,0,500
square__B_drop_okay_operator_1__s2,399,1,141
square__B_drop_okay_operator_1__s2,400,1,160
square__B_drop_okay_operator_1__s2,401,1,229
square__B_drop_okay_operator_1__s2,402,0,500
square__B_drop_okay_operator_1__s2,403,0,500
square__B_drop_okay_operator_1__s2,404,1,466
square__B_drop_okay_operator_1__s2,405,1,168
square__B_drop_okay_operator_1__s2,406,1,222
square__B_drop_okay_operator_1__s2,407,0,500
square__B_drop_okay_operator_1__s2,408,1,180
square__B_drop_okay_operator_1__s2,409,0,500
square__B_drop_okay_operator_1__s2,410,0,500
square__B_drop_okay_operator_1__s2,411,0,500
square__B_drop_okay_operator_1__s2,412,0,500
square__B_drop_okay_operator_1__s2,413,0,500
square__B_drop_okay_operator_1__s2,414,1,200
square__B_drop_okay_operator_1__s2,415,1,457
square__B_drop_okay_operator_1__s2,416,1,182
square__B_drop_okay_operator_1__s2,417,1,169
square__B_drop_okay_operator_1__s2,418,0,500
square__B_drop_okay_operator_1__s2,419,0,500
square__B_drop_okay_operator_1__s2,420,0,500
square__B_drop_okay_operator_1__s2,421,1,190
square__B_drop_okay_operator_1__s2,422,0,500
square__B_drop_okay_operator_1__s2,423,0,500
square__B_drop_okay_operator_1__s2,424,0,500
square__B_drop_okay_operator_1__s2,425,1,281
square__B_drop_okay_operator_1__s2,426,0,500
square__B_drop_okay_operator_1__s2,427,1,453
square__B_drop_okay_operator_1__s2,428,0,500
square__B_drop_okay_operator_1__s2,429,0,500
square__B_drop_okay_operator_1__s2,430,1,390
square__B_drop_okay_operator_1__s2,431,1,199
square__B_drop_okay_operator_1__s2,432,1,192
square__B_drop_okay_operator_1__s2,433,1,198
square__B_drop_okay_operator_1__s2,434,1,269
square__B_drop_okay_operator_1__s2,435,0,500
square__B_drop_okay_operator_1__s2,436,1,141
square__B_drop_okay_operator_1__s2,437,0,500
square__B_drop_okay_operator_1__s2,438,0,500
square__B_drop_okay_operator_1__s2,439,0,500
square__B_drop_okay_operator_1__s2,440,1,204
square__B_drop_okay_operator_1__s2,441,1,152
square__B_drop_okay_operator_1__s2,442,0,500
square__B_drop_okay_operator_1__s2,443,1,269
square__B_drop_okay_operator_1__s2,444,1,279
square__B_drop_okay_operator_1__s2,445,0,500
square__B_drop_okay_operator_1__s2,446,0,500
square__B_drop_okay_operator_1__s2,447,1,198
square__B_drop_okay_operator_1__s2,448,1,295
square__B_drop_okay_operator_1__s2,449,1,222
square__B_drop_okay_operator_1__s2,450,1,152
square__B_drop_okay_operator_1__s2,451,1,257
square__B_drop_okay_operator_1__s2,452,1,201
square__B_drop_okay_operator_1__s2,453,1,219
square__B_drop_okay_operator_1__s2,454,0,500
square__B_drop_okay_operator_1__s2,455,1,260
square__B_drop_okay_operator_1__s2,456,0,500
square__B_drop_okay_operator_1__s2,457,0,500
square__B_drop_okay_operator_1__s2,458,0,500
square__B_drop_okay_operator_1__s2,459,0,500
square__B_drop_okay_operator_1__s2,460,1,199
square__B_drop_okay_operator_1__s2,461,1,219
square__B_drop_okay_operator_1__s2,462,1,197
square__B_drop_okay_operator_1__s2,463,1,202
square__B_drop_okay_operator_1__s2,464,1,210
square__B_drop_okay_operator_1__s2,465,1,173
square__B_drop_okay_operator_1__s2,466,0,500
square__B_drop_okay_operator_1__s2,467,0,500
square__B_drop_okay_operator_1__s2,468,1,184
square__B_drop_okay_operator_1__s2,469,1,351
square__B_drop_okay_operator_1__s2,470,0,500
square__B_drop_okay_operator_1__s2,471,1,186
square__B_drop_okay_operator_1__s2,472,1,350
square__B_drop_okay_operator_1__s2,473,1,258
square__B_drop_okay_operator_1__s2,474,1,372
square__B_drop_okay_operator_1__s2,475,1,291
square__B_drop_okay_operator_1__s2,476,1,202
square__B_drop_okay_operator_1__s2,477,1,163
square__B_drop_okay_operator_1__s2,478,0,500
square__B_drop_okay_operator_1__s2,479,1,312
square__B_drop_okay_operator_1__s2,480,1,238
square__B_drop_okay_operator_1__s2,481,0,500
square__B_drop_okay_operator_1__s2,482,1,377
square__B_drop_okay_operator_1__s2,483,1,208
square__B_drop_okay_operator_1__s2,484,0,500
square__B_drop_okay_operator_1__s2,485,1,209
square__B_drop_okay_operator_1__s2,486,1,280
square__B_drop_okay_operator_1__s2,487,0,500
square__B_drop_okay_operator_1__s2,488,1,239
square__B_drop_okay_operator_1__s2,489,0,500
square__B_drop_okay_operator_1__s2,490,0,500
square__B_drop_okay_operator_1__s2,491,0,500
square__B_drop_okay_operator_1__s2,492,1,303
square__B_drop_okay_operator_1__s2,493,1,265
square__B_drop_okay_operator_1__s2,494,1,471
square__B_drop_okay_operator_1__s2,495,1,178
square__B_drop_okay_operator_1__s2,496,1,271
square__B_drop_okay_operator_1__s2,497,1,330
square__B_drop_okay_operator_1__s2,498,0,500
square__B_drop_okay_operator_1__s2,499,0,500
square__B_drop_okay_operator_1__s3,0,0,500
square__B_drop_okay_operator_1__s3,1,1,194
square__B_drop_okay_operator_1__s3,2,0,500
square__B_drop_okay_operator_1__s3,3,1,291
square__B_drop_okay_operator_1__s3,4,0,500
square__B_drop_okay_operator_1__s3,5,0,500
square__B_drop_okay_operator_1__s3,6,1,197
square__B_drop_okay_operator_1__s3,7,0,500
square__B_drop_okay_operator_1__s3,8,1,257
square__B_drop_okay_operator_1__s3,9,0,500
square__B_drop_okay_operator_1__s3,10,1,178
square__B_drop_okay_operator_1__s3,11,0,500
square__B_drop_okay_operator_1__s3,12,0,500
square__B_drop_okay_operator_1__s3,13,1,220
square__B_drop_okay_operator_1__s3,14,1,155
square__B_drop_okay_operator_1__s3,15,1,474
square__B_drop_okay_operator_1__s3,16,0,500
square__B_drop_okay_operator_1__s3,17,0,500
square__B_drop_okay_operator_1__s3,18,0,500
square__B_drop_okay_operator_1__s3,19,0,500
square__B_drop_okay_operator_1__s3,20,1,149
square__B_drop_okay_operator_1__s3,21,1,152
square__B_drop_okay_operator_1__s3,22,1,177
square__B_drop_okay_operator_1__s3,23,1,191
square__B_drop_okay_operator_1__s3,24,0,500
square__B_drop_okay_operator_1__s3,25,1,201
square__B_drop_okay_operator_1__s3,26,0,500
square__B_drop_okay_operator_1__s3,27,0,500
square__B_drop_okay_operator_1__s3,28,0,500
square__B_drop_okay_operator_1__s3,29,0,500
square__B_drop_okay_operator_1__s3,30,1,174
square__B_drop_okay_operator_1__s3,31,1,173
square__B_drop_okay_operator_1__s3,32,1,159
square__B_drop_okay_operator_1__s3,33,1,158
square__B_drop_okay_operator_1__s3,34,1,162
square__B_drop_okay_operator_1__s3,35,0,500
square__B_drop_okay_operator_1__s3,36,0,500
square__B_drop_okay_operator_1__s3,37,0,500
square__B_drop_okay_operator_1__s3,38,1,202
square__B_drop_okay_operator_1__s3,39,1,161
square__B_drop_okay_operator_1__s3,40,0,500
square__B_drop_okay_operator_1__s3,41,1,271
square__B_drop_okay_operator_1__s3,42,1,250
square__B_drop_okay_operator_1__s3,43,0,500
square__B_drop_okay_operator_1__s3,44,1,239
square__B_drop_okay_operator_1__s3,45,1,240
square__B_drop_okay_operator_1__s3,46,0,500
square__B_drop_okay_operator_1__s3,47,0,500
square__B_drop_okay_operator_1__s3,48,1,150
square__B_drop_okay_operator_1__s3,49,0,500
square__B_drop_okay_operator_1__s3,50,1,200
square__B_drop_okay_operator_1__s3,51,1,300
square__B_drop_okay_operator_1__s3,52,1,262
square__B_drop_okay_operator_1__s3,53,1,157
square__B_drop_okay_operator_1__s3,54,0,500
square__B_drop_okay_operator_1__s3,55,0,500
square__B_drop_okay_operator_1__s3,56,1,152
square__B_drop_okay_operator_1__s3,57,0,500
square__B_drop_okay_operator_1__s3,58,1,147
square__B_drop_okay_operator_1__s3,59,0,500
square__B_drop_okay_operator_1__s3,60,1,193
square__B_drop_okay_operator_1__s3,61,0,500
square__B_drop_okay_operator_1__s3,62,1,164
square__B_drop_okay_operator_1__s3,63,0,500
square__B_drop_okay_operator_1__s3,64,0,500
square__B_drop_okay_operator_1__s3,65,1,271
square__B_drop_okay_operator_1__s3,66,1,148
square__B_drop_okay_operator_1__s3,67,0,500
square__B_drop_okay_operator_1__s3,68,1,192
square__B_drop_okay_operator_1__s3,69,0,500
square__B_drop_okay_operator_1__s3,70,1,307
square__B_drop_okay_operator_1__s3,71,1,341
square__B_drop_okay_operator_1__s3,72,1,353
square__B_drop_okay_operator_1__s3,73,1,180
square__B_drop_okay_operator_1__s3,74,1,216
square__B_drop_okay_operator_1__s3,75,1,223
square__B_drop_okay_operator_1__s3,76,1,192
square__B_drop_okay_operator_1__s3,77,0,500
square__B_drop_okay_operator_1__s3,78,1,149
square__B_drop_okay_operator_1__s3,79,1,323
square__B_drop_okay_operator_1__s3,80,1,176
square__B_drop_okay_operator_1__s3,81,0,500
square__B_drop_okay_operator_1__s3,82,1,254
square__B_drop_okay_operator_1__s3,83,1,150
square__B_drop_okay_operator_1__s3,84,0,500
square__B_drop_okay_operator_1__s3,85,1,175
square__B_drop_okay_operator_1__s3,86,0,500
square__B_drop_okay_operator_1__s3,87,0,500
square__B_drop_okay_operator_1__s3,88,1,320
square__B_drop_okay_operator_1__s3,89,1,210
square__B_drop_okay_operator_1__s3,90,0,500
square__B_drop_okay_operator_1__s3,91,0,500
square__B_drop_okay_operator_1__s3,92,1,181
square__B_drop_okay_operator_1__s3,93,1,244
square__B_drop_okay_operator_1__s3,94,1,209
square__B_drop_okay_operator_1__s3,95,0,500
square__B_drop_okay_operator_1__s3,96,0,500
square__B_drop_okay_operator_1__s3,97,1,179
square__B_drop_okay_operator_1__s3,98,0,500
square__B_drop_okay_operator_1__s3,99,0,500
square__B_drop_okay_operator_1__s3,100,0,500
square__B_drop_okay_operator_1__s3,101,1,212
square__B_drop_okay_operator_1__s3,102,1,253
square__B_drop_okay_operator_1__s3,103,1,189
square__B_drop_okay_operator_1__s3,104,0,500
square__B_drop_okay_operator_1__s3,105,1,185
square__B_drop_okay_operator_1__s3,106,0,500
square__B_drop_okay_operator_1__s3,107,0,500
square__B_drop_okay_operator_1__s3,108,1,179
square__B_drop_okay_operator_1__s3,109,0,500
square__B_drop_okay_operator_1__s3,110,1,243
square__B_drop_okay_operator_1__s3,111,0,500
square__B_drop_okay_operator_1__s3,112,1,181
square__B_drop_okay_operator_1__s3,113,1,149
square__B_drop_okay_operator_1__s3,114,1,213
square__B_drop_okay_operator_1__s3,115,1,239
square__B_drop_okay_operator_1__s3,116,0,500
square__B_drop_okay_operator_1__s3,117,1,142
square__B_drop_okay_operator_1__s3,118,0,500
square__B_drop_okay_operator_1__s3,119,1,157
square__B_drop_okay_operator_1__s3,120,1,201
square__B_drop_okay_operator_1__s3,121,1,251
square__B_drop_okay_operator_1__s3,122,0,500
square__B_drop_okay_operator_1__s3,123,0,500
square__B_drop_okay_operator_1__s3,124,1,211
square__B_drop_okay_operator_1__s3,125,1,182
square__B_drop_okay_operator_1__s3,126,1,212
square__B_drop_okay_operator_1__s3,127,1,159
square__B_drop_okay_operator_1__s3,128,1,276
square__B_drop_okay_operator_1__s3,129,0,500
square__B_drop_okay_operator_1__s3,130,0,500
square__B_drop_okay_operator_1__s3,131,1,341
square__B_drop_okay_operator_1__s3,132,1,168
square__B_drop_okay_operator_1__s3,133,1,158
square__B_drop_okay_operator_1__s3,134,0,500
square__B_drop_okay_operator_1__s3,135,0,500
square__B_drop_okay_operator_1__s3,136,0,500
square__B_drop_okay_operator_1__s3,137,1,162
square__B_drop_okay_operator_1__s3,138,1,167
square__B_drop_okay_operator_1__s3,139,0,500
square__B_drop_okay_operator_1__s3,140,0,500
square__B_drop_okay_operator_1__s3,141,1,230
square__B_drop_okay_operator_1__s3,142,1,159
square__B_drop_okay_operator_1__s3,143,0,500
square__B_drop_okay_operator_1__s3,144,1,292
square__B_drop_okay_operator_1__s3,145,1,150
square__B_drop_okay_operator_1__s3,146,0,500
square__B_drop_okay_operator_1__s3,147,1,255
square__B_drop_okay_operator_1__s3,148,1,226
square__B_drop_okay_operator_1__s3,149,1,220
square__B_drop_okay_operator_1__s3,150,0,500
square__B_drop_okay_operator_1__s3,151,1,167
square__B_drop_okay_operator_1__s3,152,1,491
square__B_drop_okay_operator_1__s3,153,1,450
square__B_drop_okay_operator_1__s3,154,1,198
square__B_drop_okay_operator_1__s3,155,1,187
square__B_drop_okay_operator_1__s3,156,1,178
square__B_drop_okay_operator_1__s3,157,1,187
square__B_drop_okay_operator_1__s3,158,1,210
square__B_drop_okay_operator_1__s3,159,1,426
square__B_drop_okay_operator_1__s3,160,1,169
square__B_drop_okay_operator_1__s3,161,0,500
square__B_drop_okay_operator_1__s3,162,1,181
square__B_drop_okay_operator_1__s3,163,1,184
square__B_drop_okay_operator_1__s3,164,0,500
square__B_drop_okay_operator_1__s3,165,0,500
square__B_drop_okay_operator_1__s3,166,0,500
square__B_drop_okay_operator_1__s3,167,1,151
square__B_drop_okay_operator_1__s3,168,0,500
square__B_drop_okay_operator_1__s3,169,1,169
square__B_drop_okay_operator_1__s3,170,1,175
square__B_drop_okay_operator_1__s3,171,0,500
square__B_drop_okay_operator_1__s3,172,1,348
square__B_drop_okay_operator_1__s3,173,1,162
square__B_drop_okay_operator_1__s3,174,0,500
square__B_drop_okay_operator_1__s3,175,1,166
square__B_drop_okay_operator_1__s3,176,0,500
square__B_drop_okay_operator_1__s3,177,1,171
square__B_drop_okay_operator_1__s3,178,1,184
square__B_drop_okay_operator_1__s3,179,0,500
square__B_drop_okay_operator_1__s3,180,0,500
square__B_drop_okay_operator_1__s3,181,1,190
square__B_drop_okay_operator_1__s3,182,1,444
square__B_drop_okay_operator_1__s3,183,0,500
square__B_drop_okay_operator_1__s3,184,1,178
square__B_drop_okay_operator_1__s3,185,1,288
square__B_drop_okay_operator_1__s3,186,0,500
square__B_drop_okay_operator_1__s3,187,1,181
square__B_drop_okay_operator_1__s3,188,0,500
square__B_drop_okay_operator_1__s3,189,0,500
square__B_drop_okay_operator_1__s3,190,1,151
square__B_drop_okay_operator_1__s3,191,0,500
square__B_drop_okay_operator_1__s3,192,0,500
square__B_drop_okay_operator_1__s3,193,1,168
square__B_drop_okay_operator_1__s3,194,0,500
square__B_drop_okay_operator_1__s3,195,1,210
square__B_drop_okay_operator_1__s3,196,1,157
square__B_drop_okay_operator_1__s3,197,1,217
square__B_drop_okay_operator_1__s3,198,1,181
square__B_drop_okay_operator_1__s3,199,1,161
square__B_drop_okay_operator_1__s3,200,0,500
square__B_drop_okay_operator_1__s3,201,1,190
square__B_drop_okay_operator_1__s3,202,1,194
square__B_drop_okay_operator_1__s3,203,1,232
square__B_drop_okay_operator_1__s3,204,0,500
square__B_drop_okay_operator_1__s3,205,1,241
square__B_drop_okay_operator_1__s3,206,0,500
square__B_drop_okay_operator_1__s3,207,1,170
square__B_drop_okay_operator_1__s3,208,1,350
square__B_drop_okay_operator_1__s3,209,1,169
square__B_drop_okay_operator_1__s3,210,1,210
square__B_drop_okay_operator_1__s3,211,1,191
square__B_drop_okay_operator_1__s3,212,1,362
square__B_drop_okay_operator_1__s3,213,1,188
square__B_drop_okay_operator_1__s3,214,1,193
square__B_drop_okay_operator_1__s3,215,1,315
square__B_drop_okay_operator_1__s3,216,0,500
square__B_drop_okay_operator_1__s3,217,1,150
square__B_drop_okay_operator_1__s3,218,0,500
square__B_drop_okay_operator_1__s3,219,0,500
square__B_drop_okay_operator_1__s3,220,0,500
square__B_drop_okay_operator_1__s3,221,0,500
square__B_drop_okay_operator_1__s3,222,0,500
square__B_drop_okay_operator_1__s3,223,1,163
square__B_drop_okay_operator_1__s3,224,1,221
square__B_drop_okay_operator_1__s3,225,1,148
square__B_drop_okay_operator_1__s3,226,1,180
square__B_drop_okay_operator_1__s3,227,1,161
square__B_drop_okay_operator_1__s3,228,1,180
square__B_drop_okay_operator_1__s3,229,0,500
square__B_drop_okay_operator_1__s3,230,1,179
square__B_drop_okay_operator_1__s3,231,0,500
square__B_drop_okay_operator_1__s3,232,1,201
square__B_drop_okay_operator_1__s3,233,0,500
square__B_drop_okay_operator_1__s3,234,1,251
square__B_drop_okay_operator_1__s3,235,1,164
square__B_drop_okay_operator_1__s3,236,0,500
square__B_drop_okay_operator_1__s3,237,0,500
square__B_drop_okay_operator_1__s3,238,0,500
square__B_drop_okay_operator_1__s3,239,0,500
square__B_drop_okay_operator_1__s3,240,1,183
square__B_drop_okay_operator_1__s3,241,1,227
square__B_drop_okay_operator_1__s3,242,0,500
square__B_drop_okay_operator_1__s3,243,0,500
square__B_drop_okay_operator_1__s3,244,1,153
square__B_drop_okay_operator_1__s3,245,1,153
square__B_drop_okay_operator_1__s3,246,1,202
square__B_drop_okay_operator_1__s3,247,1,267
square__B_drop_okay_operator_1__s3,248,1,306
square__B_drop_okay_operator_1__s3,249,1,150
square__B_drop_okay_operator_1__s3,250,1,132
square__B_drop_okay_operator_1__s3,251,0,500
square__B_drop_okay_operator_1__s3,252,0,500
square__B_drop_okay_operator_1__s3,253,0,500
square__B_drop_okay_operator_1__s3,254,1,199
square__B_drop_okay_operator_1__s3,255,1,176
square__B_drop_okay_operator_1__s3,256,1,248
square__B_drop_okay_operator_1__s3,257,0,500
square__B_drop_okay_operator_1__s3,258,0,500
square__B_drop_okay_operator_1__s3,259,0,500
square__B_drop_okay_operator_1__s3,260,1,214
square__B_drop_okay_operator_1__s3,261,0,500
square__B_drop_okay_operator_1__s3,262,0,500
square__B_drop_okay_operator_1__s3,263,1,164
square__B_drop_okay_operator_1__s3,264,0,500
square__B_drop_okay_operator_1__s3,265,1,321
square__B_drop_okay_operator_1__s3,266,1,181
square__B_drop_okay_operator_1__s3,267,0,500
square__B_drop_okay_operator_1__s3,268,0,500
square__B_drop_okay_operator_1__s3,269,0,500
square__B_drop_okay_operator_1__s3,270,1,150
square__B_drop_okay_operator_1__s3,271,0,500
square__B_drop_okay_operator_1__s3,272,1,193
square__B_drop_okay_operator_1__s3,273,1,290
square__B_drop_okay_operator_1__s3,274,1,199
square__B_drop_okay_operator_1__s3,275,0,500
square__B_drop_okay_operator_1__s3,276,0,500
square__B_drop_okay_operator_1__s3,277,0,500
square__B_drop_okay_operator_1__s3,278,1,208
square__B_drop_okay_operator_1__s3,279,0,500
square__B_drop_okay_operator_1__s3,280,0,500
square__B_drop_okay_operator_1__s3,281,1,173
square__B_drop_okay_operator_1__s3,282,1,302
square__B_drop_okay_operator_1__s3,283,1,330
square__B_drop_okay_operator_1__s3,284,1,228
square__B_drop_okay_operator_1__s3,285,0,500
square__B_drop_okay_operator_1__s3,286,1,151
square__B_drop_okay_operator_1__s3,287,0,500
square__B_drop_okay_operator_1__s3,288,1,489
square__B_drop_okay_operator_1__s3,289,0,500
square__B_drop_okay_operator_1__s3,290,1,450
square__B_drop_okay_operator_1__s3,291,0,500
square__B_drop_okay_operator_1__s3,292,1,142
square__B_drop_okay_operator_1__s3,293,0,500
square__B_drop_okay_operator_1__s3,294,1,159
square__B_drop_okay_operator_1__s3,295,1,159
square__B_drop_okay_operator_1__s3,296,1,166
square__B_drop_okay_operator_1__s3,297,0,500
square__B_drop_okay_operator_1__s3,298,1,287
square__B_drop_okay_operator_1__s3,299,1,202
square__B_drop_okay_operator_1__s3,300,1,155
square__B_drop_okay_operator_1__s3,301,1,179
square__B_drop_okay_operator_1__s3,302,1,171
square__B_drop_okay_operator_1__s3,303,1,150
square__B_drop_okay_operator_1__s3,304,1,319
square__B_drop_okay_operator_1__s3,305,0,500
square__B_drop_okay_operator_1__s3,306,1,310
square__B_drop_okay_operator_1__s3,307,1,154
square__B_drop_okay_operator_1__s3,308,1,332
square__B_drop_okay_operator_1__s3,309,1,177
square__B_drop_okay_operator_1__s3,310,1,222
square__B_drop_okay_operator_1__s3,311,0,500
square__B_drop_okay_operator_1__s3,312,1,227
square__B_drop_okay_operator_1__s3,313,1,167
square__B_drop_okay_operator_1__s3,314,1,152
square__B_drop_okay_operator_1__s3,315,1,162
square__B_drop_okay_operator_1__s3,316,1,258
square__B_drop_okay_operator_1__s3,317,0,500
square__B_drop_okay_operator_1__s3,318,0,500
square__B_drop_okay_operator_1__s3,319,1,167
square__B_drop_okay_operator_1__s3,320,0,500
square__B_drop_okay_operator_1__s3,321,0,500
square__B_drop_okay_operator_1__s3,322,0,500
square__B_drop_okay_operator_1__s3,323,0,500
square__B_drop_okay_operator_1__s3,324,0,500
square__B_drop_okay_operator_1__s3,325,1,159
square__B_drop_okay_operator_1__s3,326,1,159
square__B_drop_okay_operator_1__s3,327,0,500
square__B_drop_okay_operator_1__s3,328,0,500
square__B_drop_okay_operator_1__s3,329,1,219
square__B_drop_okay_operator_1__s3,330,0,500
square__B_drop_okay_operator_1__s3,331,1,170
square__B_drop_okay_operator_1__s3,332,0,500
square__B_drop_okay_operator_1__s3,333,1,216
square__B_drop_okay_operator_1__s3,334,1,182
square__B_drop_okay_operator_1__s3,335,0,500
square__B_drop_okay_operator_1__s3,336,1,169
square__B_drop_okay_operator_1__s3,337,1,363
square__B_drop_okay_operator_1__s3,338,0,500
square__B_drop_okay_operator_1__s3,339,0,500
square__B_drop_okay_operator_1__s3,340,0,500
square__B_drop_okay_operator_1__s3,341,1,141
square__B_drop_okay_operator_1__s3,342,1,250
square__B_drop_okay_operator_1__s3,343,0,500
square__B_drop_okay_operator_1__s3,344,1,149
square__B_drop_okay_operator_1__s3,345,0,500
square__B_drop_okay_operator_1__s3,346,1,189
square__B_drop_okay_operator_1__s3,347,1,195
square__B_drop_okay_operator_1__s3,348,0,500
square__B_drop_okay_operator_1__s3,349,0,500
square__B_drop_okay_operator_1__s3,350,1,393
square__B_drop_okay_operator_1__s3,351,1,277
square__B_drop_okay_operator_1__s3,352,1,199
square__B_drop_okay_operator_1__s3,353,0,500
square__B_drop_okay_operator_1__s3,354,0,500
square__B_drop_okay_operator_1__s3,355,1,165
square__B_drop_okay_operator_1__s3,356,1,164
square__B_drop_okay_operator_1__s3,357,0,500
square__B_drop_okay_operator_1__s3,358,0,500
square__B_drop_okay_operator_1__s3,359,0,500
square__B_drop_okay_operator_1__s3,360,1,200
square__B_drop_okay_operator_1__s3,361,1,152
square__B_drop_okay_operator_1__s3,362,0,500
square__B_drop_okay_operator_1__s3,363,1,200
square__B_drop_okay_operator_1__s3,364,1,328
square__B_drop_okay_operator_1__s3,365,1,243
square__B_drop_okay_operator_1__s3,366,1,160
square__B_drop_okay_operator_1__s3,367,1,201
square__B_drop_okay_operator_1__s3,368,0,500
square__B_drop_okay_operator_1__s3,369,1,198
square__B_drop_okay_operator_1__s3,370,1,384
square__B_drop_okay_operator_1__s3,371,0,500
square__B_drop_okay_operator_1__s3,372,0,500
square__B_drop_okay_operator_1__s3,373,1,151
square__B_drop_okay_operator_1__s3,374,0,500
square__B_drop_okay_operator_1__s3,375,1,181
square__B_drop_okay_operator_1__s3,376,1,210
square__B_drop_okay_operator_1__s3,377,0,500
square__B_drop_okay_operator_1__s3,378,0,500
square__B_drop_okay_operator_1__s3,379,1,433
square__B_drop_okay_operator_1__s3,380,1,287
square__B_drop_okay_operator_1__s3,381,0,500
square__B_drop_okay_operator_1__s3,382,1,201
square__B_drop_okay_operator_1__s3,383,1,331
square__B_drop_okay_operator_1__s3,384,1,212
square__B_drop_okay_operator_1__s3,385,0,500
square__B_drop_okay_operator_1__s3,386,1,483
square__B_drop_okay_operator_1__s3,387,1,401
square__B_drop_okay_operator_1__s3,388,0,500
square__B_drop_okay_operator_1__s3,389,1,169
square__B_drop_okay_operator_1__s3,390,0,500
square__B_drop_okay_operator_1__s3,391,0,500
square__B_drop_okay_operator_1__s3,392,1,282
square__B_drop_okay_operator_1__s3,393,0,500
square__B_drop_okay_operator_1__s3,394,1,181
square__B_drop_okay_operator_1__s3,395,0,500
square__B_drop_okay_operator_1__s3,396,1,242
square__B_drop_okay_operator_1__s3,397,1,183
square__B_drop_okay_operator_1__s3,398,0,500
square__B_drop_okay_operator_1__s3,399,1,190
square__B_drop_okay_operator_1__s3,400,1,160
square__B_drop_okay_operator_1__s3,401,1,218
square__B_drop_okay_operator_1__s3,402,1,155
square__B_drop_okay_operator_1__s3,403,0,500
square__B_drop_okay_operator_1__s3,404,1,334
square__B_drop_okay_operator_1__s3,405,1,172
square__B_drop_okay_operator_1__s3,406,1,155
square__B_drop_okay_operator_1__s3,407,0,500
square__B_drop_okay_operator_1__s3,408,1,172
square__B_drop_okay_operator_1__s3,409,1,199
square__B_drop_okay_operator_1__s3,410,1,253
square__B_drop_okay_operator_1__s3,411,0,500
square__B_drop_okay_operator_1__s3,412,1,152
square__B_drop_okay_operator_1__s3,413,0,500
square__B_drop_okay_operator_1__s3,414,1,181
square__B_drop_okay_operator_1__s3,415,0,500
square__B_drop_okay_operator_1__s3,416,0,500
square__B_drop_okay_operator_1__s3,417,1,162
square__B_drop_okay_operator_1__s3,418,1,149
square__B_drop_okay_operator_1__s3,419,0,500
square__B_drop_okay_operator_1__s3,420,0,500
square__B_drop_okay_operator_1__s3,421,1,168
square__B_drop_okay_operator_1__s3,422,1,256
square__B_drop_okay_operator_1__s3,423,0,500
square__B_drop_okay_operator_1__s3,424,0,500
square__B_drop_okay_operator_1__s3,425,0,500
square__B_drop_okay_operator_1__s3,426,0,500
square__B_drop_okay_operator_1__s3,427,0,500
square__B_drop_okay_operator_1__s3,428,0,500
square__B_drop_okay_operator_1__s3,429,1,152
square__B_drop_okay_operator_1__s3,430,1,439
square__B_drop_okay_operator_1__s3,431,1,222
square__B_drop_okay_operator_1__s3,432,1,168
square__B_drop_okay_operator_1__s3,433,1,251
square__B_drop_okay_operator_1__s3,434,1,171
square__B_drop_okay_operator_1__s3,435,0,500
square__B_drop_okay_operator_1__s3,436,1,190
square__B_drop_okay_operator_1__s3,437,1,268
square__B_drop_okay_operator_1__s3,438,0,500
square__B_drop_okay_operator_1__s3,439,1,151
square__B_drop_okay_operator_1__s3,440,1,227
square__B_drop_okay_operator_1__s3,441,1,167
square__B_drop_okay_operator_1__s3,442,1,160
square__B_drop_okay_operator_1__s3,443,1,161
square__B_drop_okay_operator_1__s3,444,1,182
square__B_drop_okay_operator_1__s3,445,0,500
square__B_drop_okay_operator_1__s3,446,0,500
square__B_drop_okay_operator_1__s3,447,1,174
square__B_drop_okay_operator_1__s3,448,1,278
square__B_drop_okay_operator_1__s3,449,0,500
square__B_drop_okay_operator_1__s3,450,1,162
square__B_drop_okay_operator_1__s3,451,0,500
square__B_drop_okay_operator_1__s3,452,0,500
square__B_drop_okay_operator_1__s3,453,1,185
square__B_drop_okay_operator_1__s3,454,0,500
square__B_drop_okay_operator_1__s3,455,1,170
square__B_drop_okay_operator_1__s3,456,1,260
square__B_drop_okay_operator_1__s3,457,1,259
square__B_drop_okay_operator_1__s3,458,0,500
square__B_drop_okay_operator_1__s3,459,0,500
square__B_drop_okay_operator_1__s3,460,1,340
square__B_drop_okay_operator_1__s3,461,1,171
square__B_drop_okay_operator_1__s3,462,1,181
square__B_drop_okay_operator_1__s3,463,1,323
square__B_drop_okay_operator_1__s3,464,1,189
square__B_drop_okay_operator_1__s3,465,1,227
square__B_drop_okay_operator_1__s3,466,1,171
square__B_drop_okay_operator_1__s3,467,1,373
square__B_drop_okay_operator_1__s3,468,1,160
square__B_drop_okay_operator_1__s3,469,1,170
square__B_drop_okay_operator_1__s3,470,0,500
square__B_drop_okay_operator_1__s3,471,1,166
square__B_drop_okay_operator_1__s3,472,0,500
square__B_drop_okay_operator_1__s3,473,1,203
square__B_drop_okay_operator_1__s3,474,1,399
square__B_drop_okay_operator_1__s3,475,1,153
square__B_drop_okay_operator_1__s3,476,1,275
square__B_drop_okay_operator_1__s3,477,1,182
square__B_drop_okay_operator_1__s3,478,0,500
square__B_drop_okay_operator_1__s3,479,1,361
square__B_drop_okay_operator_1__s3,480,1,164
square__B_drop_okay_operator_1__s3,481,1,170
square__B_drop_okay_operator_1__s3,482,0,500
square__B_drop_okay_operator_1__s3,483,1,167
square__B_drop_okay_operator_1__s3,484,0,500
square__B_drop_okay_operator_1__s3,485,1,198
square__B_drop_okay_operator_1__s3,486,0,500
square__B_drop_okay_operator_1__s3,487,0,500
square__B_drop_okay_operator_1__s3,488,0,500
square__B_drop_okay_operator_1__s3,489,0,500
square__B_drop_okay_operator_1__s3,490,1,173
square__B_drop_okay_operator_1__s3,491,0,500
square__B_drop_okay_operator_1__s3,492,0,500
square__B_drop_okay_operator_1__s3,493,0,500
square__B_drop_okay_operator_1__s3,494,0,500
square__B_drop_okay_operator_1__s3,495,1,192
square__B_drop_okay_operator_1__s3,496,1,200
square__B_drop_okay_operator_1__s3,497,1,198
square__B_drop_okay_operator_1__s3,498,1,193
square__B_drop_okay_operator_1__s3,499,0,500
square__B_drop_okay_operator_2__s1,0,1,301
square__B_drop_okay_operator_2__s1,1,1,269
square__B_drop_okay_operator_2__s1,2,1,398
square__B_drop_okay_operator_2__s1,3,1,269
square__B_drop_okay_operator_2__s1,4,0,500
square__B_drop_okay_operator_2__s1,5,0,500
square__B_drop_okay_operator_2__s1,6,0,500
square__B_drop_okay_operator_2__s1,7,1,197
square__B_drop_okay_operator_2__s1,8,0,500
square__B_drop_okay_operator_2__s1,9,1,230
square__B_drop_okay_operator_2__s1,10,1,208
square__B_drop_okay_operator_2__s1,11,1,191
square__B_drop_okay_operator_2__s1,12,0,500
square__B_drop_okay_operator_2__s1,13,1,252
square__B_drop_okay_operator_2__s1,14,1,158
square__B_drop_okay_operator_2__s1,15,0,500
square__B_drop_okay_operator_2__s1,16,1,227
square__B_drop_okay_operator_2__s1,17,1,192
square__B_drop_okay_operator_2__s1,18,0,500
square__B_drop_okay_operator_2__s1,19,1,238
square__B_drop_okay_operator_2__s1,20,0,500
square__B_drop_okay_operator_2__s1,21,0,500
square__B_drop_okay_operator_2__s1,22,1,183
square__B_drop_okay_operator_2__s1,23,1,238
square__B_drop_okay_operator_2__s1,24,1,195
square__B_drop_okay_operator_2__s1,25,1,211
square__B_drop_okay_operator_2__s1,26,1,311
square__B_drop_okay_operator_2__s1,27,0,500
square__B_drop_okay_operator_2__s1,28,0,500
square__B_drop_okay_operator_2__s1,29,1,212
square__B_drop_okay_operator_2__s1,30,1,431
square__B_drop_okay_operator_2__s1,31,1,138
square__B_drop_okay_operator_2__s1,32,1,399
square__B_drop_okay_operator_2__s1,33,1,200
square__B_drop_okay_operator_2__s1,34,1,192
square__B_drop_okay_operator_2__s1,35,0,500
square__B_drop_okay_operator_2__s1,36,0,500
square__B_drop_okay_operator_2__s1,37,1,249
square__B_drop_okay_operator_2__s1,38,1,366
square__B_drop_okay_operator_2__s1,39,1,183
square__B_drop_okay_operator_2__s1,40,1,207
square__B_drop_okay_operator_2__s1,41,0,500
square__B_drop_okay_operator_2__s1,42,1,351
square__B_drop_okay_operator_2__s1,43,0,500
square__B_drop_okay_operator_2__s1,44,1,295
square__B_drop_okay_operator_2__s1,45,1,237
square__B_drop_okay_operator_2__s1,46,1,230
square__B_drop_okay_operator_2__s1,47,0,500
square__B_drop_okay_operator_2__s1,48,1,271
square__B_drop_okay_operator_2__s1,49,1,322
square__B_drop_okay_operator_2__s1,50,1,200
square__B_drop_okay_operator_2__s1,51,1,219
square__B_drop_okay_operator_2__s1,52,0,500
square__B_drop_okay_operator_2__s1,53,1,182
square__B_drop_okay_operator_2__s1,54,0,500
square__B_drop_okay_operator_2__s1,55,1,323
square__B_drop_okay_operator_2__s1,56,1,146
square__B_drop_okay_operator_2__s1,57,1,216
square__B_drop_okay_operator_2__s1,58,1,171
square__B_drop_okay_operator_2__s1,59,1,179
square__B_drop_okay_operator_2__s1,60,1,167
square__B_drop_okay_operator_2__s1,61,1,459
square__B_drop_okay_operator_2__s1,62,0,500
square__B_drop_okay_operator_2__s1,63,1,261
square__B_drop_okay_operator_2__s1,64,1,383
square__B_drop_okay_operator_2__s1,65,0,500
square__B_drop_okay_operator_2__s1,66,1,231
square__B_drop_okay_operator_2__s1,67,1,351
square__B_drop_okay_operator_2__s1,68,1,211
square__B_drop_okay_operator_2__s1,69,1,209
square__B_drop_okay_operator_2__s1,70,1,219
square__B_drop_okay_operator_2__s1,71,1,230
square__B_drop_okay_operator_2__s1,72,1,436
square__B_drop_okay_operator_2__s1,73,0,500
square__B_drop_okay_operator_2__s1,74,1,176
square__B_drop_okay_operator_2__s1,75,1,200
square__B_drop_okay_operator_2__s1,76,1,208
square__B_drop_okay_operator_2__s1,77,1,162
square__B_drop_okay_operator_2__s1,78,0,500
square__B_drop_okay_operator_2__s1,79,1,182
square__B_drop_okay_operator_2__s1,80,1,248
square__B_drop_okay_operator_2__s1,81,0,500
square__B_drop_okay_operator_2__s1,82,1,252
square__B_drop_okay_operator_2__s1,83,1,181
square__B_drop_okay_operator_2__s1,84,1,241
square__B_drop_okay_operator_2__s1,85,1,352
square__B_drop_okay_operator_2__s1,86,1,270
square__B_drop_okay_operator_2__s1,87,1,190
square__B_drop_okay_operator_2__s1,88,0,500
square__B_drop_okay_operator_2__s1,89,1,261
square__B_drop_okay_operator_2__s1,90,1,246
square__B_drop_okay_operator_2__s1,91,1,256
square__B_drop_okay_operator_2__s1,92,1,225
square__B_drop_okay_operator_2__s1,93,0,500
square__B_drop_okay_operator_2__s1,94,1,151
square__B_drop_okay_operator_2__s1,95,1,277
square__B_drop_okay_operator_2__s1,96,0,500
square__B_drop_okay_operator_2__s1,97,0,500
square__B_drop_okay_operator_2__s1,98,1,402
square__B_drop_okay_operator_2__s1,99,1,202
square__B_drop_okay_operator_2__s1,100,1,170
square__B_drop_okay_operator_2__s1,101,1,282
square__B_drop_okay_operator_2__s1,102,1,249
square__B_drop_okay_operator_2__s1,103,1,333
square__B_drop_okay_operator_2__s1,104,1,161
square__B_drop_okay_operator_2__s1,105,1,330
square__B_drop_okay_operator_2__s1,106,1,157
square__B_drop_okay_operator_2__s1,107,1,329
square__B_drop_okay_operator_2__s1,108,1,182
square__B_drop_okay_operator_2__s1,109,1,309
square__B_drop_okay_operator_2__s1,110,1,260
square__B_drop_okay_operator_2__s1,111,1,218
square__B_drop_okay_operator_2__s1,112,1,269
square__B_drop_okay_operator_2__s1,113,1,342
square__B_drop_okay_operator_2__s1,114,1,189
square__B_drop_okay_operator_2__s1,115,1,218
square__B_drop_okay_operator_2__s1,116,1,171
square__B_drop_okay_operator_2__s1,117,1,262
square__B_drop_okay_operator_2__s1,118,0,500
square__B_drop_okay_operator_2__s1,119,1,205
square__B_drop_okay_operator_2__s1,120,1,300
square__B_drop_okay_operator_2__s1,121,1,229
square__B_drop_okay_operator_2__s1,122,1,251
square__B_drop_okay_operator_2__s1,123,1,367
square__B_drop_okay_operator_2__s1,124,1,482
square__B_drop_okay_operator_2__s1,125,0,500
square__B_drop_okay_operator_2__s1,126,1,172
square__B_drop_okay_operator_2__s1,127,1,171
square__B_drop_okay_operator_2__s1,128,1,403
square__B_drop_okay_operator_2__s1,129,1,201
square__B_drop_okay_operator_2__s1,130,1,177
square__B_drop_okay_operator_2__s1,131,1,187
square__B_drop_okay_operator_2__s1,132,1,178
square__B_drop_okay_operator_2__s1,133,1,335
square__B_drop_okay_operator_2__s1,134,1,380
square__B_drop_okay_operator_2__s1,135,1,208
square__B_drop_okay_operator_2__s1,136,0,500
square__B_drop_okay_operator_2__s1,137,0,500
square__B_drop_okay_operator_2__s1,138,1,168
square__B_drop_okay_operator_2__s1,139,1,197
square__B_drop_okay_operator_2__s1,140,0,500
square__B_drop_okay_operator_2__s1,141,1,205
square__B_drop_okay_operator_2__s1,142,1,230
square__B_drop_okay_operator_2__s1,143,1,199
square__B_drop_okay_operator_2__s1,144,1,171
square__B_drop_okay_operator_2__s1,145,0,500
square__B_drop_okay_operator_2__s1,146,1,252
square__B_drop_okay_operator_2__s1,147,0,500
square__B_drop_okay_operator_2__s1,148,0,500
square__B_drop_okay_operator_2__s1,149,0,500
square__B_drop_okay_operator_2__s1,150,1,212
square__B_drop_okay_operator_2__s1,151,1,290
square__B_drop_okay_operator_2__s1,152,1,171
square__B_drop_okay_operator_2__s1,153,1,185
square__B_drop_okay_operator_2__s1,154,1,269
square__B_drop_okay_operator_2__s1,155,1,157
square__B_drop_okay_operator_2__s1,156,1,311
square__B_drop_okay_operator_2__s1,157,1,287
square__B_drop_okay_operator_2__s1,158,1,189
square__B_drop_okay_operator_2__s1,159,0,500
square__B_drop_okay_operator_2__s1,160,1,195
square__B_drop_okay_operator_2__s1,161,1,344
square__B_drop_okay_operator_2__s1,162,1,182
square__B_drop_okay_operator_2__s1,163,1,208
square__B_drop_okay_operator_2__s1,164,0,500
square__B_drop_okay_operator_2__s1,165,1,182
square__B_drop_okay_operator_2__s1,166,1,337
square__B_drop_okay_operator_2__s1,167,0,500
square__B_drop_okay_operator_2__s1,168,0,500
square__B_drop_okay_operator_2__s1,169,1,172
square__B_drop_okay_operator_2__s1,170,1,261
square__B_drop_okay_operator_2__s1,171,1,210
square__B_drop_okay_operator_2__s1,172,1,278
square__B_drop_okay_operator_2__s1,173,1,212
square__B_drop_okay_operator_2__s1,174,1,213
square__B_drop_okay_operator_2__s1,175,1,220
square__B_drop_okay_operator_2__s1,176,0,500
square__B_drop_okay_operator_2__s1,177,1,312
square__B_drop_okay_operator_2__s1,178,1,311
square__B_drop_okay_operator_2__s1,179,1,281
square__B_drop_okay_operator_2__s1,180,0,500
square__B_drop_okay_operator_2__s1,181,1,202
square__B_drop_okay_operator_2__s1,182,0,500
square__B_drop_okay_operator_2__s1,183,1,187
square__B_drop_okay_operator_2__s1,184,1,214
square__B_drop_okay_operator_2__s1,185,1,390
square__B_drop_okay_operator_2__s1,186,1,296
square__B_drop_okay_operator_2__s1,187,1,222
square__B_drop_okay_operator_2__s1,188,1,239
square__B_drop_okay_operator_2__s1,189,0,500
square__B_drop_okay_operator_2__s1,190,1,181
square__B_drop_okay_operator_2__s1,191,1,162
square__B_drop_okay_operator_2__s1,192,1,180
square__B_drop_okay_operator_2__s1,193,1,269
square__B_drop_okay_operator_2__s1,194,1,220
square__B_drop_okay_operator_2__s1,195,1,301
square__B_drop_okay_operator_2__s1,196,1,201
square__B_drop_okay_operator_2__s1,197,1,157
square__B_drop_okay_operator_2__s1,198,1,169
square__B_drop_okay_operator_2__s1,199,1,412
square__B_drop_okay_operator_2__s1,200,0,500
square__B_drop_okay_operator_2__s1,201,0,500
square__B_drop_okay_operator_2__s1,202,1,200
square__B_drop_okay_operator_2__s1,203,1,198
square__B_drop_okay_operator_2__s1,204,1,337
square__B_drop_okay_operator_2__s1,205,1,208
square__B_drop_okay_operator_2__s1,206,1,282
square__B_drop_okay_operator_2__s1,207,0,500
square__B_drop_okay_operator_2__s1,208,1,213
square__B_drop_okay_operator_2__s1,209,1,482
square__B_drop_okay_operator_2__s1,210,1,223
square__B_drop_okay_operator_2__s1,211,1,191
square__B_drop_okay_operator_2__s1,212,1,499
square__B_drop_okay_operator_2__s1,213,1,149
square__B_drop_okay_operator_2__s1,214,1,272
square__B_drop_okay_operator_2__s1,215,0,500
square__B_drop_okay_operator_2__s1,216,0,500
square__B_drop_okay_operator_2__s1,217,1,494
square__B_drop_okay_operator_2__s1,218,0,500
square__B_drop_okay_operator_2__s1,219,1,253
square__B_drop_okay_operator_2__s1,220,1,165
square__B_drop_okay_operator_2__s1,221,1,363
square__B_drop_okay_operator_2__s1,222,1,267
square__B_drop_okay_operator_2__s1,223,1,196
square__B_drop_okay_operator_2__s1,224,1,228
square__B_drop_okay_operator_2__s1,225,1,251
square__B_drop_okay_operator_2__s1,226,1,390
square__B_drop_okay_operator_2__s1,227,1,228
square__B_drop_okay_operator_2__s1,228,1,170
square__B_drop_okay_operator_2__s1,229,1,269
square__B_drop_okay_operator_2__s1,230,1,200
square__B_drop_okay_operator_2__s1,231,1,221
square__B_drop_okay_operator_2__s1,232,1,251
square__B_drop_okay_operator_2__s1,233,1,181
square__B_drop_okay_operator_2__s1,234,0,500
square__B_drop_okay_operator_2__s1,235,1,190
square__B_drop_okay_operator_2__s1,236,0,500
square__B_drop_okay_operator_2__s1,237,1,210
square__B_drop_okay_operator_2__s1,238,1,304
square__B_drop_okay_operator_2__s1,239,1,227
square__B_drop_okay_operator_2__s1,240,1,217
square__B_drop_okay_operator_2__s1,241,0,500
square__B_drop_okay_operator_2__s1,242,1,232
square__B_drop_okay_operator_2__s1,243,1,211
square__B_drop_okay_operator_2__s1,244,1,172
square__B_drop_okay_operator_2__s1,245,1,197
square__B_drop_okay_operator_2__s1,246,1,169
square__B_drop_okay_operator_2__s1,247,1,262
square__B_drop_okay_operator_2__s1,248,1,179
square__B_drop_okay_operator_2__s1,249,0,500
square__B_drop_okay_operator_2__s1,250,1,211
square__B_drop_okay_operator_2__s1,251,0,500
square__B_drop_okay_operator_2__s1,252,1,409
square__B_drop_okay_operator_2__s1,253,1,201
square__B_drop_okay_operator_2__s1,254,0,500
square__B_drop_okay_operator_2__s1,255,1,150
square__B_drop_okay_operator_2__s1,256,1,278
square__B_drop_okay_operator_2__s1,257,1,372
square__B_drop_okay_operator_2__s1,258,1,211
square__B_drop_okay_operator_2__s1,259,1,241
square__B_drop_okay_operator_2__s1,260,0,500
square__B_drop_okay_operator_2__s1,261,1,202
square__B_drop_okay_operator_2__s1,262,1,256
square__B_drop_okay_operator_2__s1,263,1,193
square__B_drop_okay_operator_2__s1,264,1,196
square__B_drop_okay_operator_2__s1,265,0,500
square__B_drop_okay_operator_2__s1,266,1,213
square__B_drop_okay_operator_2__s1,267,1,248
square__B_drop_okay_operator_2__s1,268,1,182
square__B_drop_okay_operator_2__s1,269,1,249
square__B_drop_okay_operator_2__s1,270,1,241
square__B_drop_okay_operator_2__s1,271,1,188
square__B_drop_okay_operator_2__s1,272,1,183
square__B_drop_okay_operator_2__s1,273,1,322
square__B_drop_okay_operator_2__s1,274,1,170
square__B_drop_okay_operator_2__s1,275,1,336
square__B_drop_okay_operator_2__s1,276,1,222
square__B_drop_okay_operator_2__s1,277,0,500
square__B_drop_okay_operator_2__s1,278,1,291
square__B_drop_okay_operator_2__s1,279,0,500
square__B_drop_okay_operator_2__s1,280,1,419
square__B_drop_okay_operator_2__s1,281,0,500
square__B_drop_okay_operator_2__s1,282,0,500
square__B_drop_okay_operator_2__s1,283,1,404
square__B_drop_okay_operator_2__s1,284,1,202
square__B_drop_okay_operator_2__s1,285,0,500
square__B_drop_okay_operator_2__s1,286,1,240
square__B_drop_okay_operator_2__s1,287,1,230
square__B_drop_okay_operator_2__s1,288,1,210
square__B_drop_okay_operator_2__s1,289,1,220
square__B_drop_okay_operator_2__s1,290,0,500
square__B_drop_okay_operator_2__s1,291,0,500
square__B_drop_okay_operator_2__s1,292,0,500
square__B_drop_okay_operator_2__s1,293,1,342
square__B_drop_okay_operator_2__s1,294,1,203
square__B_drop_okay_operator_2__s1,295,1,280
square__B_drop_okay_operator_2__s1,296,1,476
square__B_drop_okay_operator_2__s1,297,1,232
square__B_drop_okay_operator_2__s1,298,1,251
square__B_drop_okay_operator_2__s1,299,1,234
square__B_drop_okay_operator_2__s1,300,1,218
square__B_drop_okay_operator_2__s1,301,1,319
square__B_drop_okay_operator_2__s1,302,1,199
square__B_drop_okay_operator_2__s1,303,1,169
square__B_drop_okay_operator_2__s1,304,1,296
square__B_drop_okay_operator_2__s1,305,0,500
square__B_drop_okay_operator_2__s1,306,1,360
square__B_drop_okay_operator_2__s1,307,1,169
square__B_drop_okay_operator_2__s1,308,1,202
square__B_drop_okay_operator_2__s1,309,1,173
square__B_drop_okay_operator_2__s1,310,1,178
square__B_drop_okay_operator_2__s1,311,1,199
square__B_drop_okay_operator_2__s1,312,1,182
square__B_drop_okay_operator_2__s1,313,1,170
square__B_drop_okay_operator_2__s1,314,1,200
square__B_drop_okay_operator_2__s1,315,0,500
square__B_drop_okay_operator_2__s1,316,0,500
square__B_drop_okay_operator_2__s1,317,1,242
square__B_drop_okay_operator_2__s1,318,1,348
square__B_drop_okay_operator_2__s1,319,1,253
square__B_drop_okay_operator_2__s1,320,1,176
square__B_drop_okay_operator_2__s1,321,1,220
square__B_drop_okay_operator_2__s1,322,0,500
square__B_drop_okay_operator_2__s1,323,1,314
square__B_drop_okay_operator_2__s1,324,0,500
square__B_drop_okay_operator_2__s1,325,1,261
square__B_drop_okay_operator_2__s1,326,0,500
square__B_drop_okay_operator_2__s1,327,1,159
square__B_drop_okay_operator_2__s1,328,0,500
square__B_drop_okay_operator_2__s1,329,0,500
square__B_drop_okay_operator_2__s1,330,1,250
square__B_drop_okay_operator_2__s1,331,1,150
square__B_drop_okay_operator_2__s1,332,1,145
square__B_drop_okay_operator_2__s1,333,1,253
square__B_drop_okay_operator_2__s1,334,1,229
square__B_drop_okay_operator_2__s1,335,1,247
square__B_drop_okay_operator_2__s1,336,1,171
square__B_drop_okay_operator_2__s1,337,0,500
square__B_drop_okay_operator_2__s1,338,1,188
square__B_drop_okay_operator_2__s1,339,1,342
square__B_drop_okay_operator_2__s1,340,0,500
square__B_drop_okay_operator_2__s1,341,1,350
square__B_drop_okay_operator_2__s1,342,0,500
square__B_drop_okay_operator_2__s1,343,1,170
square__B_drop_okay_operator_2__s1,344,1,342
square__B_drop_okay_operator_2__s1,345,1,293
square__B_drop_okay_operator_2__s1,346,1,260
square__B_drop_okay_operator_2__s1,347,1,228
square__B_drop_okay_operator_2__s1,348,0,500
square__B_drop_okay_operator_2__s1,349,1,231
square__B_drop_okay_operator_2__s1,350,1,401
square__B_drop_okay_operator_2__s1,351,1,215
square__B_drop_okay_operator_2__s1,352,1,218
square__B_drop_okay_operator_2__s1,353,1,253
square__B_drop_okay_operator_2__s1,354,0,500
square__B_drop_okay_operator_2__s1,355,1,163
square__B_drop_okay_operator_2__s1,356,0,500
square__B_drop_okay_operator_2__s1,357,0,500
square__B_drop_okay_operator_2__s1,358,1,231
square__B_drop_okay_operator_2__s1,359,0,500
square__B_drop_okay_operator_2__s1,360,1,221
square__B_drop_okay_operator_2__s1,361,1,192
square__B_drop_okay_operator_2__s1,362,0,500
square__B_drop_okay_operator_2__s1,363,1,235
square__B_drop_okay_operator_2__s1,364,1,197
square__B_drop_okay_operator_2__s1,365,1,223
square__B_drop_okay_operator_2__s1,366,1,166
square__B_drop_okay_operator_2__s1,367,1,190
square__B_drop_okay_operator_2__s1,368,1,253
square__B_drop_okay_operator_2__s1,369,1,182
square__B_drop_okay_operator_2__s1,370,1,463
square__B_drop_okay_operator_2__s1,371,0,500
square__B_drop_okay_operator_2__s1,372,0,500
square__B_drop_okay_operator_2__s1,373,1,182
square__B_drop_okay_operator_2__s1,374,0,500
square__B_drop_okay_operator_2__s1,375,0,500
square__B_drop_okay_operator_2__s1,376,1,211
square__B_drop_okay_operator_2__s1,377,0,500
square__B_drop_okay_operator_2__s1,378,1,260
square__B_drop_okay_operator_2__s1,379,1,208
square__B_drop_okay_operator_2__s1,380,1,176
square__B_drop_okay_operator_2__s1,381,1,192
square__B_drop_okay_operator_2__s1,382,1,177
square__B_drop_okay_operator_2__s1,383,1,173
square__B_drop_okay_operator_2__s1,384,1,483
square__B_drop_okay_operator_2__s1,385,1,288
square__B_drop_okay_operator_2__s1,386,1,296
square__B_drop_okay_operator_2__s1,387,1,470
square__B_drop_okay_operator_2__s1,388,1,290
square__B_drop_okay_operator_2__s1,389,0,500
square__B_drop_okay_operator_2__s1,390,1,316
square__B_drop_okay_operator_2__s1,391,1,310
square__B_drop_okay_operator_2__s1,392,1,168
square__B_drop_okay_operator_2__s1,393,1,361
square__B_drop_okay_operator_2__s1,394,1,326
square__B_drop_okay_operator_2__s1,395,1,377
square__B_drop_okay_operator_2__s1,396,1,293
square__B_drop_okay_operator_2__s1,397,1,213
square__B_drop_okay_operator_2__s1,398,0,500
square__B_drop_okay_operator_2__s1,399,1,367
square__B_drop_okay_operator_2__s1,400,1,182
square__B_drop_okay_operator_2__s1,401,1,230
square__B_drop_okay_operator_2__s1,402,0,500
square__B_drop_okay_operator_2__s1,403,1,218
square__B_drop_okay_operator_2__s1,404,1,238
square__B_drop_okay_operator_2__s1,405,1,340
square__B_drop_okay_operator_2__s1,406,1,170
square__B_drop_okay_operator_2__s1,407,1,192
square__B_drop_okay_operator_2__s1,408,1,267
square__B_drop_okay_operator_2__s1,409,1,257
square__B_drop_okay_operator_2__s1,410,0,500
square__B_drop_okay_operator_2__s1,411,0,500
square__B_drop_okay_operator_2__s1,412,1,225
square__B_drop_okay_operator_2__s1,413,1,333
square__B_drop_okay_operator_2__s1,414,1,469
square__B_drop_okay_operator_2__s1,415,1,261
square__B_drop_okay_operator_2__s1,416,0,500
square__B_drop_okay_operator_2__s1,417,1,263
square__B_drop_okay_operator_2__s1,418,1,262
square__B_drop_okay_operator_2__s1,419,1,256
square__B_drop_okay_operator_2__s1,420,1,261
square__B_drop_okay_operator_2__s1,421,1,187
square__B_drop_okay_operator_2__s1,422,0,500
square__B_drop_okay_operator_2__s1,423,0,500
square__B_drop_okay_operator_2__s1,424,1,179
square__B_drop_okay_operator_2__s1,425,0,500
square__B_drop_okay_operator_2__s1,426,1,200
square__B_drop_okay_operator_2__s1,427,0,500
square__B_drop_okay_operator_2__s1,428,1,252
square__B_drop_okay_operator_2__s1,429,0,500
square__B_drop_okay_operator_2__s1,430,1,378
square__B_drop_okay_operator_2__s1,431,0,500
square__B_drop_okay_operator_2__s1,432,1,157
square__B_drop_okay_operator_2__s1,433,1,230
square__B_drop_okay_operator_2__s1,434,1,213
square__B_drop_okay_operator_2__s1,435,1,191
square__B_drop_okay_operator_2__s1,436,0,500
square__B_drop_okay_operator_2__s1,437,1,499
square__B_drop_okay_operator_2__s1,438,1,193
square__B_drop_okay_operator_2__s1,439,1,148
square__B_drop_okay_operator_2__s1,440,1,179
square__B_drop_okay_operator_2__s1,441,0,500
square__B_drop_okay_operator_2__s1,442,1,212
square__B_drop_okay_operator_2__s1,443,0,500
square__B_drop_okay_operator_2__s1,444,1,176
square__B_drop_okay_operator_2__s1,445,1,259
square__B_drop_okay_operator_2__s1,446,1,291
square__B_drop_okay_operator_2__s1,447,1,272
square__B_drop_okay_operator_2__s1,448,1,346
square__B_drop_okay_operator_2__s1,449,1,289
square__B_drop_okay_operator_2__s1,450,0,500
square__B_drop_okay_operator_2__s1,451,0,500
square__B_drop_okay_operator_2__s1,452,0,500
square__B_drop_okay_operator_2__s1,453,1,172
square__B_drop_okay_operator_2__s1,454,0,500
square__B_drop_okay_operator_2__s1,455,1,261
square__B_drop_okay_operator_2__s1,456,0,500
square__B_drop_okay_operator_2__s1,457,0,500
square__B_drop_okay_operator_2__s1,458,1,334
square__B_drop_okay_operator_2__s1,459,1,267
square__B_drop_okay_operator_2__s1,460,1,170
square__B_drop_okay_operator_2__s1,461,1,182
square__B_drop_okay_operator_2__s1,462,1,252
square__B_drop_okay_operator_2__s1,463,1,212
square__B_drop_okay_operator_2__s1,464,1,198
square__B_drop_okay_operator_2__s1,465,1,292
square__B_drop_okay_operator_2__s1,466,1,147
square__B_drop_okay_operator_2__s1,467,1,279
square__B_drop_okay_operator_2__s1,468,1,212
square__B_drop_okay_operator_2__s1,469,1,243
square__B_drop_okay_operator_2__s1,470,0,500
square__B_drop_okay_operator_2__s1,471,1,159
square__B_drop_okay_operator_2__s1,472,1,341
square__B_drop_okay_operator_2__s1,473,1,201
square__B_drop_okay_operator_2__s1,474,1,301
square__B_drop_okay_operator_2__s1,475,1,329
square__B_drop_okay_operator_2__s1,476,1,281
square__B_drop_okay_operator_2__s1,477,1,154
square__B_drop_okay_operator_2__s1,478,1,239
square__B_drop_okay_operator_2__s1,479,0,500
square__B_drop_okay_operator_2__s1,480,1,209
square__B_drop_okay_operator_2__s1,481,1,463
square__B_drop_okay_operator_2__s1,482,0,500
square__B_drop_okay_operator_2__s1,483,1,228
square__B_drop_okay_operator_2__s1,484,0,500
square__B_drop_okay_operator_2__s1,485,1,223
square__B_drop_okay_operator_2__s1,486,1,179
square__B_drop_okay_operator_2__s1,487,1,151
square__B_drop_okay_operator_2__s1,488,1,182
square__B_drop_okay_operator_2__s1,489,1,370
square__B_drop_okay_operator_2__s1,490,1,251
square__B_drop_okay_operator_2__s1,491,1,309
square__B_drop_okay_operator_2__s1,492,1,388
square__B_drop_okay_operator_2__s1,493,1,184
square__B_drop_okay_operator_2__s1,494,0,500
square__B_drop_okay_operator_2__s1,495,0,500
square__B_drop_okay_operator_2__s1,496,1,200
square__B_drop_okay_operator_2__s1,497,1,270
square__B_drop_okay_operator_2__s1,498,1,277
square__B_drop_okay_operator_2__s1,499,1,252
square__B_drop_okay_operator_2__s2,0,0,500
square__B_drop_okay_operator_2__s2,1,1,171
square__B_drop_okay_operator_2__s2,2,1,369
square__B_drop_okay_operator_2__s2,3,1,232
square__B_drop_okay_operator_2__s2,4,1,171
square__B_drop_okay_operator_2__s2,5,0,500
square__B_drop_okay_operator_2__s2,6,1,288
square__B_drop_okay_operator_2__s2,7,1,249
square__B_drop_okay_operator_2__s2,8,0,500
square__B_drop_okay_operator_2__s2,9,0,500
square__B_drop_okay_operator_2__s2,10,1,261
square__B_drop_okay_operator_2__s2,11,1,250
square__B_drop_okay_operator_2__s2,12,1,228
square__B_drop_okay_operator_2__s2,13,0,500
square__B_drop_okay_operator_2__s2,14,1,235
square__B_drop_okay_operator_2__s2,15,0,500
square__B_drop_okay_operator_2__s2,16,0,500
square__B_drop_okay_operator_2__s2,17,0,500
square__B_drop_okay_operator_2__s2,18,1,391
square__B_drop_okay_operator_2__s2,19,1,256
square__B_drop_okay_operator_2__s2,20,1,277
square__B_drop_okay_operator_2__s2,21,1,195
square__B_drop_okay_operator_2__s2,22,0,500
square__B_drop_okay_operator_2__s2,23,1,239
square__B_drop_okay_operator_2__s2,24,1,178
square__B_drop_okay_operator_2__s2,25,1,182
square__B_drop_okay_operator_2__s2,26,1,185
square__B_drop_okay_operator_2__s2,27,0,500
square__B_drop_okay_operator_2__s2,28,1,441
square__B_drop_okay_operator_2__s2,29,0,500
square__B_drop_okay_operator_2__s2,30,1,180
square__B_drop_okay_operator_2__s2,31,1,186
square__B_drop_okay_operator_2__s2,32,0,500
square__B_drop_okay_operator_2__s2,33,1,461
square__B_drop_okay_operator_2__s2,34,1,170
square__B_drop_okay_operator_2__s2,35,1,241
square__B_drop_okay_operator_2__s2,36,1,235
square__B_drop_okay_operator_2__s2,37,1,249
square__B_drop_okay_operator_2__s2,38,1,381
square__B_drop_okay_operator_2__s2,39,1,191
square__B_drop_okay_operator_2__s2,40,0,500
square__B_drop_okay_operator_2__s2,41,1,358
square__B_drop_okay_operator_2__s2,42,1,240
square__B_drop_okay_operator_2__s2,43,1,227
square__B_drop_okay_operator_2__s2,44,1,221
square__B_drop_okay_operator_2__s2,45,0,500
square__B_drop_okay_operator_2__s2,46,0,500
square__B_drop_okay_operator_2__s2,47,0,500
square__B_drop_okay_operator_2__s2,48,0,500
square__B_drop_okay_operator_2__s2,49,0,500
square__B_drop_okay_operator_2__s2,50,1,200
square__B_drop_okay_operator_2__s2,51,0,500
square__B_drop_okay_operator_2__s2,52,1,311
square__B_drop_okay_operator_2__s2,53,1,202
square__B_drop_okay_operator_2__s2,54,0,500
square__B_drop_okay_operator_2__s2,55,1,258
square__B_drop_okay_operator_2__s2,56,0,500
square__B_drop_okay_operator_2__s2,57,0,500
square__B_drop_okay_operator_2__s2,58,1,220
square__B_drop_okay_operator_2__s2,59,1,179
square__B_drop_okay_operator_2__s2,60,1,172
square__B_drop_okay_operator_2__s2,61,1,161
square__B_drop_okay_operator_2__s2,62,0,500
square__B_drop_okay_operator_2__s2,63,0,500
square__B_drop_okay_operator_2__s2,64,1,209
square__B_drop_okay_operator_2__s2,65,1,326
square__B_drop_okay_operator_2__s2,66,0,500
square__B_drop_okay_operator_2__s2,67,1,330
square__B_drop_okay_operator_2__s2,68,1,192
square__B_drop_okay_operator_2__s2,69,1,291
square__B_drop_okay_operator_2__s2,70,0,500
square__B_drop_okay_operator_2__s2,71,1,414
square__B_drop_okay_operator_2__s2,72,1,413
square__B_drop_okay_operator_2__s2,73,1,169
square__B_drop_okay_operator_2__s2,74,0,500
square__B_drop_okay_operator_2__s2,75,0,500
square__B_drop_okay_operator_2__s2,76,1,398
square__B_drop_okay_operator_2__s2,77,1,190
square__B_drop_okay_operator_2__s2,78,1,169
square__B_drop_okay_operator_2__s2,79,1,151
square__B_drop_okay_operator_2__s2,80,1,173
square__B_drop_okay_operator_2__s2,81,1,161
square__B_drop_okay_operator_2__s2,82,1,311
square__B_drop_okay_operator_2__s2,83,1,169
square__B_drop_okay_operator_2__s2,84,1,459
square__B_drop_okay_operator_2__s2,85,1,168
square__B_drop_okay_operator_2__s2,86,0,500
square__B_drop_okay_operator_2__s2,87,0,500
square__B_drop_okay_operator_2__s2,88,1,309
square__B_drop_okay_operator_2__s2,89,1,159
square__B_drop_okay_operator_2__s2,90,0,500
square__B_drop_okay_operator_2__s2,91,0,500
square__B_drop_okay_operator_2__s2,92,1,174
square__B_drop_okay_operator_2__s2,93,1,190
square__B_drop_okay_operator_2__s2,94,0,500
square__B_drop_okay_operator_2__s2,95,1,277
square__B_drop_okay_operator_2__s2,96,0,500
square__B_drop_okay_operator_2__s2,97,1,251
square__B_drop_okay_operator_2__s2,98,0,500
square__B_drop_okay_operator_2__s2,99,1,202
square__B_drop_okay_operator_2__s2,100,0,500
square__B_drop_okay_operator_2__s2,101,0,500
square__B_drop_okay_operator_2__s2,102,1,190
square__B_drop_okay_operator_2__s2,103,0,500
square__B_drop_okay_operator_2__s2,104,0,500
square__B_drop_okay_operator_2__s2,105,0,500
square__B_drop_okay_operator_2__s2,106,0,500
square__B_drop_okay_operator_2__s2,107,1,192
square__B_drop_okay_operator_2__s2,108,1,226
square__B_drop_okay_operator_2__s2,109,1,240
square__B_drop_okay_operator_2__s2,110,1,270
square__B_drop_okay_operator_2__s2,111,0,500
square__B_drop_okay_operator_2__s2,112,0,500
square__B_drop_okay_operator_2__s2,113,1,330
square__B_drop_okay_operator_2__s2,114,1,191
square__B_drop_okay_operator_2__s2,115,1,369
square__B_drop_okay_operator_2__s2,116,1,179
square__B_drop_okay_operator_2__s2,117,1,161
square__B_drop_okay_operator_2__s2,118,1,379
square__B_drop_okay_operator_2__s2,119,1,212
square__B_drop_okay_operator_2__s2,120,0,500
square__B_drop_okay_operator_2__s2,121,1,190
square__B_drop_okay_operator_2__s2,122,0,500
square__B_drop_okay_operator_2__s2,123,1,250
square__B_drop_okay_operator_2__s2,124,0,500
square__B_drop_okay_operator_2__s2,125,0,500
square__B_drop_okay_operator_2__s2,126,0,500
square__B_drop_okay_operator_2__s2,127,1,203
square__B_drop_okay_operator_2__s2,128,0,500
square__B_drop_okay_operator_2__s2,129,0,500
square__B_drop_okay_operator_2__s2,130,1,199
square__B_drop_okay_operator_2__s2,131,0,500
square__B_drop_okay_operator_2__s2,132,1,327
square__B_drop_okay_operator_2__s2,133,1,171
square__B_drop_okay_operator_2__s2,134,1,171
square__B_drop_okay_operator_2__s2,135,1,189
square__B_drop_okay_operator_2__s2,136,1,328
square__B_drop_okay_operator_2__s2,137,1,230
square__B_drop_okay_operator_2__s2,138,0,500
square__B_drop_okay_operator_2__s2,139,0,500
square__B_drop_okay_operator_2__s2,140,0,500
square__B_drop_okay_operator_2__s2,141,1,327
square__B_drop_okay_operator_2__s2,142,1,168
square__B_drop_okay_operator_2__s2,143,1,186
square__B_drop_okay_operator_2__s2,144,1,281
square__B_drop_okay_operator_2__s2,145,1,170
square__B_drop_okay_operator_2__s2,146,1,451
square__B_drop_okay_operator_2__s2,147,0,500
square__B_drop_okay_operator_2__s2,148,0,500
square__B_drop_okay_operator_2__s2,149,1,181
square__B_drop_okay_operator_2__s2,150,1,196
square__B_drop_okay_operator_2__s2,151,1,198
square__B_drop_okay_operator_2__s2,152,1,180
square__B_drop_okay_operator_2__s2,153,0,500
square__B_drop_okay_operator_2__s2,154,1,201
square__B_drop_okay_operator_2__s2,155,0,500
square__B_drop_okay_operator_2__s2,156,0,500
square__B_drop_okay_operator_2__s2,157,1,259
square__B_drop_okay_operator_2__s2,158,1,169
square__B_drop_okay_operator_2__s2,159,0,500
square__B_drop_okay_operator_2__s2,160,1,169
square__B_drop_okay_operator_2__s2,161,1,184
square__B_drop_okay_operator_2__s2,162,1,193
square__B_drop_okay_operator_2__s2,163,1,170
square__B_drop_okay_operator_2__s2,164,1,232
square__B_drop_okay_operator_2__s2,165,1,229
square__B_drop_okay_operator_2__s2,166,0,500
square__B_drop_okay_operator_2__s2,167,0,500
square__B_drop_okay_operator_2__s2,168,1,269
square__B_drop_okay_operator_2__s2,169,1,189
square__B_drop_okay_operator_2__s2,170,1,285
square__B_drop_okay_operator_2__s2,171,1,493
square__B_drop_okay_operator_2__s2,172,1,236
square__B_drop_okay_operator_2__s2,173,0,500
square__B_drop_okay_operator_2__s2,174,1,170
square__B_drop_okay_operator_2__s2,175,1,201
square__B_drop_okay_operator_2__s2,176,1,159
square__B_drop_okay_operator_2__s2,177,0,500
square__B_drop_okay_operator_2__s2,178,0,500
square__B_drop_okay_operator_2__s2,179,0,500
square__B_drop_okay_operator_2__s2,180,1,149
square__B_drop_okay_operator_2__s2,181,1,191
square__B_drop_okay_operator_2__s2,182,0,500
square__B_drop_okay_operator_2__s2,183,1,367
square__B_drop_okay_operator_2__s2,184,1,238
square__B_drop_okay_operator_2__s2,185,1,262
square__B_drop_okay_operator_2__s2,186,1,487
square__B_drop_okay_operator_2__s2,187,0,500
square__B_drop_okay_operator_2__s2,188,0,500
square__B_drop_okay_operator_2__s2,189,0,500
square__B_drop_okay_operator_2__s2,190,1,173
square__B_drop_okay_operator_2__s2,191,1,191
square__B_drop_okay_operator_2__s2,192,0,500
square__B_drop_okay_operator_2__s2,193,1,399
square__B_drop_okay_operator_2__s2,194,0,500
square__B_drop_okay_operator_2__s2,195,0,500
square__B_drop_okay_operator_2__s2,196,1,206
square__B_drop_okay_operator_2__s2,197,1,263
square__B_drop_okay_operator_2__s2,198,1,220
square__B_drop_okay_operator_2__s2,199,1,191
square__B_drop_okay_operator_2__s2,200,0,500
square__B_drop_okay_operator_2__s2,201,1,151
square__B_drop_okay_operator_2__s2,202,1,295
square__B_drop_okay_operator_2__s2,203,1,273
square__B_drop_okay_operator_2__s2,204,1,308
square__B_drop_okay_operator_2__s2,205,1,405
square__B_drop_okay_operator_2__s2,206,1,231
square__B_drop_okay_operator_2__s2,207,1,228
square__B_drop_okay_operator_2__s2,208,0,500
square__B_drop_okay_operator_2__s2,209,1,201
square__B_drop_okay_operator_2__s2,210,1,202
square__B_drop_okay_operator_2__s2,211,1,176
square__B_drop_okay_operator_2__s2,212,1,179
square__B_drop_okay_operator_2__s2,213,1,170
square__B_drop_okay_operator_2__s2,214,1,252
square__B_drop_okay_operator_2__s2,215,0,500
square__B_drop_okay_operator_2__s2,216,0,500
square__B_drop_okay_operator_2__s2,217,1,331
square__B_drop_okay_operator_2__s2,218,1,341
square__B_drop_okay_operator_2__s2,219,0,500
square__B_drop_okay_operator_2__s2,220,1,151
square__B_drop_okay_operator_2__s2,221,1,150
square__B_drop_okay_operator_2__s2,222,1,242
square__B_drop_okay_operator_2__s2,223,1,336
square__B_drop_okay_operator_2__s2,224,1,275
square__B_drop_okay_operator_2__s2,225,0,500
square__B_drop_okay_operator_2__s2,226,0,500
square__B_drop_okay_operator_2__s2,227,1,208
square__B_drop_okay_operator_2__s2,228,1,186
square__B_drop_okay_operator_2__s2,229,1,321
square__B_drop_okay_operator_2__s2,230,1,222
square__B_drop_okay_operator_2__s2,231,1,197
square__B_drop_okay_operator_2__s2,232,1,391
square__B_drop_okay_operator_2__s2,233,1,344
square__B_drop_okay_operator_2__s2,234,0,500
square__B_drop_okay_operator_2__s2,235,1,202
square__B_drop_okay_operator_2__s2,236,0,500
square__B_drop_okay_operator_2__s2,237,0,500
square__B_drop_okay_operator_2__s2,238,1,266
square__B_drop_okay_operator_2__s2,239,1,198
square__B_drop_okay_operator_2__s2,240,1,219
square__B_drop_okay_operator_2__s2,241,1,184
square__B_drop_okay_operator_2__s2,242,0,500
square__B_drop_okay_operator_2__s2,243,1,202
square__B_drop_okay_operator_2__s2,244,1,175
square__B_drop_okay_operator_2__s2,245,1,181
square__B_drop_okay_operator_2__s2,246,1,200
square__B_drop_okay_operator_2__s2,247,1,258
square__B_drop_okay_operator_2__s2,248,1,247
square__B_drop_okay_operator_2__s2,249,1,258
square__B_drop_okay_operator_2__s2,250,0,500
square__B_drop_okay_operator_2__s2,251,1,192
square__B_drop_okay_operator_2__s2,252,1,259
square__B_drop_okay_operator_2__s2,253,0,500
square__B_drop_okay_operator_2__s2,254,0,500
square__B_drop_okay_operator_2__s2,255,1,307
square__B_drop_okay_operator_2__s2,256,1,480
square__B_drop_okay_operator_2__s2,257,0,500
square__B_drop_okay_operator_2__s2,258,1,279
square__B_drop_okay_operator_2__s2,259,0,500
square__B_drop_okay_operator_2__s2,260,1,368
square__B_drop_okay_operator_2__s2,261,0,500
square__B_drop_okay_operator_2__s2,262,1,151
square__B_drop_okay_operator_2__s2,263,0,500
square__B_drop_okay_operator_2__s2,264,1,171
square__B_drop_okay_operator_2__s2,265,0,500
square__B_drop_okay_operator_2__s2,266,1,268
square__B_drop_okay_operator_2__s2,267,0,500
square__B_drop_okay_operator_2__s2,268,0,500
square__B_drop_okay_operator_2__s2,269,1,220
square__B_drop_okay_operator_2__s2,270,1,192
square__B_drop_okay_operator_2__s2,271,1,201
square__B_drop_okay_operator_2__s2,272,1,256
square__B_drop_okay_operator_2__s2,273,1,180
square__B_drop_okay_operator_2__s2,274,0,500
square__B_drop_okay_operator_2__s2,275,1,351
square__B_drop_okay_operator_2__s2,276,1,376
square__B_drop_okay_operator_2__s2,277,0,500
square__B_drop_okay_operator_2__s2,278,0,500
square__B_drop_okay_operator_2__s2,279,1,200
square__B_drop_okay_operator_2__s2,280,1,298
square__B_drop_okay_operator_2__s2,281,1,459
square__B_drop_okay_operator_2__s2,282,0,500
square__B_drop_okay_operator_2__s2,283,0,500
square__B_drop_okay_operator_2__s2,284,1,162
square__B_drop_okay_operator_2__s2,285,1,159
square__B_drop_okay_operator_2__s2,286,1,492
square__B_drop_okay_operator_2__s2,287,1,321
square__B_drop_okay_operator_2__s2,288,1,259
square__B_drop_okay_operator_2__s2,289,0,500
square__B_drop_okay_operator_2__s2,290,1,216
square__B_drop_okay_operator_2__s2,291,1,230
square__B_drop_okay_operator_2__s2,292,0,500
square__B_drop_okay_operator_2__s2,293,1,268
square__B_drop_okay_operator_2__s2,294,1,169
square__B_drop_okay_operator_2__s2,295,1,182
square__B_drop_okay_operator_2__s2,296,1,177
square__B_drop_okay_operator_2__s2,297,1,282
square__B_drop_okay_operator_2__s2,298,1,218
square__B_drop_okay_operator_2__s2,299,0,500
square__B_drop_okay_operator_2__s2,300,1,192
square__B_drop_okay_operator_2__s2,301,0,500
square__B_drop_okay_operator_2__s2,302,1,250
square__B_drop_okay_operator_2__s2,303,1,198
square__B_drop_okay_operator_2__s2,304,0,500
square__B_drop_okay_operator_2__s2,305,1,222
square__B_drop_okay_operator_2__s2,306,0,500
square__B_drop_okay_operator_2__s2,307,0,500
square__B_drop_okay_operator_2__s2,308,1,260
square__B_drop_okay_operator_2__s2,309,1,161
square__B_drop_okay_operator_2__s2,310,1,314
square__B_drop_okay_operator_2__s2,311,0,500
square__B_drop_okay_operator_2__s2,312,1,218
square__B_drop_okay_operator_2__s2,313,1,159
square__B_drop_okay_operator_2__s2,314,1,169
square__B_drop_okay_operator_2__s2,315,1,262
square__B_drop_okay_operator_2__s2,316,1,279
square__B_drop_okay_operator_2__s2,317,1,182
square__B_drop_okay_operator_2__s2,318,0,500
square__B_drop_okay_operator_2__s2,319,1,250
square__B_drop_okay_operator_2__s2,320,0,500
square__B_drop_okay_operator_2__s2,321,1,181
square__B_drop_okay_operator_2__s2,322,1,169
square__B_drop_okay_operator_2__s2,323,0,500
square__B_drop_okay_operator_2__s2,324,0,500
square__B_drop_okay_operator_2__s2,325,1,200
square__B_drop_okay_operator_2__s2,326,1,318
square__B_drop_okay_operator_2__s2,327,1,177
square__B_drop_okay_operator_2__s2,328,1,238
square__B_drop_okay_operator_2__s2,329,0,500
square__B_drop_okay_operator_2__s2,330,0,500
square__B_drop_okay_operator_2__s2,331,1,199
square__B_drop_okay_operator_2__s2,332,1,198
square__B_drop_okay_operator_2__s2,333,1,192
square__B_drop_okay_operator_2__s2,334,0,500
square__B_drop_okay_operator_2__s2,335,0,500
square__B_drop_okay_operator_2__s2,336,1,158
square__B_drop_okay_operator_2__s2,337,1,190
square__B_drop_okay_operator_2__s2,338,1,270
square__B_drop_okay_operator_2__s2,339,1,152
square__B_drop_okay_operator_2__s2,340,0,500
square__B_drop_okay_operator_2__s2,341,0,500
square__B_drop_okay_operator_2__s2,342,1,259
square__B_drop_okay_operator_2__s2,343,1,171
square__B_drop_okay_operator_2__s2,344,1,182
square__B_drop_okay_operator_2__s2,345,0,500
square__B_drop_okay_operator_2__s2,346,1,220
square__B_drop_okay_operator_2__s2,347,1,358
square__B_drop_okay_operator_2__s2,348,1,242
square__B_drop_okay_operator_2__s2,349,0,500
square__B_drop_okay_operator_2__s2,350,0,500
square__B_drop_okay_operator_2__s2,351,1,242
square__B_drop_okay_operator_2__s2,352,1,196
square__B_drop_okay_operator_2__s2,353,1,244
square__B_drop_okay_operator_2__s2,354,1,450
square__B_drop_okay_operator_2__s2,355,1,270
square__B_drop_okay_operator_2__s2,356,0,500
square__B_drop_okay_operator_2__s2,357,0,500
square__B_drop_okay_operator_2__s2,358,1,376
square__B_drop_okay_operator_2__s2,359,0,500
square__B_drop_okay_operator_2__s2,360,1,320
square__B_drop_okay_operator_2__s2,361,1,241
square__B_drop_okay_operator_2__s2,362,1,162
square__B_drop_okay_operator_2__s2,363,1,215
square__B_drop_okay_operator_2__s2,364,1,169
square__B_drop_okay_operator_2__s2,365,1,249
square__B_drop_okay_operator_2__s2,366,0,500
square__B_drop_okay_operator_2__s2,367,0,500
square__B_drop_okay_operator_2__s2,368,0,500
square__B_drop_okay_operator_2__s2,369,1,227
square__B_drop_okay_operator_2__s2,370,0,500
square__B_drop_okay_operator_2__s2,371,0,500
square__B_drop_okay_operator_2__s2,372,0,500
square__B_drop_okay_operator_2__s2,373,1,200
square__B_drop_okay_operator_2__s2,374,0,500
square__B_drop_okay_operator_2__s2,375,1,206
square__B_drop_okay_operator_2__s2,376,1,161
square__B_drop_okay_operator_2__s2,377,1,219
square__B_drop_okay_operator_2__s2,378,1,272
square__B_drop_okay_operator_2__s2,379,1,321
square__B_drop_okay_operator_2__s2,380,1,240
square__B_drop_okay_operator_2__s2,381,0,500
square__B_drop_okay_operator_2__s2,382,1,212
square__B_drop_okay_operator_2__s2,383,1,212
square__B_drop_okay_operator_2__s2,384,0,500
square__B_drop_okay_operator_2__s2,385,1,211
square__B_drop_okay_operator_2__s2,386,1,314
square__B_drop_okay_operator_2__s2,387,1,150
square__B_drop_okay_operator_2__s2,388,0,500
square__B_drop_okay_operator_2__s2,389,0,500
square__B_drop_okay_operator_2__s2,390,1,171
square__B_drop_okay_operator_2__s2,391,0,500
square__B_drop_okay_operator_2__s2,392,1,253
square__B_drop_okay_operator_2__s2,393,1,220
square__B_drop_okay_operator_2__s2,394,1,192
square__B_drop_okay_operator_2__s2,395,1,160
square__B_drop_okay_operator_2__s2,396,1,243
square__B_drop_okay_operator_2__s2,397,1,180
square__B_drop_okay_operator_2__s2,398,1,223
square__B_drop_okay_operator_2__s2,399,1,157
square__B_drop_okay_operator_2__s2,400,1,170
square__B_drop_okay_operator_2__s2,401,0,500
square__B_drop_okay_operator_2__s2,402,1,161
square__B_drop_okay_operator_2__s2,403,1,183
square__B_drop_okay_operator_2__s2,404,0,500
square__B_drop_okay_operator_2__s2,405,1,222
square__B_drop_okay_operator_2__s2,406,1,160
square__B_drop_okay_operator_2__s2,407,1,220
square__B_drop_okay_operator_2__s2,408,1,201
square__B_drop_okay_operator_2__s2,409,1,270
square__B_drop_okay_operator_2__s2,410,0,500
square__B_drop_okay_operator_2__s2,411,0,500
square__B_drop_okay_operator_2__s2,412,1,161
square__B_drop_okay_operator_2__s2,413,0,500
square__B_drop_okay_operator_2__s2,414,0,500
square__B_drop_okay_operator_2__s2,415,1,191
square__B_drop_okay_operator_2__s2,416,1,240
square__B_drop_okay_operator_2__s2,417,1,171
square__B_drop_okay_operator_2__s2,418,1,183
square__B_drop_okay_operator_2__s2,419,1,302
square__B_drop_okay_operator_2__s2,420,1,139
square__B_drop_okay_operator_2__s2,421,1,390
square__B_drop_okay_operator_2__s2,422,0,500
square__B_drop_okay_operator_2__s2,423,0,500
square__B_drop_okay_operator_2__s2,424,0,500
square__B_drop_okay_operator_2__s2,425,1,179
square__B_drop_okay_operator_2__s2,426,0,500
square__B_drop_okay_operator_2__s2,427,1,181
square__B_drop_okay_operator_2__s2,428,1,272
square__B_drop_okay_operator_2__s2,429,1,483
square__B_drop_okay_operator_2__s2,430,1,169
square__B_drop_okay_operator_2__s2,431,1,210
square__B_drop_okay_operator_2__s2,432,0,500
square__B_drop_okay_operator_2__s2,433,0,500
square__B_drop_okay_operator_2__s2,434,0,500
square__B_drop_okay_operator_2__s2,435,1,190
square__B_drop_okay_operator_2__s2,436,1,151
square__B_drop_okay_operator_2__s2,437,1,198
square__B_drop_okay_operator_2__s2,438,1,200
square__B_drop_okay_operator_2__s2,439,1,168
square__B_drop_okay_operator_2__s2,440,0,500
square__B_drop_okay_operator_2__s2,441,1,152
square__B_drop_okay_operator_2__s2,442,0,500
square__B_drop_okay_operator_2__s2,443,1,410
square__B_drop_okay_operator_2__s2,444,1,297
square__B_drop_okay_operator_2__s2,445,0,500
square__B_drop_okay_operator_2__s2,446,1,273
square__B_drop_okay_operator_2__s2,447,0,500
square__B_drop_okay_operator_2__s2,448,0,500
square__B_drop_okay_operator_2__s2,449,1,258
square__B_drop_okay_operator_2__s2,450,1,220
square__B_drop_okay_operator_2__s2,451,1,347
square__B_drop_okay_operator_2__s2,452,1,289
square__B_drop_okay_operator_2__s2,453,1,361
square__B_drop_okay_operator_2__s2,454,1,441
square__B_drop_okay_operator_2__s2,455,0,500
square__B_drop_okay_operator_2__s2,456,0,500
square__B_drop_okay_operator_2__s2,457,1,200
square__B_drop_okay_operator_2__s2,458,0,500
square__B_drop_okay_operator_2__s2,459,0,500
square__B_drop_okay_operator_2__s2,460,1,212
square__B_drop_okay_operator_2__s2,461,1,470
square__B_drop_okay_operator_2__s2,462,0,500
square__B_drop_okay_operator_2__s2,463,1,205
square__B_drop_okay_operator_2__s2,464,0,500
square__B_drop_okay_operator_2__s2,465,1,331
square__B_drop_okay_operator_2__s2,466,0,500
square__B_drop_okay_operator_2__s2,467,1,169
square__B_drop_okay_operator_2__s2,468,1,187
square__B_drop_okay_operator_2__s2,469,1,370
square__B_drop_okay_operator_2__s2,470,0,500
square__B_drop_okay_operator_2__s2,471,0,500
square__B_drop_okay_operator_2__s2,472,0,500
square__B_drop_okay_operator_2__s2,473,0,500
square__B_drop_okay_operator_2__s2,474,0,500
square__B_drop_okay_operator_2__s2,475,1,393
square__B_drop_okay_operator_2__s2,476,1,177
square__B_drop_okay_operator_2__s2,477,1,162
square__B_drop_okay_operator_2__s2,478,1,232
square__B_drop_okay_operator_2__s2,479,0,500
square__B_drop_okay_operator_2__s2,480,0,500
square__B_drop_okay_operator_2__s2,481,1,200
square__B_drop_okay_operator_2__s2,482,1,339
square__B_drop_okay_operator_2__s2,483,1,389
square__B_drop_okay_operator_2__s2,484,1,338
square__B_drop_okay_operator_2__s2,485,1,269
square__B_drop_okay_operator_2__s2,486,1,151
square__B_drop_okay_operator_2__s2,487,1,247
square__B_drop_okay_operator_2__s2,488,1,257
square__B_drop_okay_operator_2__s2,489,1,269
square__B_drop_okay_operator_2__s2,490,1,166
square__B_drop_okay_operator_2__s2,491,1,250
square__B_drop_okay_operator_2__s2,492,1,203
square__B_drop_okay_operator_2__s2,493,1,169
square__B_drop_okay_operator_2__s2,494,1,204
square__B_drop_okay_operator_2__s2,495,1,397
square__B_drop_okay_operator_2__s2,496,1,221
square__B_drop_okay_operator_2__s2,497,1,239
square__B_drop_okay_operator_2__s2,498,1,210
square__B_drop_okay_operator_2__s2,499,1,291
square__B_drop_okay_operator_2__s3,0,1,238
square__B_drop_okay_operator_2__s3,1,1,170
square__B_drop_okay_operator_2__s3,2,0,500
square__B_drop_okay_operator_2__s3,3,1,192
square__B_drop_okay_operator_2__s3,4,1,279
square__B_drop_okay_operator_2__s3,5,0,500
square__B_drop_okay_operator_2__s3,6,1,177
square__B_drop_okay_operator_2__s3,7,1,229
square__B_drop_okay_operator_2__s3,8,1,338
square__B_drop_okay_operator_2__s3,9,1,360
square__B_drop_okay_operator_2__s3,10,1,240
square__B_drop_okay_operator_2__s3,11,0,500
square__B_drop_okay_operator_2__s3,12,0,500
square__B_drop_okay_operator_2__s3,13,0,500
square__B_drop_okay_operator_2__s3,14,1,188
square__B_drop_okay_operator_2__s3,15,1,269
square__B_drop_okay_operator_2__s3,16,0,500
square__B_drop_okay_operator_2__s3,17,1,235
square__B_drop_okay_operator_2__s3,18,1,191
square__B_drop_okay_operator_2__s3,19,1,231
square__B_drop_okay_operator_2__s3,20,1,276
square__B_drop_okay_operator_2__s3,21,0,500
square__B_drop_okay_operator_2__s3,22,1,221
square__B_drop_okay_operator_2__s3,23,1,213
square__B_drop_okay_operator_2__s3,24,1,191
square__B_drop_okay_operator_2__s3,25,1,186
square__B_drop_okay_operator_2__s3,26,1,168
square__B_drop_okay_operator_2__s3,27,0,500
square__B_drop_okay_operator_2__s3,28,1,184
square__B_drop_okay_operator_2__s3,29,1,200
square__B_drop_okay_operator_2__s3,30,1,353
square__B_drop_okay_operator_2__s3,31,1,162
square__B_drop_okay_operator_2__s3,32,1,178
square__B_drop_okay_operator_2__s3,33,1,159
square__B_drop_okay_operator_2__s3,34,1,209
square__B_drop_okay_operator_2__s3,35,0,500
square__B_drop_okay_operator_2__s3,36,0,500
square__B_drop_okay_operator_2__s3,37,0,500
square__B_drop_okay_operator_2__s3,38,1,283
square__B_drop_okay_operator_2__s3,39,0,500
square__B_drop_okay_operator_2__s3,40,0,500
square__B_drop_okay_operator_2__s3,41,0,500
square__B_drop_okay_operator_2__s3,42,1,179
square__B_drop_okay_operator_2__s3,43,1,304
square__B_drop_okay_operator_2__s3,44,0,500
square__B_drop_okay_operator_2__s3,45,0,500
square__B_drop_okay_operator_2__s3,46,1,231
square__B_drop_okay_operator_2__s3,47,1,236
square__B_drop_okay_operator_2__s3,48,1,149
square__B_drop_okay_operator_2__s3,49,1,169
square__B_drop_okay_operator_2__s3,50,1,199
square__B_drop_okay_operator_2__s3,51,1,328
square__B_drop_okay_operator_2__s3,52,0,500
square__B_drop_okay_operator_2__s3,53,1,210
square__B_drop_okay_operator_2__s3,54,0,500
square__B_drop_okay_operator_2__s3,55,1,238
square__B_drop_okay_operator_2__s3,56,1,151
square__B_drop_okay_operator_2__s3,57,1,298
square__B_drop_okay_operator_2__s3,58,1,206
square__B_drop_okay_operator_2__s3,59,1,220
square__B_drop_okay_operator_2__s3,60,1,177
square__B_drop_okay_operator_2__s3,61,1,179
square__B_drop_okay_operator_2__s3,62,1,243
square__B_drop_okay_operator_2__s3,63,0,500
square__B_drop_okay_operator_2__s3,64,1,282
square__B_drop_okay_operator_2__s3,65,0,500
square__B_drop_okay_operator_2__s3,66,1,156
square__B_drop_okay_operator_2__s3,67,1,250
square__B_drop_okay_operator_2__s3,68,1,253
square__B_drop_okay_operator_2__s3,69,1,179
square__B_drop_okay_operator_2__s3,70,0,500
square__B_drop_okay_operator_2__s3,71,0,500
square__B_drop_okay_operator_2__s3,72,0,500
square__B_drop_okay_operator_2__s3,73,1,241
square__B_drop_okay_operator_2__s3,74,1,411
square__B_drop_okay_operator_2__s3,75,1,159
square__B_drop_okay_operator_2__s3,76,1,265
square__B_drop_okay_operator_2__s3,77,1,212
square__B_drop_okay_operator_2__s3,78,0,500
square__B_drop_okay_operator_2__s3,79,1,175
square__B_drop_okay_operator_2__s3,80,1,225
square__B_drop_okay_operator_2__s3,81,1,170
square__B_drop_okay_operator_2__s3,82,1,230
square__B_drop_okay_operator_2__s3,83,1,139
square__B_drop_okay_operator_2__s3,84,1,185
square__B_drop_okay_operator_2__s3,85,1,181
square__B_drop_okay_operator_2__s3,86,0,500
square__B_drop_okay_operator_2__s3,87,1,487
square__B_drop_okay_operator_2__s3,88,0,500
square__B_drop_okay_operator_2__s3,89,1,210
square__B_drop_okay_operator_2__s3,90,1,192
square__B_drop_okay_operator_2__s3,91,1,207
square__B_drop_okay_operator_2__s3,92,1,182
square__B_drop_okay_operator_2__s3,93,0,500
square__B_drop_okay_operator_2__s3,94,1,161
square__B_drop_okay_operator_2__s3,95,1,220
square__B_drop_okay_operator_2__s3,96,0,500
square__B_drop_okay_operator_2__s3,97,1,312
square__B_drop_okay_operator_2__s3,98,1,170
square__B_drop_okay_operator_2__s3,99,1,346
square__B_drop_okay_operator_2__s3,100,1,235
square__B_drop_okay_operator_2__s3,101,1,243
square__B_drop_okay_operator_2__s3,102,1,374
square__B_drop_okay_operator_2__s3,103,1,317
square__B_drop_okay_operator_2__s3,104,1,188
square__B_drop_okay_operator_2__s3,105,0,500
square__B_drop_okay_operator_2__s3,106,0,500
square__B_drop_okay_operator_2__s3,107,0,500
square__B_drop_okay_operator_2__s3,108,1,161
square__B_drop_okay_operator_2__s3,109,0,500
square__B_drop_okay_operator_2__s3,110,1,222
square__B_drop_okay_operator_2__s3,111,1,322
square__B_drop_okay_operator_2__s3,112,1,182
square__B_drop_okay_operator_2__s3,113,0,500
square__B_drop_okay_operator_2__s3,114,1,492
square__B_drop_okay_operator_2__s3,115,0,500
square__B_drop_okay_operator_2__s3,116,1,183
square__B_drop_okay_operator_2__s3,117,1,149
square__B_drop_okay_operator_2__s3,118,1,289
square__B_drop_okay_operator_2__s3,119,1,211
square__B_drop_okay_operator_2__s3,120,1,421
square__B_drop_okay_operator_2__s3,121,1,202
square__B_drop_okay_operator_2__s3,122,0,500
square__B_drop_okay_operator_2__s3,123,1,192
square__B_drop_okay_operator_2__s3,124,1,365
square__B_drop_okay_operator_2__s3,125,1,181
square__B_drop_okay_operator_2__s3,126,1,170
square__B_drop_okay_operator_2__s3,127,1,186
square__B_drop_okay_operator_2__s3,128,1,278
square__B_drop_okay_operator_2__s3,129,1,309
square__B_drop_okay_operator_2__s3,130,0,500
square__B_drop_okay_operator_2__s3,131,1,179
square__B_drop_okay_operator_2__s3,132,0,500
square__B_drop_okay_operator_2__s3,133,1,181
square__B_drop_okay_operator_2__s3,134,1,379
square__B_drop_okay_operator_2__s3,135,1,172
square__B_drop_okay_operator_2__s3,136,1,318
square__B_drop_okay_operator_2__s3,137,1,168
square__B_drop_okay_operator_2__s3,138,0,500
square__B_drop_okay_operator_2__s3,139,0,500
square__B_drop_okay_operator_2__s3,140,0,500
square__B_drop_okay_operator_2__s3,141,1,206
square__B_drop_okay_operator_2__s3,142,1,303
square__B_drop_okay_operator_2__s3,143,1,265
square__B_drop_okay_operator_2__s3,144,1,299
square__B_drop_okay_operator_2__s3,145,0,500
square__B_drop_okay_operator_2__s3,146,1,191
square__B_drop_okay_operator_2__s3,147,0,500
square__B_drop_okay_operator_2__s3,148,1,249
square__B_drop_okay_operator_2__s3,149,1,190
square__B_drop_okay_operator_2__s3,150,1,237
square__B_drop_okay_operator_2__s3,151,1,215
square__B_drop_okay_operator_2__s3,152,1,308
square__B_drop_okay_operator_2__s3,153,1,397
square__B_drop_okay_operator_2__s3,154,1,381
square__B_drop_okay_operator_2__s3,155,0,500
square__B_drop_okay_operator_2__s3,156,1,247
square__B_drop_okay_operator_2__s3,157,1,195
square__B_drop_okay_operator_2__s3,158,1,370
square__B_drop_okay_operator_2__s3,159,1,274
square__B_drop_okay_operator_2__s3,160,1,183
square__B_drop_okay_operator_2__s3,161,1,308
square__B_drop_okay_operator_2__s3,162,1,327
square__B_drop_okay_operator_2__s3,163,1,270
square__B_drop_okay_operator_2__s3,164,0,500
square__B_drop_okay_operator_2__s3,165,1,190
square__B_drop_okay_operator_2__s3,166,0,500
square__B_drop_okay_operator_2__s3,167,1,190
square__B_drop_okay_operator_2__s3,168,1,227
square__B_drop_okay_operator_2__s3,169,0,500
square__B_drop_okay_operator_2__s3,170,1,212
square__B_drop_okay_operator_2__s3,171,0,500
square__B_drop_okay_operator_2__s3,172,1,223
square__B_drop_okay_operator_2__s3,173,0,500
square__B_drop_okay_operator_2__s3,174,1,160
square__B_drop_okay_operator_2__s3,175,1,240
square__B_drop_okay_operator_2__s3,176,1,295
square__B_drop_okay_operator_2__s3,177,1,330
square__B_drop_okay_operator_2__s3,178,0,500
square__B_drop_okay_operator_2__s3,179,0,500
square__B_drop_okay_operator_2__s3,180,1,382
square__B_drop_okay_operator_2__s3,181,1,181
square__B_drop_okay_operator_2__s3,182,1,295
square__B_drop_okay_operator_2__s3,183,1,330
square__B_drop_okay_operator_2__s3,184,1,211
square__B_drop_okay_operator_2__s3,185,0,500
square__B_drop_okay_operator_2__s3,186,0,500
square__B_drop_okay_operator_2__s3,187,1,237
square__B_drop_okay_operator_2__s3,188,1,445
square__B_drop_okay_operator_2__s3,189,0,500
square__B_drop_okay_operator_2__s3,190,1,274
square__B_drop_okay_operator_2__s3,191,1,179
square__B_drop_okay_operator_2__s3,192,1,210
square__B_drop_okay_operator_2__s3,193,1,488
square__B_drop_okay_operator_2__s3,194,0,500
square__B_drop_okay_operator_2__s3,195,0,500
square__B_drop_okay_operator_2__s3,196,1,160
square__B_drop_okay_operator_2__s3,197,0,500
square__B_drop_okay_operator_2__s3,198,1,296
square__B_drop_okay_operator_2__s3,199,1,149
square__B_drop_okay_operator_2__s3,200,1,207
square__B_drop_okay_operator_2__s3,201,1,161
square__B_drop_okay_operator_2__s3,202,1,257
square__B_drop_okay_operator_2__s3,203,1,172
square__B_drop_okay_operator_2__s3,204,0,500
square__B_drop_okay_operator_2__s3,205,1,279
square__B_drop_okay_operator_2__s3,206,1,167
square__B_drop_okay_operator_2__s3,207,1,169
square__B_drop_okay_operator_2__s3,208,0,500
square__B_drop_okay_operator_2__s3,209,0,500
square__B_drop_okay_operator_2__s3,210,0,500
square__B_drop_okay_operator_2__s3,211,1,195
square__B_drop_okay_operator_2__s3,212,1,172
square__B_drop_okay_operator_2__s3,213,1,171
square__B_drop_okay_operator_2__s3,214,0,500
square__B_drop_okay_operator_2__s3,215,0,500
square__B_drop_okay_operator_2__s3,216,0,500
square__B_drop_okay_operator_2__s3,217,1,176
square__B_drop_okay_operator_2__s3,218,0,500
square__B_drop_okay_operator_2__s3,219,1,239
square__B_drop_okay_operator_2__s3,220,0,500
square__B_drop_okay_operator_2__s3,221,0,500
square__B_drop_okay_operator_2__s3,222,1,180
square__B_drop_okay_operator_2__s3,223,0,500
square__B_drop_okay_operator_2__s3,224,1,240
square__B_drop_okay_operator_2__s3,225,1,332
square__B_drop_okay_operator_2__s3,226,1,418
square__B_drop_okay_operator_2__s3,227,0,500
square__B_drop_okay_operator_2__s3,228,0,500
square__B_drop_okay_operator_2__s3,229,1,349
square__B_drop_okay_operator_2__s3,230,1,222
square__B_drop_okay_operator_2__s3,231,0,500
square__B_drop_okay_operator_2__s3,232,1,264
square__B_drop_okay_operator_2__s3,233,1,191
square__B_drop_okay_operator_2__s3,234,1,469
square__B_drop_okay_operator_2__s3,235,1,161
square__B_drop_okay_operator_2__s3,236,1,201
square__B_drop_okay_operator_2__s3,237,0,500
square__B_drop_okay_operator_2__s3,238,0,500
square__B_drop_okay_operator_2__s3,239,1,166
square__B_drop_okay_operator_2__s3,240,1,298
square__B_drop_okay_operator_2__s3,241,1,208
square__B_drop_okay_operator_2__s3,242,1,230
square__B_drop_okay_operator_2__s3,243,1,381
square__B_drop_okay_operator_2__s3,244,1,153
square__B_drop_okay_operator_2__s3,245,0,500
square__B_drop_okay_operator_2__s3,246,1,146
square__B_drop_okay_operator_2__s3,247,1,170
square__B_drop_okay_operator_2__s3,248,1,251
square__B_drop_okay_operator_2__s3,249,1,250
square__B_drop_okay_operator_2__s3,250,1,228
square__B_drop_okay_operator_2__s3,251,1,168
square__B_drop_okay_operator_2__s3,252,0,500
square__B_drop_okay_operator_2__s3,253,0,500
square__B_drop_okay_operator_2__s3,254,1,467
square__B_drop_okay_operator_2__s3,255,1,180
square__B_drop_okay_operator_2__s3,256,1,171
square__B_drop_okay_operator_2__s3,257,1,220
square__B_drop_okay_operator_2__s3,258,1,259
square__B_drop_okay_operator_2__s3,259,1,316
square__B_drop_okay_operator_2__s3,260,0,500
square__B_drop_okay_operator_2__s3,261,1,178
square__B_drop_okay_operator_2__s3,262,1,278
square__B_drop_okay_operator_2__s3,263,0,500
square__B_drop_okay_operator_2__s3,264,1,190
square__B_drop_okay_operator_2__s3,265,0,500
square__B_drop_okay_operator_2__s3,266,1,252
square__B_drop_okay_operator_2__s3,267,1,345
square__B_drop_okay_operator_2__s3,268,1,180
square__B_drop_okay_operator_2__s3,269,1,181
square__B_drop_okay_operator_2__s3,270,1,313
square__B_drop_okay_operator_2__s3,271,1,194
square__B_drop_okay_operator_2__s3,272,1,167
square__B_drop_okay_operator_2__s3,273,0,500
square__B_drop_okay_operator_2__s3,274,1,184
square__B_drop_okay_operator_2__s3,275,1,268
square__B_drop_okay_operator_2__s3,276,1,344
square__B_drop_okay_operator_2__s3,277,0,500
square__B_drop_okay_operator_2__s3,278,1,257
square__B_drop_okay_operator_2__s3,279,0,500
square__B_drop_okay_operator_2__s3,280,0,500
square__B_drop_okay_operator_2__s3,281,1,168
square__B_drop_okay_operator_2__s3,282,1,210
square__B_drop_okay_operator_2__s3,283,0,500
square__B_drop_okay_operator_2__s3,284,0,500
square__B_drop_okay_operator_2__s3,285,1,222
square__B_drop_okay_operator_2__s3,286,1,144
square__B_drop_okay_operator_2__s3,287,1,343
square__B_drop_okay_operator_2__s3,288,1,188
square__B_drop_okay_operator_2__s3,289,0,500
square__B_drop_okay_operator_2__s3,290,0,500
square__B_drop_okay_operator_2__s3,291,0,500
square__B_drop_okay_operator_2__s3,292,1,202
square__B_drop_okay_operator_2__s3,293,1,198
square__B_drop_okay_operator_2__s3,294,1,149
square__B_drop_okay_operator_2__s3,295,1,159
square__B_drop_okay_operator_2__s3,296,1,172
square__B_drop_okay_operator_2__s3,297,1,170
square__B_drop_okay_operator_2__s3,298,1,271
square__B_drop_okay_operator_2__s3,299,1,260
square__B_drop_okay_operator_2__s3,300,0,500
square__B_drop_okay_operator_2__s3,301,0,500
square__B_drop_okay_operator_2__s3,302,1,239
square__B_drop_okay_operator_2__s3,303,1,160
square__B_drop_okay_operator_2__s3,304,0,500
square__B_drop_okay_operator_2__s3,305,0,500
square__B_drop_okay_operator_2__s3,306,0,500
square__B_drop_okay_operator_2__s3,307,1,159
square__B_drop_okay_operator_2__s3,308,1,150
square__B_drop_okay_operator_2__s3,309,1,161
square__B_drop_okay_operator_2__s3,310,0,500
square__B_drop_okay_operator_2__s3,311,1,292
square__B_drop_okay_operator_2__s3,312,1,191
square__B_drop_okay_operator_2__s3,313,1,181
square__B_drop_okay_operator_2__s3,314,1,169
square__B_drop_okay_operator_2__s3,315,0,500
square__B_drop_okay_operator_2__s3,316,1,258
square__B_drop_okay_operator_2__s3,317,0,500
square__B_drop_okay_operator_2__s3,318,1,169
square__B_drop_okay_operator_2__s3,319,1,188
square__B_drop_okay_operator_2__s3,320,0,500
square__B_drop_okay_operator_2__s3,321,1,340
square__B_drop_okay_operator_2__s3,322,1,139
square__B_drop_okay_operator_2__s3,323,0,500
square__B_drop_okay_operator_2__s3,324,1,312
square__B_drop_okay_operator_2__s3,325,1,168
square__B_drop_okay_operator_2__s3,326,0,500
square__B_drop_okay_operator_2__s3,327,1,169
square__B_drop_okay_operator_2__s3,328,1,233
square__B_drop_okay_operator_2__s3,329,0,500
square__B_drop_okay_operator_2__s3,330,0,500
square__B_drop_okay_operator_2__s3,331,1,169
square__B_drop_okay_operator_2__s3,332,1,170
square__B_drop_okay_operator_2__s3,333,0,500
square__B_drop_okay_operator_2__s3,334,0,500
square__B_drop_okay_operator_2__s3,335,0,500
square__B_drop_okay_operator_2__s3,336,0,500
square__B_drop_okay_operator_2__s3,337,0,500
square__B_drop_okay_operator_2__s3,338,1,198
square__B_drop_okay_operator_2__s3,339,1,168
square__B_drop_okay_operator_2__s3,340,1,220
square__B_drop_okay_operator_2__s3,341,1,148
square__B_drop_okay_operator_2__s3,342,0,500
square__B_drop_okay_operator_2__s3,343,1,208
square__B_drop_okay_operator_2__s3,344,1,190
square__B_drop_okay_operator_2__s3,345,0,500
square__B_drop_okay_operator_2__s3,346,1,282
square__B_drop_okay_operator_2__s3,347,1,204
square__B_drop_okay_operator_2__s3,348,1,181
square__B_drop_okay_operator_2__s3,349,1,383
square__B_drop_okay_operator_2__s3,350,1,210
square__B_drop_okay_operator_2__s3,351,1,172
square__B_drop_okay_operator_2__s3,352,1,344
square__B_drop_okay_operator_2__s3,353,0,500
square__B_drop_okay_operator_2__s3,354,0,500
square__B_drop_okay_operator_2__s3,355,1,208
square__B_drop_okay_operator_2__s3,356,1,410
square__B_drop_okay_operator_2__s3,357,0,500
square__B_drop_okay_operator_2__s3,358,1,207
square__B_drop_okay_operator_2__s3,359,1,272
square__B_drop_okay_operator_2__s3,360,1,183
square__B_drop_okay_operator_2__s3,361,1,147
square__B_drop_okay_operator_2__s3,362,0,500
square__B_drop_okay_operator_2__s3,363,0,500
square__B_drop_okay_operator_2__s3,364,0,500
square__B_drop_okay_operator_2__s3,365,0,500
square__B_drop_okay_operator_2__s3,366,0,500
square__B_drop_okay_operator_2__s3,367,1,172
square__B_drop_okay_operator_2__s3,368,1,176
square__B_drop_okay_operator_2__s3,369,1,218
square__B_drop_okay_operator_2__s3,370,0,500
square__B_drop_okay_operator_2__s3,371,0,500
square__B_drop_okay_operator_2__s3,372,0,500
square__B_drop_okay_operator_2__s3,373,0,500
square__B_drop_okay_operator_2__s3,374,1,202
square__B_drop_okay_operator_2__s3,375,1,178
square__B_drop_okay_operator_2__s3,376,1,232
square__B_drop_okay_operator_2__s3,377,0,500
square__B_drop_okay_operator_2__s3,378,1,169
square__B_drop_okay_operator_2__s3,379,1,303
square__B_drop_okay_operator_2__s3,380,0,500
square__B_drop_okay_operator_2__s3,381,0,500
square__B_drop_okay_operator_2__s3,382,1,220
square__B_drop_okay_operator_2__s3,383,1,179
square__B_drop_okay_operator_2__s3,384,1,283
square__B_drop_okay_operator_2__s3,385,1,212
square__B_drop_okay_operator_2__s3,386,0,500
square__B_drop_okay_operator_2__s3,387,1,140
square__B_drop_okay_operator_2__s3,388,1,203
square__B_drop_okay_operator_2__s3,389,1,202
square__B_drop_okay_operator_2__s3,390,1,249
square__B_drop_okay_operator_2__s3,391,1,218
square__B_drop_okay_operator_2__s3,392,1,281
square__B_drop_okay_operator_2__s3,393,1,246
square__B_drop_okay_operator_2__s3,394,1,161
square__B_drop_okay_operator_2__s3,395,1,176
square__B_drop_okay_operator_2__s3,396,1,222
square__B_drop_okay_operator_2__s3,397,1,231
square__B_drop_okay_operator_2__s3,398,1,200
square__B_drop_okay_operator_2__s3,399,1,227
square__B_drop_okay_operator_2__s3,400,1,150
square__B_drop_okay_operator_2__s3,401,1,219
square__B_drop_okay_operator_2__s3,402,0,500
square__B_drop_okay_operator_2__s3,403,1,219
square__B_drop_okay_operator_2__s3,404,1,198
square__B_drop_okay_operator_2__s3,405,1,181
square__B_drop_okay_operator_2__s3,406,1,451
square__B_drop_okay_operator_2__s3,407,1,172
square__B_drop_okay_operator_2__s3,408,1,219
square__B_drop_okay_operator_2__s3,409,0,500
square__B_drop_okay_operator_2__s3,410,1,190
square__B_drop_okay_operator_2__s3,411,1,402
square__B_drop_okay_operator_2__s3,412,1,239
square__B_drop_okay_operator_2__s3,413,1,463
square__B_drop_okay_operator_2__s3,414,1,190
square__B_drop_okay_operator_2__s3,415,0,500
square__B_drop_okay_operator_2__s3,416,1,171
square__B_drop_okay_operator_2__s3,417,1,163
square__B_drop_okay_operator_2__s3,418,1,150
square__B_drop_okay_operator_2__s3,419,1,381
square__B_drop_okay_operator_2__s3,420,1,253
square__B_drop_okay_operator_2__s3,421,1,150
square__B_drop_okay_operator_2__s3,422,0,500
square__B_drop_okay_operator_2__s3,423,1,173
square__B_drop_okay_operator_2__s3,424,0,500
square__B_drop_okay_operator_2__s3,425,1,178
square__B_drop_okay_operator_2__s3,426,1,180
square__B_drop_okay_operator_2__s3,427,0,500
square__B_drop_okay_operator_2__s3,428,1,228
square__B_drop_okay_operator_2__s3,429,1,166
square__B_drop_okay_operator_2__s3,430,1,220
square__B_drop_okay_operator_2__s3,431,1,199
square__B_drop_okay_operator_2__s3,432,1,193
square__B_drop_okay_operator_2__s3,433,1,163
square__B_drop_okay_operator_2__s3,434,1,189
square__B_drop_okay_operator_2__s3,435,1,210
square__B_drop_okay_operator_2__s3,436,1,190
square__B_drop_okay_operator_2__s3,437,0,500
square__B_drop_okay_operator_2__s3,438,1,224
square__B_drop_okay_operator_2__s3,439,1,149
square__B_drop_okay_operator_2__s3,440,1,258
square__B_drop_okay_operator_2__s3,441,1,151
square__B_drop_okay_operator_2__s3,442,1,182
square__B_drop_okay_operator_2__s3,443,1,212
square__B_drop_okay_operator_2__s3,444,1,188
square__B_drop_okay_operator_2__s3,445,0,500
square__B_drop_okay_operator_2__s3,446,1,454
square__B_drop_okay_operator_2__s3,447,1,200
square__B_drop_okay_operator_2__s3,448,1,311
square__B_drop_okay_operator_2__s3,449,1,150
square__B_drop_okay_operator_2__s3,450,1,160
square__B_drop_okay_operator_2__s3,451,0,500
square__B_drop_okay_operator_2__s3,452,1,180
square__B_drop_okay_operator_2__s3,453,1,307
square__B_drop_okay_operator_2__s3,454,1,187
square__B_drop_okay_operator_2__s3,455,1,221
square__B_drop_okay_operator_2__s3,456,1,169
square__B_drop_okay_operator_2__s3,457,1,256
square__B_drop_okay_operator_2__s3,458,0,500
square__B_drop_okay_operator_2__s3,459,1,378
square__B_drop_okay_operator_2__s3,460,1,292
square__B_drop_okay_operator_2__s3,461,1,250
square__B_drop_okay_operator_2__s3,462,0,500
square__B_drop_okay_operator_2__s3,463,1,246
square__B_drop_okay_operator_2__s3,464,1,347
square__B_drop_okay_operator_2__s3,465,1,250
square__B_drop_okay_operator_2__s3,466,1,398
square__B_drop_okay_operator_2__s3,467,1,229
square__B_drop_okay_operator_2__s3,468,1,228
square__B_drop_okay_operator_2__s3,469,0,500
square__B_drop_okay_operator_2__s3,470,0,500
square__B_drop_okay_operator_2__s3,471,0,500
square__B_drop_okay_operator_2__s3,472,1,321
square__B_drop_okay_operator_2__s3,473,1,226
square__B_drop_okay_operator_2__s3,474,0,500
square__B_drop_okay_operator_2__s3,475,1,190
square__B_drop_okay_operator_2__s3,476,1,242
square__B_drop_okay_operator_2__s3,477,1,200
square__B_drop_okay_operator_2__s3,478,1,191
square__B_drop_okay_operator_2__s3,479,1,202
square__B_drop_okay_operator_2__s3,480,1,208
square__B_drop_okay_operator_2__s3,481,1,171
square__B_drop_okay_operator_2__s3,482,0,500
square__B_drop_okay_operator_2__s3,483,1,182
square__B_drop_okay_operator_2__s3,484,1,205
square__B_drop_okay_operator_2__s3,485,1,200
square__B_drop_okay_operator_2__s3,486,1,170
square__B_drop_okay_operator_2__s3,487,1,166
square__B_drop_okay_operator_2__s3,488,0,500
square__B_drop_okay_operator_2__s3,489,1,306
square__B_drop_okay_operator_2__s3,490,0,500
square__B_drop_okay_operator_2__s3,491,1,181
square__B_drop_okay_operator_2__s3,492,1,193
square__B_drop_okay_operator_2__s3,493,1,228
square__B_drop_okay_operator_2__s3,494,0,500
square__B_drop_okay_operator_2__s3,495,1,268
square__B_drop_okay_operator_2__s3,496,1,170
square__B_drop_okay_operator_2__s3,497,0,500
square__B_drop_okay_operator_2__s3,498,1,250
square__B_drop_okay_operator_2__s3,499,0,500
square__B_drop_worse_operator_1__s1,0,1,346
square__B_drop_worse_operator_1__s1,1,0,500
square__B_drop_worse_operator_1__s1,2,1,323
square__B_drop_worse_operator_1__s1,3,1,216
square__B_drop_worse_operator_1__s1,4,1,322
square__B_drop_worse_operator_1__s1,5,0,500
square__B_drop_worse_operator_1__s1,6,1,162
square__B_drop_worse_operator_1__s1,7,1,159
square__B_drop_worse_operator_1__s1,8,0,500
square__B_drop_worse_operator_1__s1,9,0,500
square__B_drop_worse_operator_1__s1,10,1,262
square__B_drop_worse_operator_1__s1,11,1,232
square__B_drop_worse_operator_1__s1,12,0,500
square__B_drop_worse_operator_1__s1,13,0,500
square__B_drop_worse_operator_1__s1,14,1,319
square__B_drop_worse_operator_1__s1,15,1,165
square__B_drop_worse_operator_1__s1,16,1,436
square__B_drop_worse_operator_1__s1,17,1,230
square__B_drop_worse_operator_1__s1,18,1,168
square__B_drop_worse_operator_1__s1,19,1,226
square__B_drop_worse_operator_1__s1,20,0,500
square__B_drop_worse_operator_1__s1,21,1,171
square__B_drop_worse_operator_1__s1,22,1,210
square__B_drop_worse_operator_1__s1,23,0,500
square__B_drop_worse_operator_1__s1,24,1,230
square__B_drop_worse_operator_1__s1,25,1,252
square__B_drop_worse_operator_1__s1,26,1,198
square__B_drop_worse_operator_1__s1,27,0,500
square__B_drop_worse_operator_1__s1,28,0,500
square__B_drop_worse_operator_1__s1,29,1,152
square__B_drop_worse_operator_1__s1,30,1,397
square__B_drop_worse_operator_1__s1,31,1,170
square__B_drop_worse_operator_1__s1,32,1,163
square__B_drop_worse_operator_1__s1,33,1,253
square__B_drop_worse_operator_1__s1,34,1,202
square__B_drop_worse_operator_1__s1,35,1,179
square__B_drop_worse_operator_1__s1,36,0,500
square__B_drop_worse_operator_1__s1,37,1,378
square__B_drop_worse_operator_1__s1,38,1,362
square__B_drop_worse_operator_1__s1,39,1,342
square__B_drop_worse_operator_1__s1,40,1,303
square__B_drop_worse_operator_1__s1,41,1,359
square__B_drop_worse_operator_1__s1,42,1,170
square__B_drop_worse_operator_1__s1,43,0,500
square__B_drop_worse_operator_1__s1,44,0,500
square__B_drop_worse_operator_1__s1,45,1,200
square__B_drop_worse_operator_1__s1,46,1,180
square__B_drop_worse_operator_1__s1,47,0,500
square__B_drop_worse_operator_1__s1,48,0,500
square__B_drop_worse_operator_1__s1,49,1,262
square__B_drop_worse_operator_1__s1,50,0,500
square__B_drop_worse_operator_1__s1,51,1,330
square__B_drop_worse_operator_1__s1,52,1,252
square__B_drop_worse_operator_1__s1,53,1,235
square__B_drop_worse_operator_1__s1,54,1,201
square__B_drop_worse_operator_1__s1,55,1,232
square__B_drop_worse_operator_1__s1,56,0,500
square__B_drop_worse_operator_1__s1,57,0,500
square__B_drop_worse_operator_1__s1,58,1,167
square__B_drop_worse_operator_1__s1,59,1,200
square__B_drop_worse_operator_1__s1,60,0,500
square__B_drop_worse_operator_1__s1,61,1,381
square__B_drop_worse_operator_1__s1,62,1,487
square__B_drop_worse_operator_1__s1,63,1,161
square__B_drop_worse_operator_1__s1,64,1,250
square__B_drop_worse_operator_1__s1,65,1,472
square__B_drop_worse_operator_1__s1,66,1,383
square__B_drop_worse_operator_1__s1,67,1,211
square__B_drop_worse_operator_1__s1,68,1,219
square__B_drop_worse_operator_1__s1,69,1,192
square__B_drop_worse_operator_1__s1,70,0,500
square__B_drop_worse_operator_1__s1,71,1,270
square__B_drop_worse_operator_1__s1,72,0,500
square__B_drop_worse_operator_1__s1,73,1,172
square__B_drop_worse_operator_1__s1,74,1,183
square__B_drop_worse_operator_1__s1,75,1,451
square__B_drop_worse_operator_1__s1,76,1,187
square__B_drop_worse_operator_1__s1,77,1,289
square__B_drop_worse_operator_1__s1,78,1,191
square__B_drop_worse_operator_1__s1,79,1,372
square__B_drop_worse_operator_1__s1,80,1,212
square__B_drop_worse_operator_1__s1,81,1,460
square__B_drop_worse_operator_1__s1,82,1,376
square__B_drop_worse_operator_1__s1,83,1,167
square__B_drop_worse_operator_1__s1,84,1,436
square__B_drop_worse_operator_1__s1,85,1,451
square__B_drop_worse_operator_1__s1,86,0,500
square__B_drop_worse_operator_1__s1,87,1,368
square__B_drop_worse_operator_1__s1,88,0,500
square__B_drop_worse_operator_1__s1,89,1,170
square__B_drop_worse_operator_1__s1,90,1,180
square__B_drop_worse_operator_1__s1,91,1,296
square__B_drop_worse_operator_1__s1,92,1,191
square__B_drop_worse_operator_1__s1,93,1,218
square__B_drop_worse_operator_1__s1,94,1,156
square__B_drop_worse_operator_1__s1,95,1,253
square__B_drop_worse_operator_1__s1,96,1,159
square__B_drop_worse_operator_1__s1,97,0,500
square__B_drop_worse_operator_1__s1,98,1,469
square__B_drop_worse_operator_1__s1,99,1,182
square__B_drop_worse_operator_1__s1,100,1,320
square__B_drop_worse_operator_1__s1,101,1,421
square__B_drop_worse_operator_1__s1,102,1,241
square__B_drop_worse_operator_1__s1,103,0,500
square__B_drop_worse_operator_1__s1,104,0,500
square__B_drop_worse_operator_1__s1,105,0,500
square__B_drop_worse_operator_1__s1,106,0,500
square__B_drop_worse_operator_1__s1,107,0,500
square__B_drop_worse_operator_1__s1,108,1,207
square__B_drop_worse_operator_1__s1,109,1,243
square__B_drop_worse_operator_1__s1,110,1,208
square__B_drop_worse_operator_1__s1,111,0,500
square__B_drop_worse_operator_1__s1,112,1,432
square__B_drop_worse_operator_1__s1,113,1,223
square__B_drop_worse_operator_1__s1,114,1,228
square__B_drop_worse_operator_1__s1,115,0,500
square__B_drop_worse_operator_1__s1,116,1,229
square__B_drop_worse_operator_1__s1,117,1,312
square__B_drop_worse_operator_1__s1,118,0,500
square__B_drop_worse_operator_1__s1,119,1,236
square__B_drop_worse_operator_1__s1,120,1,239
square__B_drop_worse_operator_1__s1,121,1,169
square__B_drop_worse_operator_1__s1,122,1,300
square__B_drop_worse_operator_1__s1,123,1,272
square__B_drop_worse_operator_1__s1,124,1,442
square__B_drop_worse_operator_1__s1,125,0,500
square__B_drop_worse_operator_1__s1,126,1,248
square__B_drop_worse_operator_1__s1,127,1,271
square__B_drop_worse_operator_1__s1,128,1,391
square__B_drop_worse_operator_1__s1,129,0,500
square__B_drop_worse_operator_1__s1,130,1,259
square__B_drop_worse_operator_1__s1,131,0,500
square__B_drop_worse_operator_1__s1,132,1,372
square__B_drop_worse_operator_1__s1,133,0,500
square__B_drop_worse_operator_1__s1,134,1,174
square__B_drop_worse_operator_1__s1,135,1,149
square__B_drop_worse_operator_1__s1,136,1,202
square__B_drop_worse_operator_1__s1,137,1,170
square__B_drop_worse_operator_1__s1,138,0,500
square__B_drop_worse_operator_1__s1,139,1,204
square__B_drop_worse_operator_1__s1,140,1,493
square__B_drop_worse_operator_1__s1,141,1,433
square__B_drop_worse_operator_1__s1,142,1,164
square__B_drop_worse_operator_1__s1,143,1,252
square__B_drop_worse_operator_1__s1,144,1,206
square__B_drop_worse_operator_1__s1,145,1,178
square__B_drop_worse_operator_1__s1,146,1,193
square__B_drop_worse_operator_1__s1,147,1,259
square__B_drop_worse_operator_1__s1,148,1,238
square__B_drop_worse_operator_1__s1,149,1,288
square__B_drop_worse_operator_1__s1,150,1,177
square__B_drop_worse_operator_1__s1,151,1,332
square__B_drop_worse_operator_1__s1,152,1,167
square__B_drop_worse_operator_1__s1,153,1,277
square__B_drop_worse_operator_1__s1,154,1,243
square__B_drop_worse_operator_1__s1,155,0,500
square__B_drop_worse_operator_1__s1,156,1,172
square__B_drop_worse_operator_1__s1,157,1,218
square__B_drop_worse_operator_1__s1,158,0,500
square__B_drop_worse_operator_1__s1,159,1,362
square__B_drop_worse_operator_1__s1,160,1,277
square__B_drop_worse_operator_1__s1,161,0,500
square__B_drop_worse_operator_1__s1,162,1,191
square__B_drop_worse_operator_1__s1,163,1,287
square__B_drop_worse_operator_1__s1,164,1,276
square__B_drop_worse_operator_1__s1,165,0,500
square__B_drop_worse_operator_1__s1,166,0,500
square__B_drop_worse_operator_1__s1,167,1,340
square__B_drop_worse_operator_1__s1,168,0,500
square__B_drop_worse_operator_1__s1,169,1,189
square__B_drop_worse_operator_1__s1,170,1,451
square__B_drop_worse_operator_1__s1,171,0,500
square__B_drop_worse_operator_1__s1,172,0,500
square__B_drop_worse_operator_1__s1,173,1,273
square__B_drop_worse_operator_1__s1,174,0,500
square__B_drop_worse_operator_1__s1,175,1,170
square__B_drop_worse_operator_1__s1,176,1,269
square__B_drop_worse_operator_1__s1,177,1,312
square__B_drop_worse_operator_1__s1,178,1,342
square__B_drop_worse_operator_1__s1,179,0,500
square__B_drop_worse_operator_1__s1,180,0,500
square__B_drop_worse_operator_1__s1,181,1,220
square__B_drop_worse_operator_1__s1,182,1,275
square__B_drop_worse_operator_1__s1,183,1,302
square__B_drop_worse_operator_1__s1,184,0,500
square__B_drop_worse_operator_1__s1,185,1,202
square__B_drop_worse_operator_1__s1,186,1,420
square__B_drop_worse_operator_1__s1,187,1,332
square__B_drop_worse_operator_1__s1,188,0,500
square__B_drop_worse_operator_1__s1,189,0,500
square__B_drop_worse_operator_1__s1,190,1,320
square__B_drop_worse_operator_1__s1,191,1,317
square__B_drop_worse_operator_1__s1,192,0,500
square__B_drop_worse_operator_1__s1,193,0,500
square__B_drop_worse_operator_1__s1,194,1,240
square__B_drop_worse_operator_1__s1,195,1,190
square__B_drop_worse_operator_1__s1,196,1,342
square__B_drop_worse_operator_1__s1,197,1,250
square__B_drop_worse_operator_1__s1,198,1,231
square__B_drop_worse_operator_1__s1,199,1,251
square__B_drop_worse_operator_1__s1,200,1,461
square__B_drop_worse_operator_1__s1,201,1,361
square__B_drop_worse_operator_1__s1,202,0,500
square__B_drop_worse_operator_1__s1,203,1,369
square__B_drop_worse_operator_1__s1,204,1,237
square__B_drop_worse_operator_1__s1,205,1,379
square__B_drop_worse_operator_1__s1,206,1,320
square__B_drop_worse_operator_1__s1,207,1,158
square__B_drop_worse_operator_1__s1,208,0,500
square__B_drop_worse_operator_1__s1,209,1,221
square__B_drop_worse_operator_1__s1,210,1,252
square__B_drop_worse_operator_1__s1,211,1,302
square__B_drop_worse_operator_1__s1,212,0,500
square__B_drop_worse_operator_1__s1,213,0,500
square__B_drop_worse_operator_1__s1,214,1,253
square__B_drop_worse_operator_1__s1,215,0,500
square__B_drop_worse_operator_1__s1,216,1,250
square__B_drop_worse_operator_1__s1,217,1,212
square__B_drop_worse_operator_1__s1,218,1,318
square__B_drop_worse_operator_1__s1,219,0,500
square__B_drop_worse_operator_1__s1,220,1,180
square__B_drop_worse_operator_1__s1,221,1,239
square__B_drop_worse_operator_1__s1,222,1,222
square__B_drop_worse_operator_1__s1,223,0,500
square__B_drop_worse_operator_1__s1,224,0,500
square__B_drop_worse_operator_1__s1,225,1,212
square__B_drop_worse_operator_1__s1,226,0,500
square__B_drop_worse_operator_1__s1,227,0,500
square__B_drop_worse_operator_1__s1,228,1,474
square__B_drop_worse_operator_1__s1,229,1,257
square__B_drop_worse_operator_1__s1,230,1,198
square__B_drop_worse_operator_1__s1,231,1,274
square__B_drop_worse_operator_1__s1,232,0,500
square__B_drop_worse_operator_1__s1,233,0,500
square__B_drop_worse_operator_1__s1,234,0,500
square__B_drop_worse_operator_1__s1,235,1,292
square__B_drop_worse_operator_1__s1,236,1,411
square__B_drop_worse_operator_1__s1,237,1,464
square__B_drop_worse_operator_1__s1,238,1,189
square__B_drop_worse_operator_1__s1,239,1,210
square__B_drop_worse_operator_1__s1,240,1,176
square__B_drop_worse_operator_1__s1,241,0,500
square__B_drop_worse_operator_1__s1,242,1,393
square__B_drop_worse_operator_1__s1,243,0,500
square__B_drop_worse_operator_1__s1,244,1,282
square__B_drop_worse_operator_1__s1,245,0,500
square__B_drop_worse_operator_1__s1,246,0,500
square__B_drop_worse_operator_1__s1,247,1,367
square__B_drop_worse_operator_1__s1,248,1,187
square__B_drop_worse_operator_1__s1,249,1,191
square__B_drop_worse_operator_1__s1,250,1,251
square__B_drop_worse_operator_1__s1,251,1,190
square__B_drop_worse_operator_1__s1,252,1,230
square__B_drop_worse_operator_1__s1,253,0,500
square__B_drop_worse_operator_1__s1,254,1,188
square__B_drop_worse_operator_1__s1,255,0,500
square__B_drop_worse_operator_1__s1,256,1,221
square__B_drop_worse_operator_1__s1,257,0,500
square__B_drop_worse_operator_1__s1,258,0,500
square__B_drop_worse_operator_1__s1,259,1,219
square__B_drop_worse_operator_1__s1,260,1,342
square__B_drop_worse_operator_1__s1,261,1,303
square__B_drop_worse_operator_1__s1,262,1,242
square__B_drop_worse_operator_1__s1,263,0,500
square__B_drop_worse_operator_1__s1,264,1,210
square__B_drop_worse_operator_1__s1,265,0,500
square__B_drop_worse_operator_1__s1,266,1,200
square__B_drop_worse_operator_1__s1,267,1,339
square__B_drop_worse_operator_1__s1,268,1,151
square__B_drop_worse_operator_1__s1,269,1,292
square__B_drop_worse_operator_1__s1,270,1,279
square__B_drop_worse_operator_1__s1,271,0,500
square__B_drop_worse_operator_1__s1,272,1,160
square__B_drop_worse_operator_1__s1,273,0,500
square__B_drop_worse_operator_1__s1,274,1,253
square__B_drop_worse_operator_1__s1,275,1,192
square__B_drop_worse_operator_1__s1,276,1,210
square__B_drop_worse_operator_1__s1,277,0,500
square__B_drop_worse_operator_1__s1,278,1,325
square__B_drop_worse_operator_1__s1,279,0,500
square__B_drop_worse_operator_1__s1,280,1,251
square__B_drop_worse_operator_1__s1,281,1,338
square__B_drop_worse_operator_1__s1,282,0,500
square__B_drop_worse_operator_1__s1,283,0,500
square__B_drop_worse_operator_1__s1,284,1,241
square__B_drop_worse_operator_1__s1,285,1,303
square__B_drop_worse_operator_1__s1,286,1,350
square__B_drop_worse_operator_1__s1,287,1,340
square__B_drop_worse_operator_1__s1,288,0,500
square__B_drop_worse_operator_1__s1,289,0,500
square__B_drop_worse_operator_1__s1,290,0,500
square__B_drop_worse_operator_1__s1,291,1,280
square__B_drop_worse_operator_1__s1,292,1,190
square__B_drop_worse_operator_1__s1,293,1,257
square__B_drop_worse_operator_1__s1,294,1,161
square__B_drop_worse_operator_1__s1,295,1,171
square__B_drop_worse_operator_1__s1,296,1,191
square__B_drop_worse_operator_1__s1,297,1,261
square__B_drop_worse_operator_1__s1,298,1,260
square__B_drop_worse_operator_1__s1,299,1,233
square__B_drop_worse_operator_1__s1,300,1,205
square__B_drop_worse_operator_1__s1,301,0,500
square__B_drop_worse_operator_1__s1,302,1,342
square__B_drop_worse_operator_1__s1,303,1,271
square__B_drop_worse_operator_1__s1,304,0,500
square__B_drop_worse_operator_1__s1,305,0,500
square__B_drop_worse_operator_1__s1,306,1,272
square__B_drop_worse_operator_1__s1,307,1,146
square__B_drop_worse_operator_1__s1,308,1,209
square__B_drop_worse_operator_1__s1,309,0,500
square__B_drop_worse_operator_1__s1,310,0,500
square__B_drop_worse_operator_1__s1,311,1,388
square__B_drop_worse_operator_1__s1,312,1,230
square__B_drop_worse_operator_1__s1,313,1,179
square__B_drop_worse_operator_1__s1,314,1,179
square__B_drop_worse_operator_1__s1,315,1,177
square__B_drop_worse_operator_1__s1,316,0,500
square__B_drop_worse_operator_1__s1,317,0,500
square__B_drop_worse_operator_1__s1,318,1,267
square__B_drop_worse_operator_1__s1,319,1,309
square__B_drop_worse_operator_1__s1,320,0,500
square__B_drop_worse_operator_1__s1,321,1,190
square__B_drop_worse_operator_1__s1,322,1,202
square__B_drop_worse_operator_1__s1,323,0,500
square__B_drop_worse_operator_1__s1,324,0,500
square__B_drop_worse_operator_1__s1,325,1,199
square__B_drop_worse_operator_1__s1,326,0,500
square__B_drop_worse_operator_1__s1,327,1,187
square__B_drop_worse_operator_1__s1,328,0,500
square__B_drop_worse_operator_1__s1,329,0,500
square__B_drop_worse_operator_1__s1,330,0,500
square__B_drop_worse_operator_1__s1,331,1,167
square__B_drop_worse_operator_1__s1,332,1,231
square__B_drop_worse_operator_1__s1,333,0,500
square__B_drop_worse_operator_1__s1,334,0,500
square__B_drop_worse_operator_1__s1,335,0,500
square__B_drop_worse_operator_1__s1,336,0,500
square__B_drop_worse_operator_1__s1,337,0,500
square__B_drop_worse_operator_1__s1,338,1,295
square__B_drop_worse_operator_1__s1,339,1,190
square__B_drop_worse_operator_1__s1,340,0,500
square__B_drop_worse_operator_1__s1,341,1,189
square__B_drop_worse_operator_1__s1,342,1,248
square__B_drop_worse_operator_1__s1,343,1,230
square__B_drop_worse_operator_1__s1,344,1,169
square__B_drop_worse_operator_1__s1,345,1,335
square__B_drop_worse_operator_1__s1,346,1,297
square__B_drop_worse_operator_1__s1,347,1,183
square__B_drop_worse_operator_1__s1,348,1,194
square__B_drop_worse_operator_1__s1,349,0,500
square__B_drop_worse_operator_1__s1,350,1,182
square__B_drop_worse_operator_1__s1,351,1,178
square__B_drop_worse_operator_1__s1,352,1,211
square__B_drop_worse_operator_1__s1,353,0,500
square__B_drop_worse_operator_1__s1,354,0,500
square__B_drop_worse_operator_1__s1,355,1,411
square__B_drop_worse_operator_1__s1,356,1,199
square__B_drop_worse_operator_1__s1,357,0,500
square__B_drop_worse_operator_1__s1,358,1,438
square__B_drop_worse_operator_1__s1,359,1,270
square__B_drop_worse_operator_1__s1,360,1,307
square__B_drop_worse_operator_1__s1,361,1,221
square__B_drop_worse_operator_1__s1,362,1,209
square__B_drop_worse_operator_1__s1,363,0,500
square__B_drop_worse_operator_1__s1,364,0,500
square__B_drop_worse_operator_1__s1,365,1,264
square__B_drop_worse_operator_1__s1,366,0,500
square__B_drop_worse_operator_1__s1,367,1,349
square__B_drop_worse_operator_1__s1,368,1,181
square__B_drop_worse_operator_1__s1,369,1,199
square__B_drop_worse_operator_1__s1,370,1,218
square__B_drop_worse_operator_1__s1,371,1,340
square__B_drop_worse_operator_1__s1,372,1,383
square__B_drop_worse_operator_1__s1,373,1,188
square__B_drop_worse_operator_1__s1,374,1,299
square__B_drop_worse_operator_1__s1,375,1,178
square__B_drop_worse_operator_1__s1,376,1,170
square__B_drop_worse_operator_1__s1,377,1,261
square__B_drop_worse_operator_1__s1,378,1,243
square__B_drop_worse_operator_1__s1,379,1,469
square__B_drop_worse_operator_1__s1,380,0,500
square__B_drop_worse_operator_1__s1,381,0,500
square__B_drop_worse_operator_1__s1,382,0,500
square__B_drop_worse_operator_1__s1,383,1,212
square__B_drop_worse_operator_1__s1,384,1,272
square__B_drop_worse_operator_1__s1,385,0,500
square__B_drop_worse_operator_1__s1,386,0,500
square__B_drop_worse_operator_1__s1,387,1,159
square__B_drop_worse_operator_1__s1,388,1,262
square__B_drop_worse_operator_1__s1,389,1,200
square__B_drop_worse_operator_1__s1,390,0,500
square__B_drop_worse_operator_1__s1,391,1,297
square__B_drop_worse_operator_1__s1,392,1,183
square__B_drop_worse_operator_1__s1,393,1,220
square__B_drop_worse_operator_1__s1,394,1,191
square__B_drop_worse_operator_1__s1,395,1,272
square__B_drop_worse_operator_1__s1,396,1,405
square__B_drop_worse_operator_1__s1,397,1,241
square__B_drop_worse_operator_1__s1,398,0,500
square__B_drop_worse_operator_1__s1,399,1,249
square__B_drop_worse_operator_1__s1,400,1,226
square__B_drop_worse_operator_1__s1,401,0,500
square__B_drop_worse_operator_1__s1,402,1,461
square__B_drop_worse_operator_1__s1,403,1,239
square__B_drop_worse_operator_1__s1,404,1,164
square__B_drop_worse_operator_1__s1,405,1,202
square__B_drop_worse_operator_1__s1,406,1,203
square__B_drop_worse_operator_1__s1,407,0,500
square__B_drop_worse_operator_1__s1,408,1,202
square__B_drop_worse_operator_1__s1,409,1,200
square__B_drop_worse_operator_1__s1,410,0,500
square__B_drop_worse_operator_1__s1,411,0,500
square__B_drop_worse_operator_1__s1,412,1,161
square__B_drop_worse_operator_1__s1,413,1,231
square__B_drop_worse_operator_1__s1,414,1,260
square__B_drop_worse_operator_1__s1,415,1,308
square__B_drop_worse_operator_1__s1,416,1,442
square__B_drop_worse_operator_1__s1,417,1,227
square__B_drop_worse_operator_1__s1,418,1,262
square__B_drop_worse_operator_1__s1,419,1,250
square__B_drop_worse_operator_1__s1,420,1,223
square__B_drop_worse_operator_1__s1,421,0,500
square__B_drop_worse_operator_1__s1,422,0,500
square__B_drop_worse_operator_1__s1,423,1,242
square__B_drop_worse_operator_1__s1,424,1,253
square__B_drop_worse_operator_1__s1,425,1,222
square__B_drop_worse_operator_1__s1,426,1,202
square__B_drop_worse_operator_1__s1,427,1,187
square__B_drop_worse_operator_1__s1,428,1,288
square__B_drop_worse_operator_1__s1,429,1,202
square__B_drop_worse_operator_1__s1,430,1,307
square__B_drop_worse_operator_1__s1,431,1,338
square__B_drop_worse_operator_1__s1,432,1,222
square__B_drop_worse_operator_1__s1,433,1,230
square__B_drop_worse_operator_1__s1,434,0,500
square__B_drop_worse_operator_1__s1,435,0,500
square__B_drop_worse_operator_1__s1,436,1,187
square__B_drop_worse_operator_1__s1,437,0,500
square__B_drop_worse_operator_1__s1,438,1,412
square__B_drop_worse_operator_1__s1,439,1,250
square__B_drop_worse_operator_1__s1,440,0,500
square__B_drop_worse_operator_1__s1,441,0,500
square__B_drop_worse_operator_1__s1,442,1,262
square__B_drop_worse_operator_1__s1,443,1,364
square__B_drop_worse_operator_1__s1,444,1,201
square__B_drop_worse_operator_1__s1,445,1,410
square__B_drop_worse_operator_1__s1,446,0,500
square__B_drop_worse_operator_1__s1,447,1,222
square__B_drop_worse_operator_1__s1,448,1,201
square__B_drop_worse_operator_1__s1,449,1,229
square__B_drop_worse_operator_1__s1,450,1,207
square__B_drop_worse_operator_1__s1,451,1,219
square__B_drop_worse_operator_1__s1,452,1,189
square__B_drop_worse_operator_1__s1,453,0,500
square__B_drop_worse_operator_1__s1,454,0,500
square__B_drop_worse_operator_1__s1,455,1,221
square__B_drop_worse_operator_1__s1,456,1,167
square__B_drop_worse_operator_1__s1,457,0,500
square__B_drop_worse_operator_1__s1,458,0,500
square__B_drop_worse_operator_1__s1,459,1,211
square__B_drop_worse_operator_1__s1,460,1,179
square__B_drop_worse_operator_1__s1,461,1,210
square__B_drop_worse_operator_1__s1,462,1,230
square__B_drop_worse_operator_1__s1,463,1,242
square__B_drop_worse_operator_1__s1,464,0,500
square__B_drop_worse_operator_1__s1,465,1,440
square__B_drop_worse_operator_1__s1,466,1,294
square__B_drop_worse_operator_1__s1,467,1,269
square__B_drop_worse_operator_1__s1,468,1,243
square__B_drop_worse_operator_1__s1,469,1,348
square__B_drop_worse_operator_1__s1,470,0,500
square__B_drop_worse_operator_1__s1,471,1,177
square__B_drop_worse_operator_1__s1,472,1,281
square__B_drop_worse_operator_1__s1,473,1,340
square__B_drop_worse_operator_1__s1,474,0,500
square__B_drop_worse_operator_1__s1,475,0,500
square__B_drop_worse_operator_1__s1,476,1,198
square__B_drop_worse_operator_1__s1,477,0,500
square__B_drop_worse_operator_1__s1,478,0,500
square__B_drop_worse_operator_1__s1,479,1,161
square__B_drop_worse_operator_1__s1,480,0,500
square__B_drop_worse_operator_1__s1,481,1,253
square__B_drop_worse_operator_1__s1,482,1,301
square__B_drop_worse_operator_1__s1,483,1,240
square__B_drop_worse_operator_1__s1,484,0,500
square__B_drop_worse_operator_1__s1,485,1,332
square__B_drop_worse_operator_1__s1,486,1,351
square__B_drop_worse_operator_1__s1,487,1,238
square__B_drop_worse_operator_1__s1,488,0,500
square__B_drop_worse_operator_1__s1,489,1,402
square__B_drop_worse_operator_1__s1,490,1,239
square__B_drop_worse_operator_1__s1,491,1,151
square__B_drop_worse_operator_1__s1,492,1,373
square__B_drop_worse_operator_1__s1,493,1,288
square__B_drop_worse_operator_1__s1,494,0,500
square__B_drop_worse_operator_1__s1,495,1,310
square__B_drop_worse_operator_1__s1,496,0,500
square__B_drop_worse_operator_1__s1,497,1,338
square__B_drop_worse_operator_1__s1,498,1,202
square__B_drop_worse_operator_1__s1,499,1,250
square__B_drop_worse_operator_1__s2,0,1,182
square__B_drop_worse_operator_1__s2,1,0,500
square__B_drop_worse_operator_1__s2,2,0,500
square__B_drop_worse_operator_1__s2,3,0,500
square__B_drop_worse_operator_1__s2,4,0,500
square__B_drop_worse_operator_1__s2,5,0,500
square__B_drop_worse_operator_1__s2,6,1,178
square__B_drop_worse_operator_1__s2,7,1,231
square__B_drop_worse_operator_1__s2,8,0,500
square__B_drop_worse_operator_1__s2,9,1,186
square__B_drop_worse_operator_1__s2,10,1,159
square__B_drop_worse_operator_1__s2,11,0,500
square__B_drop_worse_operator_1__s2,12,0,500
square__B_drop_worse_operator_1__s2,13,1,356
square__B_drop_worse_operator_1__s2,14,1,172
square__B_drop_worse_operator_1__s2,15,1,178
square__B_drop_worse_operator_1__s2,16,1,253
square__B_drop_worse_operator_1__s2,17,0,500
square__B_drop_worse_operator_1__s2,18,0,500
square__B_drop_worse_operator_1__s2,19,1,316
square__B_drop_worse_operator_1__s2,20,1,360
square__B_drop_worse_operator_1__s2,21,0,500
square__B_drop_worse_operator_1__s2,22,1,183
square__B_drop_worse_operator_1__s2,23,0,500
square__B_drop_worse_operator_1__s2,24,0,500
square__B_drop_worse_operator_1__s2,25,1,390
square__B_drop_worse_operator_1__s2,26,1,260
square__B_drop_worse_operator_1__s2,27,1,166
square__B_drop_worse_operator_1__s2,28,1,305
square__B_drop_worse_operator_1__s2,29,1,432
square__B_drop_worse_operator_1__s2,30,0,500
square__B_drop_worse_operator_1__s2,31,1,302
square__B_drop_worse_operator_1__s2,32,1,214
square__B_drop_worse_operator_1__s2,33,1,407
square__B_drop_worse_operator_1__s2,34,1,458
square__B_drop_worse_operator_1__s2,35,0,500
square__B_drop_worse_operator_1__s2,36,0,500
square__B_drop_worse_operator_1__s2,37,1,262
square__B_drop_worse_operator_1__s2,38,1,177
square__B_drop_worse_operator_1__s2,39,1,166
square__B_drop_worse_operator_1__s2,40,0,500
square__B_drop_worse_operator_1__s2,41,1,211
square__B_drop_worse_operator_1__s2,42,1,226
square__B_drop_worse_operator_1__s2,43,0,500
square__B_drop_worse_operator_1__s2,44,1,401
square__B_drop_worse_operator_1__s2,45,0,500
square__B_drop_worse_operator_1__s2,46,1,200
square__B_drop_worse_operator_1__s2,47,0,500
square__B_drop_worse_operator_1__s2,48,0,500
square__B_drop_worse_operator_1__s2,49,1,241
square__B_drop_worse_operator_1__s2,50,0,500
square__B_drop_worse_operator_1__s2,51,1,258
square__B_drop_worse_operator_1__s2,52,1,242
square__B_drop_worse_operator_1__s2,53,0,500
square__B_drop_worse_operator_1__s2,54,1,223
square__B_drop_worse_operator_1__s2,55,0,500
square__B_drop_worse_operator_1__s2,56,0,500
square__B_drop_worse_operator_1__s2,57,1,213
square__B_drop_worse_operator_1__s2,58,1,158
square__B_drop_worse_operator_1__s2,59,1,208
square__B_drop_worse_operator_1__s2,60,1,179
square__B_drop_worse_operator_1__s2,61,1,319
square__B_drop_worse_operator_1__s2,62,1,352
square__B_drop_worse_operator_1__s2,63,1,191
square__B_drop_worse_operator_1__s2,64,0,500
square__B_drop_worse_operator_1__s2,65,1,383
square__B_drop_worse_operator_1__s2,66,1,243
square__B_drop_worse_operator_1__s2,67,1,199
square__B_drop_worse_operator_1__s2,68,1,183
square__B_drop_worse_operator_1__s2,69,1,411
square__B_drop_worse_operator_1__s2,70,1,302
square__B_drop_worse_operator_1__s2,71,0,500
square__B_drop_worse_operator_1__s2,72,1,413
square__B_drop_worse_operator_1__s2,73,1,179
square__B_drop_worse_operator_1__s2,74,1,259
square__B_drop_worse_operator_1__s2,75,1,198
square__B_drop_worse_operator_1__s2,76,1,221
square__B_drop_worse_operator_1__s2,77,1,148
square__B_drop_worse_operator_1__s2,78,0,500
square__B_drop_worse_operator_1__s2,79,0,500
square__B_drop_worse_operator_1__s2,80,1,181
square__B_drop_worse_operator_1__s2,81,1,372
square__B_drop_worse_operator_1__s2,82,1,428
square__B_drop_worse_operator_1__s2,83,1,180
square__B_drop_worse_operator_1__s2,84,1,185
square__B_drop_worse_operator_1__s2,85,1,214
square__B_drop_worse_operator_1__s2,86,0,500
square__B_drop_worse_operator_1__s2,87,0,500
square__B_drop_worse_operator_1__s2,88,1,212
square__B_drop_worse_operator_1__s2,89,0,500
square__B_drop_worse_operator_1__s2,90,0,500
square__B_drop_worse_operator_1__s2,91,1,269
square__B_drop_worse_operator_1__s2,92,0,500
square__B_drop_worse_operator_1__s2,93,1,451
square__B_drop_worse_operator_1__s2,94,0,500
square__B_drop_worse_operator_1__s2,95,0,500
square__B_drop_worse_operator_1__s2,96,1,288
square__B_drop_worse_operator_1__s2,97,1,225
square__B_drop_worse_operator_1__s2,98,1,406
square__B_drop_worse_operator_1__s2,99,1,201
square__B_drop_worse_operator_1__s2,100,1,197
square__B_drop_worse_operator_1__s2,101,0,500
square__B_drop_worse_operator_1__s2,102,1,308
square__B_drop_worse_operator_1__s2,103,0,500
square__B_drop_worse_operator_1__s2,104,1,231
square__B_drop_worse_operator_1__s2,105,0,500
square__B_drop_worse_operator_1__s2,106,0,500
square__B_drop_worse_operator_1__s2,107,1,174
square__B_drop_worse_operator_1__s2,108,1,190
square__B_drop_worse_operator_1__s2,109,1,440
square__B_drop_worse_operator_1__s2,110,0,500
square__B_drop_worse_operator_1__s2,111,1,424
square__B_drop_worse_operator_1__s2,112,0,500
square__B_drop_worse_operator_1__s2,113,1,168
square__B_drop_worse_operator_1__s2,114,0,500
square__B_drop_worse_operator_1__s2,115,0,500
square__B_drop_worse_operator_1__s2,116,1,149
square__B_drop_worse_operator_1__s2,117,1,190
square__B_drop_worse_operator_1__s2,118,1,230
square__B_drop_worse_operator_1__s2,119,0,500
square__B_drop_worse_operator_1__s2,120,1,212
square__B_drop_worse_operator_1__s2,121,1,215
square__B_drop_worse_operator_1__s2,122,1,439
square__B_drop_worse_operator_1__s2,123,1,267
square__B_drop_worse_operator_1__s2,124,0,500
square__B_drop_worse_operator_1__s2,125,1,217
square__B_drop_worse_operator_1__s2,126,1,189
square__B_drop_worse_operator_1__s2,127,0,500
square__B_drop_worse_operator_1__s2,128,1,218
square__B_drop_worse_operator_1__s2,129,1,478
square__B_drop_worse_operator_1__s2,130,0,500
square__B_drop_worse_operator_1__s2,131,0,500
square__B_drop_worse_operator_1__s2,132,1,177
square__B_drop_worse_operator_1__s2,133,1,176
square__B_drop_worse_operator_1__s2,134,1,270
square__B_drop_worse_operator_1__s2,135,0,500
square__B_drop_worse_operator_1__s2,136,0,500
square__B_drop_worse_operator_1__s2,137,0,500
square__B_drop_worse_operator_1__s2,138,1,345
square__B_drop_worse_operator_1__s2,139,1,220
square__B_drop_worse_operator_1__s2,140,0,500
square__B_drop_worse_operator_1__s2,141,1,207
square__B_drop_worse_operator_1__s2,142,1,373
square__B_drop_worse_operator_1__s2,143,0,500
square__B_drop_worse_operator_1__s2,144,1,421
square__B_drop_worse_operator_1__s2,145,1,170
square__B_drop_worse_operator_1__s2,146,1,158
square__B_drop_worse_operator_1__s2,147,1,201
square__B_drop_worse_operator_1__s2,148,1,158
square__B_drop_worse_operator_1__s2,149,0,500
square__B_drop_worse_operator_1__s2,150,0,500
square__B_drop_worse_operator_1__s2,151,0,500
square__B_drop_worse_operator_1__s2,152,1,160
square__B_drop_worse_operator_1__s2,153,0,500
square__B_drop_worse_operator_1__s2,154,1,237
square__B_drop_worse_operator_1__s2,155,0,500
square__B_drop_worse_operator_1__s2,156,0,500
square__B_drop_worse_operator_1__s2,157,0,500
square__B_drop_worse_operator_1__s2,158,0,500
square__B_drop_worse_operator_1__s2,159,0,500
square__B_drop_worse_operator_1__s2,160,1,169
square__B_drop_worse_operator_1__s2,161,1,168
square__B_drop_worse_operator_1__s2,162,0,500
square__B_drop_worse_operator_1__s2,163,1,260
square__B_drop_worse_operator_1__s2,164,0,500
square__B_drop_worse_operator_1__s2,165,1,278
square__B_drop_worse_operator_1__s2,166,0,500
square__B_drop_worse_operator_1__s2,167,1,193
square__B_drop_worse_operator_1__s2,168,0,500
square__B_drop_worse_operator_1__s2,169,1,185
square__B_drop_worse_operator_1__s2,170,1,157
square__B_drop_worse_operator_1__s2,171,1,371
square__B_drop_worse_operator_1__s2,172,1,292
square__B_drop_worse_operator_1__s2,173,0,500
square__B_drop_worse_operator_1__s2,174,1,143
square__B_drop_worse_operator_1__s2,175,1,173
square__B_drop_worse_operator_1__s2,176,0,500
square__B_drop_worse_operator_1__s2,177,1,488
square__B_drop_worse_operator_1__s2,178,0,500
square__B_drop_worse_operator_1__s2,179,1,248
square__B_drop_worse_operator_1__s2,180,1,289
square__B_drop_worse_operator_1__s2,181,0,500
square__B_drop_worse_operator_1__s2,182,1,223
square__B_drop_worse_operator_1__s2,183,0,500
square__B_drop_worse_operator_1__s2,184,1,189
square__B_drop_worse_operator_1__s2,185,1,252
square__B_drop_worse_operator_1__s2,186,1,207
square__B_drop_worse_operator_1__s2,187,1,178
square__B_drop_worse_operator_1__s2,188,0,500
square__B_drop_worse_operator_1__s2,189,0,500
square__B_drop_worse_operator_1__s2,190,1,160
square__B_drop_worse_operator_1__s2,191,1,211
square__B_drop_worse_operator_1__s2,192,1,175
square__B_drop_worse_operator_1__s2,193,1,277
square__B_drop_worse_operator_1__s2,194,0,500
square__B_drop_worse_operator_1__s2,195,0,500
square__B_drop_worse_operator_1__s2,196,1,239
square__B_drop_worse_operator_1__s2,197,1,332
square__B_drop_worse_operator_1__s2,198,0,500
square__B_drop_worse_operator_1__s2,199,1,242
square__B_drop_worse_operator_1__s2,200,1,342
square__B_drop_worse_operator_1__s2,201,0,500
square__B_drop_worse_operator_1__s2,202,1,259
square__B_drop_worse_operator_1__s2,203,1,160
square__B_drop_worse_operator_1__s2,204,0,500
square__B_drop_worse_operator_1__s2,205,0,500
square__B_drop_worse_operator_1__s2,206,1,180
square__B_drop_worse_operator_1__s2,207,1,158
square__B_drop_worse_operator_1__s2,208,1,430
square__B_drop_worse_operator_1__s2,209,1,219
square__B_drop_worse_operator_1__s2,210,0,500
square__B_drop_worse_operator_1__s2,211,1,211
square__B_drop_worse_operator_1__s2,212,0,500
square__B_drop_worse_operator_1__s2,213,1,170
square__B_drop_worse_operator_1__s2,214,1,326
square__B_drop_worse_operator_1__s2,215,1,334
square__B_drop_worse_operator_1__s2,216,0,500
square__B_drop_worse_operator_1__s2,217,1,252
square__B_drop_worse_operator_1__s2,218,0,500
square__B_drop_worse_operator_1__s2,219,0,500
square__B_drop_worse_operator_1__s2,220,1,311
square__B_drop_worse_operator_1__s2,221,1,171
square__B_drop_worse_operator_1__s2,222,0,500
square__B_drop_worse_operator_1__s2,223,1,202
square__B_drop_worse_operator_1__s2,224,0,500
square__B_drop_worse_operator_1__s2,225,1,313
square__B_drop_worse_operator_1__s2,226,0,500
square__B_drop_worse_operator_1__s2,227,1,166
square__B_drop_worse_operator_1__s2,228,1,193
square__B_drop_worse_operator_1__s2,229,1,237
square__B_drop_worse_operator_1__s2,230,1,162
square__B_drop_worse_operator_1__s2,231,0,500
square__B_drop_worse_operator_1__s2,232,1,393
square__B_drop_worse_operator_1__s2,233,0,500
square__B_drop_worse_operator_1__s2,234,1,287
square__B_drop_worse_operator_1__s2,235,1,151
square__B_drop_worse_operator_1__s2,236,0,500
square__B_drop_worse_operator_1__s2,237,0,500
square__B_drop_worse_operator_1__s2,238,0,500
square__B_drop_worse_operator_1__s2,239,1,230
square__B_drop_worse_operator_1__s2,240,1,169
square__B_drop_worse_operator_1__s2,241,0,500
square__B_drop_worse_operator_1__s2,242,0,500
square__B_drop_worse_operator_1__s2,243,1,463
square__B_drop_worse_operator_1__s2,244,1,170
square__B_drop_worse_operator_1__s2,245,0,500
square__B_drop_worse_operator_1__s2,246,1,173
square__B_drop_worse_operator_1__s2,247,1,222
square__B_drop_worse_operator_1__s2,248,0,500
square__B_drop_worse_operator_1__s2,249,0,500
square__B_drop_worse_operator_1__s2,250,0,500
square__B_drop_worse_operator_1__s2,251,1,187
square__B_drop_worse_operator_1__s2,252,1,283
square__B_drop_worse_operator_1__s2,253,0,500
square__B_drop_worse_operator_1__s2,254,0,500
square__B_drop_worse_operator_1__s2,255,1,157
square__B_drop_worse_operator_1__s2,256,1,371
square__B_drop_worse_operator_1__s2,257,1,292
square__B_drop_worse_operator_1__s2,258,1,208
square__B_drop_worse_operator_1__s2,259,1,200
square__B_drop_worse_operator_1__s2,260,0,500
square__B_drop_worse_operator_1__s2,261,0,500
square__B_drop_worse_operator_1__s2,262,1,189
square__B_drop_worse_operator_1__s2,263,1,200
square__B_drop_worse_operator_1__s2,264,1,212
square__B_drop_worse_operator_1__s2,265,1,240
square__B_drop_worse_operator_1__s2,266,1,247
square__B_drop_worse_operator_1__s2,267,0,500
square__B_drop_worse_operator_1__s2,268,0,500
square__B_drop_worse_operator_1__s2,269,0,500
square__B_drop_worse_operator_1__s2,270,0,500
square__B_drop_worse_operator_1__s2,271,1,301
square__B_drop_worse_operator_1__s2,272,1,404
square__B_drop_worse_operator_1__s2,273,1,219
square__B_drop_worse_operator_1__s2,274,1,183
square__B_drop_worse_operator_1__s2,275,1,177
square__B_drop_worse_operator_1__s2,276,0,500
square__B_drop_worse_operator_1__s2,277,0,500
square__B_drop_worse_operator_1__s2,278,0,500
square__B_drop_worse_operator_1__s2,279,0,500
square__B_drop_worse_operator_1__s2,280,0,500
square__B_drop_worse_operator_1__s2,281,0,500
square__B_drop_worse_operator_1__s2,282,1,305
square__B_drop_worse_operator_1__s2,283,0,500
square__B_drop_worse_operator_1__s2,284,0,500
square__B_drop_worse_operator_1__s2,285,0,500
square__B_drop_worse_operator_1__s2,286,1,202
square__B_drop_worse_operator_1__s2,287,0,500
square__B_drop_worse_operator_1__s2,288,1,310
square__B_drop_worse_operator_1__s2,289,0,500
square__B_drop_worse_operator_1__s2,290,1,248
square__B_drop_worse_operator_1__s2,291,1,304
square__B_drop_worse_operator_1__s2,292,1,406
square__B_drop_worse_operator_1__s2,293,1,179
square__B_drop_worse_operator_1__s2,294,1,217
square__B_drop_worse_operator_1__s2,295,1,212
square__B_drop_worse_operator_1__s2,296,1,178
square__B_drop_worse_operator_1__s2,297,1,170
square__B_drop_worse_operator_1__s2,298,1,362
square__B_drop_worse_operator_1__s2,299,1,210
square__B_drop_worse_operator_1__s2,300,1,229
square__B_drop_worse_operator_1__s2,301,0,500
square__B_drop_worse_operator_1__s2,302,1,169
square__B_drop_worse_operator_1__s2,303,1,255
square__B_drop_worse_operator_1__s2,304,0,500
square__B_drop_worse_operator_1__s2,305,0,500
square__B_drop_worse_operator_1__s2,306,0,500
square__B_drop_worse_operator_1__s2,307,0,500
square__B_drop_worse_operator_1__s2,308,1,219
square__B_drop_worse_operator_1__s2,309,0,500
square__B_drop_worse_operator_1__s2,310,1,296
square__B_drop_worse_operator_1__s2,311,1,341
square__B_drop_worse_operator_1__s2,312,1,170
square__B_drop_worse_operator_1__s2,313,0,500
square__B_drop_worse_operator_1__s2,314,1,336
square__B_drop_worse_operator_1__s2,315,0,500
square__B_drop_worse_operator_1__s2,316,0,500
square__B_drop_worse_operator_1__s2,317,0,500
square__B_drop_worse_operator_1__s2,318,1,212
square__B_drop_worse_operator_1__s2,319,1,161
square__B_drop_worse_operator_1__s2,320,0,500
square__B_drop_worse_operator_1__s2,321,1,227
square__B_drop_worse_operator_1__s2,322,1,354
square__B_drop_worse_operator_1__s2,323,0,500
square__B_drop_worse_operator_1__s2,324,0,500
square__B_drop_worse_operator_1__s2,325,1,166
square__B_drop_worse_operator_1__s2,326,1,452
square__B_drop_worse_operator_1__s2,327,1,366
square__B_drop_worse_operator_1__s2,328,0,500
square__B_drop_worse_operator_1__s2,329,0,500
square__B_drop_worse_operator_1__s2,330,1,187
square__B_drop_worse_operator_1__s2,331,0,500
square__B_drop_worse_operator_1__s2,332,1,149
square__B_drop_worse_operator_1__s2,333,0,500
square__B_drop_worse_operator_1__s2,334,1,252
square__B_drop_worse_operator_1__s2,335,1,200
square__B_drop_worse_operator_1__s2,336,1,242
square__B_drop_worse_operator_1__s2,337,0,500
square__B_drop_worse_operator_1__s2,338,1,167
square__B_drop_worse_operator_1__s2,339,1,181
square__B_drop_worse_operator_1__s2,340,1,178
square__B_drop_worse_operator_1__s2,341,1,436
square__B_drop_worse_operator_1__s2,342,1,250
square__B_drop_worse_operator_1__s2,343,1,192
square__B_drop_worse_operator_1__s2,344,1,184
square__B_drop_worse_operator_1__s2,345,0,500
square__B_drop_worse_operator_1__s2,346,1,221
square__B_drop_worse_operator_1__s2,347,1,162
square__B_drop_worse_operator_1__s2,348,0,500
square__B_drop_worse_operator_1__s2,349,1,466
square__B_drop_worse_operator_1__s2,350,0,500
square__B_drop_worse_operator_1__s2,351,1,199
square__B_drop_worse_operator_1__s2,352,1,210
square__B_drop_worse_operator_1__s2,353,1,176
square__B_drop_worse_operator_1__s2,354,1,399
square__B_drop_worse_operator_1__s2,355,1,159
square__B_drop_worse_operator_1__s2,356,1,263
square__B_drop_worse_operator_1__s2,357,0,500
square__B_drop_worse_operator_1__s2,358,0,500
square__B_drop_worse_operator_1__s2,359,0,500
square__B_drop_worse_operator_1__s2,360,1,178
square__B_drop_worse_operator_1__s2,361,1,275
square__B_drop_worse_operator_1__s2,362,0,500
square__B_drop_worse_operator_1__s2,363,1,255
square__B_drop_worse_operator_1__s2,364,1,213
square__B_drop_worse_operator_1__s2,365,0,500
square__B_drop_worse_operator_1__s2,366,1,210
square__B_drop_worse_operator_1__s2,367,0,500
square__B_drop_worse_operator_1__s2,368,1,167
square__B_drop_worse_operator_1__s2,369,1,259
square__B_drop_worse_operator_1__s2,370,1,189
square__B_drop_worse_operator_1__s2,371,1,223
square__B_drop_worse_operator_1__s2,372,1,176
square__B_drop_worse_operator_1__s2,373,1,169
square__B_drop_worse_operator_1__s2,374,1,187
square__B_drop_worse_operator_1__s2,375,1,199
square__B_drop_worse_operator_1__s2,376,1,292
square__B_drop_worse_operator_1__s2,377,0,500
square__B_drop_worse_operator_1__s2,378,1,161
square__B_drop_worse_operator_1__s2,379,1,252
square__B_drop_worse_operator_1__s2,380,1,208
square__B_drop_worse_operator_1__s2,381,0,500
square__B_drop_worse_operator_1__s2,382,0,500
square__B_drop_worse_operator_1__s2,383,1,181
square__B_drop_worse_operator_1__s2,384,0,500
square__B_drop_worse_operator_1__s2,385,0,500
square__B_drop_worse_operator_1__s2,386,0,500
square__B_drop_worse_operator_1__s2,387,1,303
square__B_drop_worse_operator_1__s2,388,0,500
square__B_drop_worse_operator_1__s2,389,1,224
square__B_drop_worse_operator_1__s2,390,1,160
square__B_drop_worse_operator_1__s2,391,1,331
square__B_drop_worse_operator_1__s2,392,1,165
square__B_drop_worse_operator_1__s2,393,1,209
square__B_drop_worse_operator_1__s2,394,1,214
square__B_drop_worse_operator_1__s2,395,0,500
square__B_drop_worse_operator_1__s2,396,1,260
square__B_drop_worse_operator_1__s2,397,1,194
square__B_drop_worse_operator_1__s2,398,0,500
square__B_drop_worse_operator_1__s2,399,1,322
square__B_drop_worse_operator_1__s2,400,1,278
square__B_drop_worse_operator_1__s2,401,0,500
square__B_drop_worse_operator_1__s2,402,1,219
square__B_drop_worse_operator_1__s2,403,1,212
square__B_drop_worse_operator_1__s2,404,0,500
square__B_drop_worse_operator_1__s2,405,1,201
square__B_drop_worse_operator_1__s2,406,1,206
square__B_drop_worse_operator_1__s2,407,1,191
square__B_drop_worse_operator_1__s2,408,1,221
square__B_drop_worse_operator_1__s2,409,1,183
square__B_drop_worse_operator_1__s2,410,1,211
square__B_drop_worse_operator_1__s2,411,1,155
square__B_drop_worse_operator_1__s2,412,0,500
square__B_drop_worse_operator_1__s2,413,0,500
square__B_drop_worse_operator_1__s2,414,1,203
square__B_drop_worse_operator_1__s2,415,0,500
square__B_drop_worse_operator_1__s2,416,1,162
square__B_drop_worse_operator_1__s2,417,1,171
square__B_drop_worse_operator_1__s2,418,1,408
square__B_drop_worse_operator_1__s2,419,0,500
square__B_drop_worse_operator_1__s2,420,0,500
square__B_drop_worse_operator_1__s2,421,1,176
square__B_drop_worse_operator_1__s2,422,0,500
square__B_drop_worse_operator_1__s2,423,1,294
square__B_drop_worse_operator_1__s2,424,0,500
square__B_drop_worse_operator_1__s2,425,1,167
square__B_drop_worse_operator_1__s2,426,0,500
square__B_drop_worse_operator_1__s2,427,1,361
square__B_drop_worse_operator_1__s2,428,0,500
square__B_drop_worse_operator_1__s2,429,1,279
square__B_drop_worse_operator_1__s2,430,1,198
square__B_drop_worse_operator_1__s2,431,0,500
square__B_drop_worse_operator_1__s2,432,1,170
square__B_drop_worse_operator_1__s2,433,1,480
square__B_drop_worse_operator_1__s2,434,0,500
square__B_drop_worse_operator_1__s2,435,0,500
square__B_drop_worse_operator_1__s2,436,1,182
square__B_drop_worse_operator_1__s2,437,1,177
square__B_drop_worse_operator_1__s2,438,1,478
square__B_drop_worse_operator_1__s2,439,1,167
square__B_drop_worse_operator_1__s2,440,1,185
square__B_drop_worse_operator_1__s2,441,1,420
square__B_drop_worse_operator_1__s2,442,1,216
square__B_drop_worse_operator_1__s2,443,1,190
square__B_drop_worse_operator_1__s2,444,1,270
square__B_drop_worse_operator_1__s2,445,0,500
square__B_drop_worse_operator_1__s2,446,0,500
square__B_drop_worse_operator_1__s2,447,1,198
square__B_drop_worse_operator_1__s2,448,0,500
square__B_drop_worse_operator_1__s2,449,1,224
square__B_drop_worse_operator_1__s2,450,0,500
square__B_drop_worse_operator_1__s2,451,0,500
square__B_drop_worse_operator_1__s2,452,1,152
square__B_drop_worse_operator_1__s2,453,1,167
square__B_drop_worse_operator_1__s2,454,1,170
square__B_drop_worse_operator_1__s2,455,1,242
square__B_drop_worse_operator_1__s2,456,1,202
square__B_drop_worse_operator_1__s2,457,1,204
square__B_drop_worse_operator_1__s2,458,0,500
square__B_drop_worse_operator_1__s2,459,1,310
square__B_drop_worse_operator_1__s2,460,0,500
square__B_drop_worse_operator_1__s2,461,1,222
square__B_drop_worse_operator_1__s2,462,1,188
square__B_drop_worse_operator_1__s2,463,1,198
square__B_drop_worse_operator_1__s2,464,1,372
square__B_drop_worse_operator_1__s2,465,1,198
square__B_drop_worse_operator_1__s2,466,1,195
square__B_drop_worse_operator_1__s2,467,1,421
square__B_drop_worse_operator_1__s2,468,1,254
square__B_drop_worse_operator_1__s2,469,1,189
square__B_drop_worse_operator_1__s2,470,0,500
square__B_drop_worse_operator_1__s2,471,0,500
square__B_drop_worse_operator_1__s2,472,1,425
square__B_drop_worse_operator_1__s2,473,1,368
square__B_drop_worse_operator_1__s2,474,1,157
square__B_drop_worse_operator_1__s2,475,0,500
square__B_drop_worse_operator_1__s2,476,1,179
square__B_drop_worse_operator_1__s2,477,0,500
square__B_drop_worse_operator_1__s2,478,0,500
square__B_drop_worse_operator_1__s2,479,0,500
square__B_drop_worse_operator_1__s2,480,1,154
square__B_drop_worse_operator_1__s2,481,1,390
square__B_drop_worse_operator_1__s2,482,0,500
square__B_drop_worse_operator_1__s2,483,1,161
square__B_drop_worse_operator_1__s2,484,0,500
square__B_drop_worse_operator_1__s2,485,1,177
square__B_drop_worse_operator_1__s2,486,0,500
square__B_drop_worse_operator_1__s2,487,1,181
square__B_drop_worse_operator_1__s2,488,0,500
square__B_drop_worse_operator_1__s2,489,1,218
square__B_drop_worse_operator_1__s2,490,0,500
square__B_drop_worse_operator_1__s2,491,1,197
square__B_drop_worse_operator_1__s2,492,0,500
square__B_drop_worse_operator_1__s2,493,1,413
square__B_drop_worse_operator_1__s2,494,1,252
square__B_drop_worse_operator_1__s2,495,1,200
square__B_drop_worse_operator_1__s2,496,1,166
square__B_drop_worse_operator_1__s2,497,1,160
square__B_drop_worse_operator_1__s2,498,1,201
square__B_drop_worse_operator_1__s2,499,0,500
square__B_drop_worse_operator_1__s3,0,0,500
square__B_drop_worse_operator_1__s3,1,1,161
square__B_drop_worse_operator_1__s3,2,0,500
square__B_drop_worse_operator_1__s3,3,1,221
square__B_drop_worse_operator_1__s3,4,1,329
square__B_drop_worse_operator_1__s3,5,0,500
square__B_drop_worse_operator_1__s3,6,1,159
square__B_drop_worse_operator_1__s3,7,1,239
square__B_drop_worse_operator_1__s3,8,1,211
square__B_drop_worse_operator_1__s3,9,0,500
square__B_drop_worse_operator_1__s3,10,1,182
square__B_drop_worse_operator_1__s3,11,0,500
square__B_drop_worse_operator_1__s3,12,1,368
square__B_drop_worse_operator_1__s3,13,1,308
square__B_drop_worse_operator_1__s3,14,0,500
square__B_drop_worse_operator_1__s3,15,1,222
square__B_drop_worse_operator_1__s3,16,1,294
square__B_drop_worse_operator_1__s3,17,0,500
square__B_drop_worse_operator_1__s3,18,1,222
square__B_drop_worse_operator_1__s3,19,0,500
square__B_drop_worse_operator_1__s3,20,1,248
square__B_drop_worse_operator_1__s3,21,1,285
square__B_drop_worse_operator_1__s3,22,1,171
square__B_drop_worse_operator_1__s3,23,1,347
square__B_drop_worse_operator_1__s3,24,1,221
square__B_drop_worse_operator_1__s3,25,1,282
square__B_drop_worse_operator_1__s3,26,1,271
square__B_drop_worse_operator_1__s3,27,0,500
square__B_drop_worse_operator_1__s3,28,1,240
square__B_drop_worse_operator_1__s3,29,1,188
square__B_drop_worse_operator_1__s3,30,1,213
square__B_drop_worse_operator_1__s3,31,1,281
square__B_drop_worse_operator_1__s3,32,1,309
square__B_drop_worse_operator_1__s3,33,1,398
square__B_drop_worse_operator_1__s3,34,1,229
square__B_drop_worse_operator_1__s3,35,0,500
square__B_drop_worse_operator_1__s3,36,0,500
square__B_drop_worse_operator_1__s3,37,1,287
square__B_drop_worse_operator_1__s3,38,1,282
square__B_drop_worse_operator_1__s3,39,1,171
square__B_drop_worse_operator_1__s3,40,0,500
square__B_drop_worse_operator_1__s3,41,1,260
square__B_drop_worse_operator_1__s3,42,1,382
square__B_drop_worse_operator_1__s3,43,1,208
square__B_drop_worse_operator_1__s3,44,0,500
square__B_drop_worse_operator_1__s3,45,0,500
square__B_drop_worse_operator_1__s3,46,1,190
square__B_drop_worse_operator_1__s3,47,1,231
square__B_drop_worse_operator_1__s3,48,1,297
square__B_drop_worse_operator_1__s3,49,1,271
square__B_drop_worse_operator_1__s3,50,1,277
square__B_drop_worse_operator_1__s3,51,0,500
square__B_drop_worse_operator_1__s3,52,1,242
square__B_drop_worse_operator_1__s3,53,1,178
square__B_drop_worse_operator_1__s3,54,0,500
square__B_drop_worse_operator_1__s3,55,1,231
square__B_drop_worse_operator_1__s3,56,1,147
square__B_drop_worse_operator_1__s3,57,1,203
square__B_drop_worse_operator_1__s3,58,1,330
square__B_drop_worse_operator_1__s3,59,0,500
square__B_drop_worse_operator_1__s3,60,1,392
square__B_drop_worse_operator_1__s3,61,0,500
square__B_drop_worse_operator_1__s3,62,0,500
square__B_drop_worse_operator_1__s3,63,0,500
square__B_drop_worse_operator_1__s3,64,1,231
square__B_drop_worse_operator_1__s3,65,1,457
square__B_drop_worse_operator_1__s3,66,1,240
square__B_drop_worse_operator_1__s3,67,0,500
square__B_drop_worse_operator_1__s3,68,1,187
square__B_drop_worse_operator_1__s3,69,1,207
square__B_drop_worse_operator_1__s3,70,1,349
square__B_drop_worse_operator_1__s3,71,1,393
square__B_drop_worse_operator_1__s3,72,0,500
square__B_drop_worse_operator_1__s3,73,0,500
square__B_drop_worse_operator_1__s3,74,0,500
square__B_drop_worse_operator_1__s3,75,0,500
square__B_drop_worse_operator_1__s3,76,1,231
square__B_drop_worse_operator_1__s3,77,1,178
square__B_drop_worse_operator_1__s3,78,1,288
square__B_drop_worse_operator_1__s3,79,1,373
square__B_drop_worse_operator_1__s3,80,1,176
square__B_drop_worse_operator_1__s3,81,0,500
square__B_drop_worse_operator_1__s3,82,1,177
square__B_drop_worse_operator_1__s3,83,1,391
square__B_drop_worse_operator_1__s3,84,0,500
square__B_drop_worse_operator_1__s3,85,1,328
square__B_drop_worse_operator_1__s3,86,0,500
square__B_drop_worse_operator_1__s3,87,0,500
square__B_drop_worse_operator_1__s3,88,0,500
square__B_drop_worse_operator_1__s3,89,0,500
square__B_drop_worse_operator_1__s3,90,1,178
square__B_drop_worse_operator_1__s3,91,0,500
square__B_drop_worse_operator_1__s3,92,1,202
square__B_drop_worse_operator_1__s3,93,0,500
square__B_drop_worse_operator_1__s3,94,1,194
square__B_drop_worse_operator_1__s3,95,0,500
square__B_drop_worse_operator_1__s3,96,1,232
square__B_drop_worse_operator_1__s3,97,0,500
square__B_drop_worse_operator_1__s3,98,1,342
square__B_drop_worse_operator_1__s3,99,1,158
square__B_drop_worse_operator_1__s3,100,1,159
square__B_drop_worse_operator_1__s3,101,1,169
square__B_drop_worse_operator_1__s3,102,1,231
square__B_drop_worse_operator_1__s3,103,1,217
square__B_drop_worse_operator_1__s3,104,1,160
square__B_drop_worse_operator_1__s3,105,0,500
square__B_drop_worse_operator_1__s3,106,0,500
square__B_drop_worse_operator_1__s3,107,0,500
square__B_drop_worse_operator_1__s3,108,1,422
square__B_drop_worse_operator_1__s3,109,1,238
square__B_drop_worse_operator_1__s3,110,1,154
square__B_drop_worse_operator_1__s3,111,1,395
square__B_drop_worse_operator_1__s3,112,0,500
square__B_drop_worse_operator_1__s3,113,1,182
square__B_drop_worse_operator_1__s3,114,1,192
square__B_drop_worse_operator_1__s3,115,0,500
square__B_drop_worse_operator_1__s3,116,1,152
square__B_drop_worse_operator_1__s3,117,1,208
square__B_drop_worse_operator_1__s3,118,1,268
square__B_drop_worse_operator_1__s3,119,0,500
square__B_drop_worse_operator_1__s3,120,1,436
square__B_drop_worse_operator_1__s3,121,1,280
square__B_drop_worse_operator_1__s3,122,0,500
square__B_drop_worse_operator_1__s3,123,1,248
square__B_drop_worse_operator_1__s3,124,1,223
square__B_drop_worse_operator_1__s3,125,1,254
square__B_drop_worse_operator_1__s3,126,1,177
square__B_drop_worse_operator_1__s3,127,0,500
square__B_drop_worse_operator_1__s3,128,1,207
square__B_drop_worse_operator_1__s3,129,1,199
square__B_drop_worse_operator_1__s3,130,1,339
square__B_drop_worse_operator_1__s3,131,1,241
square__B_drop_worse_operator_1__s3,132,1,200
square__B_drop_worse_operator_1__s3,133,0,500
square__B_drop_worse_operator_1__s3,134,0,500
square__B_drop_worse_operator_1__s3,135,0,500
square__B_drop_worse_operator_1__s3,136,1,225
square__B_drop_worse_operator_1__s3,137,1,177
square__B_drop_worse_operator_1__s3,138,0,500
square__B_drop_worse_operator_1__s3,139,1,293
square__B_drop_worse_operator_1__s3,140,0,500
square__B_drop_worse_operator_1__s3,141,1,255
square__B_drop_worse_operator_1__s3,142,1,303
square__B_drop_worse_operator_1__s3,143,1,231
square__B_drop_worse_operator_1__s3,144,1,185
square__B_drop_worse_operator_1__s3,145,1,197
square__B_drop_worse_operator_1__s3,146,1,191
square__B_drop_worse_operator_1__s3,147,1,220
square__B_drop_worse_operator_1__s3,148,0,500
square__B_drop_worse_operator_1__s3,149,0,500
square__B_drop_worse_operator_1__s3,150,1,144
square__B_drop_worse_operator_1__s3,151,1,172
square__B_drop_worse_operator_1__s3,152,1,205
square__B_drop_worse_operator_1__s3,153,0,500
square__B_drop_worse_operator_1__s3,154,1,199
square__B_drop_worse_operator_1__s3,155,0,500
square__B_drop_worse_operator_1__s3,156,0,500
square__B_drop_worse_operator_1__s3,157,1,262
square__B_drop_worse_operator_1__s3,158,1,456
square__B_drop_worse_operator_1__s3,159,0,500
square__B_drop_worse_operator_1__s3,160,1,169
square__B_drop_worse_operator_1__s3,161,1,182
square__B_drop_worse_operator_1__s3,162,1,293
square__B_drop_worse_operator_1__s3,163,1,241
square__B_drop_worse_operator_1__s3,164,1,255
square__B_drop_worse_operator_1__s3,165,1,164
square__B_drop_worse_operator_1__s3,166,0,500
square__B_drop_worse_operator_1__s3,167,1,331
square__B_drop_worse_operator_1__s3,168,0,500
square__B_drop_worse_operator_1__s3,169,1,228
square__B_drop_worse_operator_1__s3,170,1,300
square__B_drop_worse_operator_1__s3,171,0,500
square__B_drop_worse_operator_1__s3,172,1,261
square__B_drop_worse_operator_1__s3,173,1,294
square__B_drop_worse_operator_1__s3,174,0,500
square__B_drop_worse_operator_1__s3,175,1,175
square__B_drop_worse_operator_1__s3,176,0,500
square__B_drop_worse_operator_1__s3,177,1,176
square__B_drop_worse_operator_1__s3,178,1,189
square__B_drop_worse_operator_1__s3,179,0,500
square__B_drop_worse_operator_1__s3,180,1,228
square__B_drop_worse_operator_1__s3,181,0,500
square__B_drop_worse_operator_1__s3,182,1,252
square__B_drop_worse_operator_1__s3,183,0,500
square__B_drop_worse_operator_1__s3,184,0,500
square__B_drop_worse_operator_1__s3,185,1,271
square__B_drop_worse_operator_1__s3,186,1,168
square__B_drop_worse_operator_1__s3,187,1,170
square__B_drop_worse_operator_1__s3,188,0,500
square__B_drop_worse_operator_1__s3,189,1,352
square__B_drop_worse_operator_1__s3,190,1,179
square__B_drop_worse_operator_1__s3,191,1,162
square__B_drop_worse_operator_1__s3,192,0,500
square__B_drop_worse_operator_1__s3,193,1,254
square__B_drop_worse_operator_1__s3,194,1,311
square__B_drop_worse_operator_1__s3,195,1,239
square__B_drop_worse_operator_1__s3,196,1,192
square__B_drop_worse_operator_1__s3,197,1,157
square__B_drop_worse_operator_1__s3,198,0,500
square__B_drop_worse_operator_1__s3,199,1,219
square__B_drop_worse_operator_1__s3,200,0,500
square__B_drop_worse_operator_1__s3,201,1,151
square__B_drop_worse_operator_1__s3,202,1,245
square__B_drop_worse_operator_1__s3,203,1,185
square__B_drop_worse_operator_1__s3,204,0,500
square__B_drop_worse_operator_1__s3,205,0,500
square__B_drop_worse_operator_1__s3,206,1,258
square__B_drop_worse_operator_1__s3,207,1,151
square__B_drop_worse_operator_1__s3,208,0,500
square__B_drop_worse_operator_1__s3,209,1,462
square__B_drop_worse_operator_1__s3,210,1,253
square__B_drop_worse_operator_1__s3,211,1,209
square__B_drop_worse_operator_1__s3,212,1,274
square__B_drop_worse_operator_1__s3,213,0,500
square__B_drop_worse_operator_1__s3,214,1,219
square__B_drop_worse_operator_1__s3,215,0,500
square__B_drop_worse_operator_1__s3,216,0,500
square__B_drop_worse_operator_1__s3,217,1,443
square__B_drop_worse_operator_1__s3,218,0,500
square__B_drop_worse_operator_1__s3,219,1,190
square__B_drop_worse_operator_1__s3,220,1,162
square__B_drop_worse_operator_1__s3,221,1,151
square__B_drop_worse_operator_1__s3,222,1,335
square__B_drop_worse_operator_1__s3,223,1,150
square__B_drop_worse_operator_1__s3,224,0,500
square__B_drop_worse_operator_1__s3,225,1,267
square__B_drop_worse_operator_1__s3,226,0,500
square__B_drop_worse_operator_1__s3,227,1,170
square__B_drop_worse_operator_1__s3,228,1,291
square__B_drop_worse_operator_1__s3,229,1,245
square__B_drop_worse_operator_1__s3,230,1,171
square__B_drop_worse_operator_1__s3,231,1,219
square__B_drop_worse_operator_1__s3,232,1,244
square__B_drop_worse_operator_1__s3,233,1,203
square__B_drop_worse_operator_1__s3,234,1,284
square__B_drop_worse_operator_1__s3,235,1,162
square__B_drop_worse_operator_1__s3,236,1,269
square__B_drop_worse_operator_1__s3,237,1,249
square__B_drop_worse_operator_1__s3,238,1,462
square__B_drop_worse_operator_1__s3,239,1,332
square__B_drop_worse_operator_1__s3,240,1,209
square__B_drop_worse_operator_1__s3,241,1,203
square__B_drop_worse_operator_1__s3,242,1,228
square__B_drop_worse_operator_1__s3,243,0,500
square__B_drop_worse_operator_1__s3,244,1,232
square__B_drop_worse_operator_1__s3,245,0,500
square__B_drop_worse_operator_1__s3,246,1,222
square__B_drop_worse_operator_1__s3,247,1,329
square__B_drop_worse_operator_1__s3,248,1,238
square__B_drop_worse_operator_1__s3,249,1,357
square__B_drop_worse_operator_1__s3,250,0,500
square__B_drop_worse_operator_1__s3,251,0,500
square__B_drop_worse_operator_1__s3,252,1,234
square__B_drop_worse_operator_1__s3,253,0,500
square__B_drop_worse_operator_1__s3,254,1,212
square__B_drop_worse_operator_1__s3,255,1,177
square__B_drop_worse_operator_1__s3,256,1,180
square__B_drop_worse_operator_1__s3,257,1,229
square__B_drop_worse_operator_1__s3,258,1,309
square__B_drop_worse_operator_1__s3,259,1,372
square__B_drop_worse_operator_1__s3,260,0,500
square__B_drop_worse_operator_1__s3,261,0,500
square__B_drop_worse_operator_1__s3,262,0,500
square__B_drop_worse_operator_1__s3,263,0,500
square__B_drop_worse_operator_1__s3,264,1,259
square__B_drop_worse_operator_1__s3,265,0,500
square__B_drop_worse_operator_1__s3,266,1,360
square__B_drop_worse_operator_1__s3,267,1,245
square__B_drop_worse_operator_1__s3,268,0,500
square__B_drop_worse_operator_1__s3,269,0,500
square__B_drop_worse_operator_1__s3,270,1,225
square__B_drop_worse_operator_1__s3,271,1,219
square__B_drop_worse_operator_1__s3,272,1,173
square__B_drop_worse_operator_1__s3,273,1,312
square__B_drop_worse_operator_1__s3,274,1,170
square__B_drop_worse_operator_1__s3,275,1,191
square__B_drop_worse_operator_1__s3,276,0,500
square__B_drop_worse_operator_1__s3,277,1,499
square__B_drop_worse_operator_1__s3,278,0,500
square__B_drop_worse_operator_1__s3,279,0,500
square__B_drop_worse_operator_1__s3,280,1,198
square__B_drop_worse_operator_1__s3,281,1,294
square__B_drop_worse_operator_1__s3,282,0,500
square__B_drop_worse_operator_1__s3,283,1,410
square__B_drop_worse_operator_1__s3,284,1,176
square__B_drop_worse_operator_1__s3,285,0,500
square__B_drop_worse_operator_1__s3,286,1,225
square__B_drop_worse_operator_1__s3,287,1,257
square__B_drop_worse_operator_1__s3,288,0,500
square__B_drop_worse_operator_1__s3,289,0,500
square__B_drop_worse_operator_1__s3,290,1,240
square__B_drop_worse_operator_1__s3,291,1,287
square__B_drop_worse_operator_1__s3,292,1,232
square__B_drop_worse_operator_1__s3,293,1,202
square__B_drop_worse_operator_1__s3,294,1,228
square__B_drop_worse_operator_1__s3,295,1,159
square__B_drop_worse_operator_1__s3,296,0,500
square__B_drop_worse_operator_1__s3,297,1,266
square__B_drop_worse_operator_1__s3,298,1,404
square__B_drop_worse_operator_1__s3,299,0,500
square__B_drop_worse_operator_1__s3,300,0,500
square__B_drop_worse_operator_1__s3,301,0,500
square__B_drop_worse_operator_1__s3,302,1,182
square__B_drop_worse_operator_1__s3,303,0,500
square__B_drop_worse_operator_1__s3,304,1,176
square__B_drop_worse_operator_1__s3,305,1,264
square__B_drop_worse_operator_1__s3,306,1,362
square__B_drop_worse_operator_1__s3,307,0,500
square__B_drop_worse_operator_1__s3,308,0,500
square__B_drop_worse_operator_1__s3,309,0,500
square__B_drop_worse_operator_1__s3,310,1,303
square__B_drop_worse_operator_1__s3,311,1,193
square__B_drop_worse_operator_1__s3,312,1,406
square__B_drop_worse_operator_1__s3,313,1,273
square__B_drop_worse_operator_1__s3,314,1,169
square__B_drop_worse_operator_1__s3,315,1,156
square__B_drop_worse_operator_1__s3,316,0,500
square__B_drop_worse_operator_1__s3,317,1,466
square__B_drop_worse_operator_1__s3,318,1,299
square__B_drop_worse_operator_1__s3,319,1,307
square__B_drop_worse_operator_1__s3,320,1,272
square__B_drop_worse_operator_1__s3,321,1,212
square__B_drop_worse_operator_1__s3,322,1,167
square__B_drop_worse_operator_1__s3,323,0,500
square__B_drop_worse_operator_1__s3,324,1,356
square__B_drop_worse_operator_1__s3,325,1,360
square__B_drop_worse_operator_1__s3,326,1,263
square__B_drop_worse_operator_1__s3,327,1,260
square__B_drop_worse_operator_1__s3,328,1,233
square__B_drop_worse_operator_1__s3,329,0,500
square__B_drop_worse_operator_1__s3,330,1,229
square__B_drop_worse_operator_1__s3,331,0,500
square__B_drop_worse_operator_1__s3,332,0,500
square__B_drop_worse_operator_1__s3,333,0,500
square__B_drop_worse_operator_1__s3,334,1,171
square__B_drop_worse_operator_1__s3,335,1,179
square__B_drop_worse_operator_1__s3,336,0,500
square__B_drop_worse_operator_1__s3,337,1,362
square__B_drop_worse_operator_1__s3,338,1,262
square__B_drop_worse_operator_1__s3,339,1,163
square__B_drop_worse_operator_1__s3,340,1,212
square__B_drop_worse_operator_1__s3,341,1,240
square__B_drop_worse_operator_1__s3,342,0,500
square__B_drop_worse_operator_1__s3,343,1,215
square__B_drop_worse_operator_1__s3,344,1,197
square__B_drop_worse_operator_1__s3,345,1,273
square__B_drop_worse_operator_1__s3,346,1,224
square__B_drop_worse_operator_1__s3,347,0,500
square__B_drop_worse_operator_1__s3,348,0,500
square__B_drop_worse_operator_1__s3,349,1,292
square__B_drop_worse_operator_1__s3,350,1,263
square__B_drop_worse_operator_1__s3,351,1,218
square__B_drop_worse_operator_1__s3,352,1,447
square__B_drop_worse_operator_1__s3,353,1,261
square__B_drop_worse_operator_1__s3,354,0,500
square__B_drop_worse_operator_1__s3,355,1,220
square__B_drop_worse_operator_1__s3,356,0,500
square__B_drop_worse_operator_1__s3,357,1,458
square__B_drop_worse_operator_1__s3,358,1,460
square__B_drop_worse_operator_1__s3,359,1,440
square__B_drop_worse_operator_1__s3,360,1,188
square__B_drop_worse_operator_1__s3,361,1,148
square__B_drop_worse_operator_1__s3,362,0,500
square__B_drop_worse_operator_1__s3,363,0,500
square__B_drop_worse_operator_1__s3,364,1,152
square__B_drop_worse_operator_1__s3,365,1,296
square__B_drop_worse_operator_1__s3,366,0,500
square__B_drop_worse_operator_1__s3,367,1,242
square__B_drop_worse_operator_1__s3,368,1,166
square__B_drop_worse_operator_1__s3,369,0,500
square__B_drop_worse_operator_1__s3,370,1,300
square__B_drop_worse_operator_1__s3,371,0,500
square__B_drop_worse_operator_1__s3,372,1,398
square__B_drop_worse_operator_1__s3,373,1,180
square__B_drop_worse_operator_1__s3,374,1,218
square__B_drop_worse_operator_1__s3,375,1,191
square__B_drop_worse_operator_1__s3,376,1,210
square__B_drop_worse_operator_1__s3,377,1,318
square__B_drop_worse_operator_1__s3,378,1,159
square__B_drop_worse_operator_1__s3,379,1,224
square__B_drop_worse_operator_1__s3,380,1,259
square__B_drop_worse_operator_1__s3,381,1,300
square__B_drop_worse_operator_1__s3,382,0,500
square__B_drop_worse_operator_1__s3,383,1,221
square__B_drop_worse_operator_1__s3,384,1,324
square__B_drop_worse_operator_1__s3,385,1,237
square__B_drop_worse_operator_1__s3,386,0,500
square__B_drop_worse_operator_1__s3,387,1,213
square__B_drop_worse_operator_1__s3,388,1,473
square__B_drop_worse_operator_1__s3,389,1,269
square__B_drop_worse_operator_1__s3,390,1,388
square__B_drop_worse_operator_1__s3,391,1,240
square__B_drop_worse_operator_1__s3,392,1,181
square__B_drop_worse_operator_1__s3,393,1,250
square__B_drop_worse_operator_1__s3,394,1,165
square__B_drop_worse_operator_1__s3,395,0,500
square__B_drop_worse_operator_1__s3,396,1,161
square__B_drop_worse_operator_1__s3,397,1,293
square__B_drop_worse_operator_1__s3,398,1,317
square__B_drop_worse_operator_1__s3,399,1,188
square__B_drop_worse_operator_1__s3,400,0,500
square__B_drop_worse_operator_1__s3,401,0,500
square__B_drop_worse_operator_1__s3,402,0,500
square__B_drop_worse_operator_1__s3,403,1,262
square__B_drop_worse_operator_1__s3,404,1,170
square__B_drop_worse_operator_1__s3,405,1,225
square__B_drop_worse_operator_1__s3,406,1,338
square__B_drop_worse_operator_1__s3,407,0,500
square__B_drop_worse_operator_1__s3,408,1,167
square__B_drop_worse_operator_1__s3,409,0,500
square__B_drop_worse_operator_1__s3,410,0,500
square__B_drop_worse_operator_1__s3,411,1,317
square__B_drop_worse_operator_1__s3,412,1,169
square__B_drop_worse_operator_1__s3,413,0,500
square__B_drop_worse_operator_1__s3,414,1,345
square__B_drop_worse_operator_1__s3,415,1,257
square__B_drop_worse_operator_1__s3,416,1,188
square__B_drop_worse_operator_1__s3,417,1,166
square__B_drop_worse_operator_1__s3,418,1,157
square__B_drop_worse_operator_1__s3,419,1,300
square__B_drop_worse_operator_1__s3,420,0,500
square__B_drop_worse_operator_1__s3,421,1,185
square__B_drop_worse_operator_1__s3,422,0,500
square__B_drop_worse_operator_1__s3,423,0,500
square__B_drop_worse_operator_1__s3,424,0,500
square__B_drop_worse_operator_1__s3,425,0,500
square__B_drop_worse_operator_1__s3,426,0,500
square__B_drop_worse_operator_1__s3,427,1,248
square__B_drop_worse_operator_1__s3,428,0,500
square__B_drop_worse_operator_1__s3,429,1,232
square__B_drop_worse_operator_1__s3,430,1,344
square__B_drop_worse_operator_1__s3,431,1,256
square__B_drop_worse_operator_1__s3,432,0,500
square__B_drop_worse_operator_1__s3,433,1,485
square__B_drop_worse_operator_1__s3,434,1,259
square__B_drop_worse_operator_1__s3,435,0,500
square__B_drop_worse_operator_1__s3,436,0,500
square__B_drop_worse_operator_1__s3,437,1,325
square__B_drop_worse_operator_1__s3,438,1,236
square__B_drop_worse_operator_1__s3,439,1,151
square__B_drop_worse_operator_1__s3,440,0,500
square__B_drop_worse_operator_1__s3,441,1,215
square__B_drop_worse_operator_1__s3,442,0,500
square__B_drop_worse_operator_1__s3,443,1,176
square__B_drop_worse_operator_1__s3,444,0,500
square__B_drop_worse_operator_1__s3,445,0,500
square__B_drop_worse_operator_1__s3,446,1,176
square__B_drop_worse_operator_1__s3,447,1,208
square__B_drop_worse_operator_1__s3,448,0,500
square__B_drop_worse_operator_1__s3,449,1,271
square__B_drop_worse_operator_1__s3,450,0,500
square__B_drop_worse_operator_1__s3,451,1,253
square__B_drop_worse_operator_1__s3,452,1,171
square__B_drop_worse_operator_1__s3,453,0,500
square__B_drop_worse_operator_1__s3,454,1,300
square__B_drop_worse_operator_1__s3,455,1,284
square__B_drop_worse_operator_1__s3,456,0,500
square__B_drop_worse_operator_1__s3,457,1,211
square__B_drop_worse_operator_1__s3,458,0,500
square__B_drop_worse_operator_1__s3,459,1,197
square__B_drop_worse_operator_1__s3,460,1,229
square__B_drop_worse_operator_1__s3,461,1,300
square__B_drop_worse_operator_1__s3,462,0,500
square__B_drop_worse_operator_1__s3,463,1,149
square__B_drop_worse_operator_1__s3,464,1,260
square__B_drop_worse_operator_1__s3,465,1,253
square__B_drop_worse_operator_1__s3,466,0,500
square__B_drop_worse_operator_1__s3,467,0,500
square__B_drop_worse_operator_1__s3,468,1,257
square__B_drop_worse_operator_1__s3,469,1,181
square__B_drop_worse_operator_1__s3,470,0,500
square__B_drop_worse_operator_1__s3,471,0,500
square__B_drop_worse_operator_1__s3,472,0,500
square__B_drop_worse_operator_1__s3,473,0,500
square__B_drop_worse_operator_1__s3,474,1,184
square__B_drop_worse_operator_1__s3,475,1,241
square__B_drop_worse_operator_1__s3,476,1,212
square__B_drop_worse_operator_1__s3,477,0,500
square__B_drop_worse_operator_1__s3,478,1,352
square__B_drop_worse_operator_1__s3,479,0,500
square__B_drop_worse_operator_1__s3,480,0,500
square__B_drop_worse_operator_1__s3,481,1,149
square__B_drop_worse_operator_1__s3,482,1,203
square__B_drop_worse_operator_1__s3,483,1,178
square__B_drop_worse_operator_1__s3,484,0,500
square__B_drop_worse_operator_1__s3,485,1,256
square__B_drop_worse_operator_1__s3,486,1,197
square__B_drop_worse_operator_1__s3,487,0,500
square__B_drop_worse_operator_1__s3,488,0,500
square__B_drop_worse_operator_1__s3,489,1,420
square__B_drop_worse_operator_1__s3,490,1,241
square__B_drop_worse_operator_1__s3,491,1,160
square__B_drop_worse_operator_1__s3,492,1,193
square__B_drop_worse_operator_1__s3,493,1,377
square__B_drop_worse_operator_1__s3,494,0,500
square__B_drop_worse_operator_1__s3,495,1,253
square__B_drop_worse_operator_1__s3,496,1,183
square__B_drop_worse_operator_1__s3,497,1,277
square__B_drop_worse_operator_1__s3,498,0,500
square__B_drop_worse_operator_1__s3,499,0,500
square__B_drop_worse_operator_2__s1,0,0,500
square__B_drop_worse_operator_2__s1,1,1,191
square__B_drop_worse_operator_2__s1,2,1,493
square__B_drop_worse_operator_2__s1,3,1,277
square__B_drop_worse_operator_2__s1,4,0,500
square__B_drop_worse_operator_2__s1,5,0,500
square__B_drop_worse_operator_2__s1,6,1,173
square__B_drop_worse_operator_2__s1,7,0,500
square__B_drop_worse_operator_2__s1,8,1,345
square__B_drop_worse_operator_2__s1,9,1,166
square__B_drop_worse_operator_2__s1,10,1,169
square__B_drop_worse_operator_2__s1,11,0,500
square__B_drop_worse_operator_2__s1,12,0,500
square__B_drop_worse_operator_2__s1,13,0,500
square__B_drop_worse_operator_2__s1,14,1,190
square__B_drop_worse_operator_2__s1,15,0,500
square__B_drop_worse_operator_2__s1,16,1,271
square__B_drop_worse_operator_2__s1,17,1,212
square__B_drop_worse_operator_2__s1,18,0,500
square__B_drop_worse_operator_2__s1,19,0,500
square__B_drop_worse_operator_2__s1,20,1,216
square__B_drop_worse_operator_2__s1,21,1,398
square__B_drop_worse_operator_2__s1,22,1,246
square__B_drop_worse_operator_2__s1,23,1,292
square__B_drop_worse_operator_2__s1,24,1,291
square__B_drop_worse_operator_2__s1,25,1,181
square__B_drop_worse_operator_2__s1,26,1,215
square__B_drop_worse_operator_2__s1,27,0,500
square__B_drop_worse_operator_2__s1,28,1,210
square__B_drop_worse_operator_2__s1,29,1,162
square__B_drop_worse_operator_2__s1,30,1,234
square__B_drop_worse_operator_2__s1,31,0,500
square__B_drop_worse_operator_2__s1,32,1,181
square__B_drop_worse_operator_2__s1,33,1,189
square__B_drop_worse_operator_2__s1,34,0,500
square__B_drop_worse_operator_2__s1,35,1,321
square__B_drop_worse_operator_2__s1,36,0,500
square__B_drop_worse_operator_2__s1,37,0,500
square__B_drop_worse_operator_2__s1,38,0,500
square__B_drop_worse_operator_2__s1,39,1,169
square__B_drop_worse_operator_2__s1,40,1,281
square__B_drop_worse_operator_2__s1,41,1,169
square__B_drop_worse_operator_2__s1,42,1,182
square__B_drop_worse_operator_2__s1,43,1,232
square__B_drop_worse_operator_2__s1,44,0,500
square__B_drop_worse_operator_2__s1,45,1,379
square__B_drop_worse_operator_2__s1,46,1,233
square__B_drop_worse_operator_2__s1,47,0,500
square__B_drop_worse_operator_2__s1,48,0,500
square__B_drop_worse_operator_2__s1,49,1,219
square__B_drop_worse_operator_2__s1,50,1,207
square__B_drop_worse_operator_2__s1,51,1,193
square__B_drop_worse_operator_2__s1,52,0,500
square__B_drop_worse_operator_2__s1,53,1,212
square__B_drop_worse_operator_2__s1,54,0,500
square__B_drop_worse_operator_2__s1,55,0,500
square__B_drop_worse_operator_2__s1,56,1,159
square__B_drop_worse_operator_2__s1,57,1,287
square__B_drop_worse_operator_2__s1,58,1,170
square__B_drop_worse_operator_2__s1,59,1,182
square__B_drop_worse_operator_2__s1,60,1,249
square__B_drop_worse_operator_2__s1,61,1,228
square__B_drop_worse_operator_2__s1,62,0,500
square__B_drop_worse_operator_2__s1,63,0,500
square__B_drop_worse_operator_2__s1,64,0,500
square__B_drop_worse_operator_2__s1,65,1,241
square__B_drop_worse_operator_2__s1,66,1,202
square__B_drop_worse_operator_2__s1,67,0,500
square__B_drop_worse_operator_2__s1,68,1,181
square__B_drop_worse_operator_2__s1,69,1,292
square__B_drop_worse_operator_2__s1,70,1,394
square__B_drop_worse_operator_2__s1,71,1,395
square__B_drop_worse_operator_2__s1,72,0,500
square__B_drop_worse_operator_2__s1,73,1,162
square__B_drop_worse_operator_2__s1,74,1,232
square__B_drop_worse_operator_2__s1,75,1,171
square__B_drop_worse_operator_2__s1,76,1,222
square__B_drop_worse_operator_2__s1,77,1,345
square__B_drop_worse_operator_2__s1,78,0,500
square__B_drop_worse_operator_2__s1,79,1,230
square__B_drop_worse_operator_2__s1,80,0,500
square__B_drop_worse_operator_2__s1,81,0,500
square__B_drop_worse_operator_2__s1,82,0,500
square__B_drop_worse_operator_2__s1,83,1,151
square__B_drop_worse_operator_2__s1,84,0,500
square__B_drop_worse_operator_2__s1,85,1,241
square__B_drop_worse_operator_2__s1,86,0,500
square__B_drop_worse_operator_2__s1,87,0,500
square__B_drop_worse_operator_2__s1,88,0,500
square__B_drop_worse_operator_2__s1,89,0,500
square__B_drop_worse_operator_2__s1,90,0,500
square__B_drop_worse_operator_2__s1,91,0,500
square__B_drop_worse_operator_2__s1,92,1,257
square__B_drop_worse_operator_2__s1,93,0,500
square__B_drop_worse_operator_2__s1,94,1,162
square__B_drop_worse_operator_2__s1,95,0,500
square__B_drop_worse_operator_2__s1,96,1,168
square__B_drop_worse_operator_2__s1,97,0,500
square__B_drop_worse_operator_2__s1,98,1,211
square__B_drop_worse_operator_2__s1,99,1,199
square__B_drop_worse_operator_2__s1,100,1,191
square__B_drop_worse_operator_2__s1,101,0,500
square__B_drop_worse_operator_2__s1,102,0,500
square__B_drop_worse_operator_2__s1,103,1,311
square__B_drop_worse_operator_2__s1,104,0,500
square__B_drop_worse_operator_2__s1,105,0,500
square__B_drop_worse_operator_2__s1,106,1,223
square__B_drop_worse_operator_2__s1,107,0,500
square__B_drop_worse_operator_2__s1,108,1,168
square__B_drop_worse_operator_2__s1,109,1,363
square__B_drop_worse_operator_2__s1,110,1,179
square__B_drop_worse_operator_2__s1,111,0,500
square__B_drop_worse_operator_2__s1,112,1,175
square__B_drop_worse_operator_2__s1,113,1,212
square__B_drop_worse_operator_2__s1,114,1,168
square__B_drop_worse_operator_2__s1,115,1,205
square__B_drop_worse_operator_2__s1,116,0,500
square__B_drop_worse_operator_2__s1,117,1,169
square__B_drop_worse_operator_2__s1,118,1,281
square__B_drop_worse_operator_2__s1,119,1,171
square__B_drop_worse_operator_2__s1,120,1,221
square__B_drop_worse_operator_2__s1,121,0,500
square__B_drop_worse_operator_2__s1,122,0,500
square__B_drop_worse_operator_2__s1,123,1,388
square__B_drop_worse_operator_2__s1,124,1,372
square__B_drop_worse_operator_2__s1,125,0,500
square__B_drop_worse_operator_2__s1,126,0,500
square__B_drop_worse_operator_2__s1,127,1,206
square__B_drop_worse_operator_2__s1,128,1,391
square__B_drop_worse_operator_2__s1,129,0,500
square__B_drop_worse_operator_2__s1,130,1,209
square__B_drop_worse_operator_2__s1,131,0,500
square__B_drop_worse_operator_2__s1,132,0,500
square__B_drop_worse_operator_2__s1,133,1,402
square__B_drop_worse_operator_2__s1,134,1,179
square__B_drop_worse_operator_2__s1,135,1,164
square__B_drop_worse_operator_2__s1,136,0,500
square__B_drop_worse_operator_2__s1,137,1,199
square__B_drop_worse_operator_2__s1,138,1,177
square__B_drop_worse_operator_2__s1,139,1,249
square__B_drop_worse_operator_2__s1,140,1,184
square__B_drop_worse_operator_2__s1,141,0,500
square__B_drop_worse_operator_2__s1,142,1,402
square__B_drop_worse_operator_2__s1,143,0,500
square__B_drop_worse_operator_2__s1,144,1,191
square__B_drop_worse_operator_2__s1,145,1,170
square__B_drop_worse_operator_2__s1,146,0,500
square__B_drop_worse_operator_2__s1,147,1,286
square__B_drop_worse_operator_2__s1,148,1,163
square__B_drop_worse_operator_2__s1,149,1,191
square__B_drop_worse_operator_2__s1,150,1,185
square__B_drop_worse_operator_2__s1,151,1,298
square__B_drop_worse_operator_2__s1,152,1,203
square__B_drop_worse_operator_2__s1,153,1,198
square__B_drop_worse_operator_2__s1,154,1,473
square__B_drop_worse_operator_2__s1,155,1,162
square__B_drop_worse_operator_2__s1,156,0,500
square__B_drop_worse_operator_2__s1,157,1,200
square__B_drop_worse_operator_2__s1,158,1,261
square__B_drop_worse_operator_2__s1,159,0,500
square__B_drop_worse_operator_2__s1,160,1,160
square__B_drop_worse_operator_2__s1,161,1,353
square__B_drop_worse_operator_2__s1,162,1,208
square__B_drop_worse_operator_2__s1,163,1,200
square__B_drop_worse_operator_2__s1,164,0,500
square__B_drop_worse_operator_2__s1,165,1,353
square__B_drop_worse_operator_2__s1,166,0,500
square__B_drop_worse_operator_2__s1,167,0,500
square__B_drop_worse_operator_2__s1,168,0,500
square__B_drop_worse_operator_2__s1,169,0,500
square__B_drop_worse_operator_2__s1,170,1,182
square__B_drop_worse_operator_2__s1,171,0,500
square__B_drop_worse_operator_2__s1,172,0,500
square__B_drop_worse_operator_2__s1,173,0,500
square__B_drop_worse_operator_2__s1,174,1,477
square__B_drop_worse_operator_2__s1,175,1,241
square__B_drop_worse_operator_2__s1,176,0,500
square__B_drop_worse_operator_2__s1,177,1,180
square__B_drop_worse_operator_2__s1,178,1,197
square__B_drop_worse_operator_2__s1,179,0,500
square__B_drop_worse_operator_2__s1,180,1,475
square__B_drop_worse_operator_2__s1,181,0,500
square__B_drop_worse_operator_2__s1,182,1,170
square__B_drop_worse_operator_2__s1,183,1,220
square__B_drop_worse_operator_2__s1,184,1,412
square__B_drop_worse_operator_2__s1,185,1,282
square__B_drop_worse_operator_2__s1,186,0,500
square__B_drop_worse_operator_2__s1,187,0,500
square__B_drop_worse_operator_2__s1,188,0,500
square__B_drop_worse_operator_2__s1,189,1,380
square__B_drop_worse_operator_2__s1,190,1,175
square__B_drop_worse_operator_2__s1,191,0,500
square__B_drop_worse_operator_2__s1,192,0,500
square__B_drop_worse_operator_2__s1,193,1,199
square__B_drop_worse_operator_2__s1,194,1,223
square__B_drop_worse_operator_2__s1,195,1,220
square__B_drop_worse_operator_2__s1,196,1,171
square__B_drop_worse_operator_2__s1,197,1,155
square__B_drop_worse_operator_2__s1,198,0,500
square__B_drop_worse_operator_2__s1,199,1,161
square__B_drop_worse_operator_2__s1,200,0,500
square__B_drop_worse_operator_2__s1,201,1,158
square__B_drop_worse_operator_2__s1,202,1,201
square__B_drop_worse_operator_2__s1,203,1,260
square__B_drop_worse_operator_2__s1,204,1,209
square__B_drop_worse_operator_2__s1,205,1,222
square__B_drop_worse_operator_2__s1,206,1,188
square__B_drop_worse_operator_2__s1,207,1,181
square__B_drop_worse_operator_2__s1,208,0,500
square__B_drop_worse_operator_2__s1,209,0,500
square__B_drop_worse_operator_2__s1,210,0,500
square__B_drop_worse_operator_2__s1,211,1,182
square__B_drop_worse_operator_2__s1,212,0,500
square__B_drop_worse_operator_2__s1,213,1,180
square__B_drop_worse_operator_2__s1,214,1,244
square__B_drop_worse_operator_2__s1,215,1,253
square__B_drop_worse_operator_2__s1,216,0,500
square__B_drop_worse_operator_2__s1,217,1,209
square__B_drop_worse_operator_2__s1,218,0,500
square__B_drop_worse_operator_2__s1,219,1,299
square__B_drop_worse_operator_2__s1,220,0,500
square__B_drop_worse_operator_2__s1,221,1,173
square__B_drop_worse_operator_2__s1,222,1,253
square__B_drop_worse_operator_2__s1,223,0,500
square__B_drop_worse_operator_2__s1,224,1,160
square__B_drop_worse_operator_2__s1,225,1,235
square__B_drop_worse_operator_2__s1,226,0,500
square__B_drop_worse_operator_2__s1,227,0,500
square__B_drop_worse_operator_2__s1,228,1,188
square__B_drop_worse_operator_2__s1,229,1,237
square__B_drop_worse_operator_2__s1,230,1,181
square__B_drop_worse_operator_2__s1,231,1,369
square__B_drop_worse_operator_2__s1,232,1,453
square__B_drop_worse_operator_2__s1,233,1,465
square__B_drop_worse_operator_2__s1,234,0,500
square__B_drop_worse_operator_2__s1,235,1,160
square__B_drop_worse_operator_2__s1,236,0,500
square__B_drop_worse_operator_2__s1,237,0,500
square__B_drop_worse_operator_2__s1,238,0,500
square__B_drop_worse_operator_2__s1,239,0,500
square__B_drop_worse_operator_2__s1,240,0,500
square__B_drop_worse_operator_2__s1,241,1,190
square__B_drop_worse_operator_2__s1,242,1,211
square__B_drop_worse_operator_2__s1,243,1,199
square__B_drop_worse_operator_2__s1,244,1,147
square__B_drop_worse_operator_2__s1,245,0,500
square__B_drop_worse_operator_2__s1,246,1,231
square__B_drop_worse_operator_2__s1,247,1,170
square__B_drop_worse_operator_2__s1,248,1,187
square__B_drop_worse_operator_2__s1,249,1,340
square__B_drop_worse_operator_2__s1,250,1,200
square__B_drop_worse_operator_2__s1,251,1,202
square__B_drop_worse_operator_2__s1,252,1,172
square__B_drop_worse_operator_2__s1,253,0,500
square__B_drop_worse_operator_2__s1,254,1,282
square__B_drop_worse_operator_2__s1,255,1,181
square__B_drop_worse_operator_2__s1,256,1,455
square__B_drop_worse_operator_2__s1,257,0,500
square__B_drop_worse_operator_2__s1,258,0,500
square__B_drop_worse_operator_2__s1,259,0,500
square__B_drop_worse_operator_2__s1,260,0,500
square__B_drop_worse_operator_2__s1,261,0,500
square__B_drop_worse_operator_2__s1,262,1,281
square__B_drop_worse_operator_2__s1,263,0,500
square__B_drop_worse_operator_2__s1,264,1,169
square__B_drop_worse_operator_2__s1,265,0,500
square__B_drop_worse_operator_2__s1,266,1,221
square__B_drop_worse_operator_2__s1,267,1,220
square__B_drop_worse_operator_2__s1,268,0,500
square__B_drop_worse_operator_2__s1,269,1,254
square__B_drop_worse_operator_2__s1,270,0,500
square__B_drop_worse_operator_2__s1,271,0,500
square__B_drop_worse_operator_2__s1,272,1,170
square__B_drop_worse_operator_2__s1,273,1,218
square__B_drop_worse_operator_2__s1,274,0,500
square__B_drop_worse_operator_2__s1,275,0,500
square__B_drop_worse_operator_2__s1,276,1,273
square__B_drop_worse_operator_2__s1,277,0,500
square__B_drop_worse_operator_2__s1,278,1,169
square__B_drop_worse_operator_2__s1,279,1,169
square__B_drop_worse_operator_2__s1,280,0,500
square__B_drop_worse_operator_2__s1,281,1,219
square__B_drop_worse_operator_2__s1,282,0,500
square__B_drop_worse_operator_2__s1,283,1,203
square__B_drop_worse_operator_2__s1,284,1,182
square__B_drop_worse_operator_2__s1,285,0,500
square__B_drop_worse_operator_2__s1,286,1,176
square__B_drop_worse_operator_2__s1,287,1,474
square__B_drop_worse_operator_2__s1,288,1,384
square__B_drop_worse_operator_2__s1,289,0,500
square__B_drop_worse_operator_2__s1,290,1,158
square__B_drop_worse_operator_2__s1,291,0,500
square__B_drop_worse_operator_2__s1,292,1,185
square__B_drop_worse_operator_2__s1,293,1,200
square__B_drop_worse_operator_2__s1,294,1,210
square__B_drop_worse_operator_2__s1,295,1,168
square__B_drop_worse_operator_2__s1,296,1,171
square__B_drop_worse_operator_2__s1,297,0,500
square__B_drop_worse_operator_2__s1,298,0,500
square__B_drop_worse_operator_2__s1,299,1,211
square__B_drop_worse_operator_2__s1,300,1,208
square__B_drop_worse_operator_2__s1,301,1,401
square__B_drop_worse_operator_2__s1,302,1,171
square__B_drop_worse_operator_2__s1,303,1,190
square__B_drop_worse_operator_2__s1,304,0,500
square__B_drop_worse_operator_2__s1,305,1,233
square__B_drop_worse_operator_2__s1,306,0,500
square__B_drop_worse_operator_2__s1,307,1,221
square__B_drop_worse_operator_2__s1,308,0,500
square__B_drop_worse_operator_2__s1,309,1,167
square__B_drop_worse_operator_2__s1,310,1,189
square__B_drop_worse_operator_2__s1,311,1,234
square__B_drop_worse_operator_2__s1,312,0,500
square__B_drop_worse_operator_2__s1,313,1,186
square__B_drop_worse_operator_2__s1,314,1,320
square__B_drop_worse_operator_2__s1,315,1,181
square__B_drop_worse_operator_2__s1,316,1,292
square__B_drop_worse_operator_2__s1,317,1,282
square__B_drop_worse_operator_2__s1,318,1,180
square__B_drop_worse_operator_2__s1,319,1,169
square__B_drop_worse_operator_2__s1,320,0,500
square__B_drop_worse_operator_2__s1,321,1,240
square__B_drop_worse_operator_2__s1,322,1,160
square__B_drop_worse_operator_2__s1,323,1,430
square__B_drop_worse_operator_2__s1,324,0,500
square__B_drop_worse_operator_2__s1,325,1,172
square__B_drop_worse_operator_2__s1,326,1,199
square__B_drop_worse_operator_2__s1,327,1,468
square__B_drop_worse_operator_2__s1,328,0,500
square__B_drop_worse_operator_2__s1,329,1,230
square__B_drop_worse_operator_2__s1,330,0,500
square__B_drop_worse_operator_2__s1,331,1,171
square__B_drop_worse_operator_2__s1,332,1,245
square__B_drop_worse_operator_2__s1,333,1,226
square__B_drop_worse_operator_2__s1,334,0,500
square__B_drop_worse_operator_2__s1,335,0,500
square__B_drop_worse_operator_2__s1,336,1,161
square__B_drop_worse_operator_2__s1,337,0,500
square__B_drop_worse_operator_2__s1,338,1,160
square__B_drop_worse_operator_2__s1,339,1,199
square__B_drop_worse_operator_2__s1,340,0,500
square__B_drop_worse_operator_2__s1,341,1,152
square__B_drop_worse_operator_2__s1,342,1,302
square__B_drop_worse_operator_2__s1,343,1,183
square__B_drop_worse_operator_2__s1,344,1,215
square__B_drop_worse_operator_2__s1,345,1,241
square__B_drop_worse_operator_2__s1,346,1,176
square__B_drop_worse_operator_2__s1,347,1,478
square__B_drop_worse_operator_2__s1,348,0,500
square__B_drop_worse_operator_2__s1,349,0,500
square__B_drop_worse_operator_2__s1,350,0,500
square__B_drop_worse_operator_2__s1,351,1,230
square__B_drop_worse_operator_2__s1,352,1,201
square__B_drop_worse_operator_2__s1,353,1,361
square__B_drop_worse_operator_2__s1,354,0,500
square__B_drop_worse_operator_2__s1,355,1,188
square__B_drop_worse_operator_2__s1,356,1,197
square__B_drop_worse_operator_2__s1,357,0,500
square__B_drop_worse_operator_2__s1,358,0,500
square__B_drop_worse_operator_2__s1,359,1,190
square__B_drop_worse_operator_2__s1,360,1,210
square__B_drop_worse_operator_2__s1,361,0,500
square__B_drop_worse_operator_2__s1,362,0,500
square__B_drop_worse_operator_2__s1,363,1,191
square__B_drop_worse_operator_2__s1,364,1,172
square__B_drop_worse_operator_2__s1,365,1,261
square__B_drop_worse_operator_2__s1,366,1,172
square__B_drop_worse_operator_2__s1,367,1,169
square__B_drop_worse_operator_2__s1,368,1,327
square__B_drop_worse_operator_2__s1,369,0,500
square__B_drop_worse_operator_2__s1,370,0,500
square__B_drop_worse_operator_2__s1,371,0,500
square__B_drop_worse_operator_2__s1,372,0,500
square__B_drop_worse_operator_2__s1,373,1,214
square__B_drop_worse_operator_2__s1,374,1,147
square__B_drop_worse_operator_2__s1,375,1,181
square__B_drop_worse_operator_2__s1,376,0,500
square__B_drop_worse_operator_2__s1,377,0,500
square__B_drop_worse_operator_2__s1,378,1,146
square__B_drop_worse_operator_2__s1,379,1,471
square__B_drop_worse_operator_2__s1,380,0,500
square__B_drop_worse_operator_2__s1,381,0,500
square__B_drop_worse_operator_2__s1,382,1,201
square__B_drop_worse_operator_2__s1,383,1,166
square__B_drop_worse_operator_2__s1,384,0,500
square__B_drop_worse_operator_2__s1,385,0,500
square__B_drop_worse_operator_2__s1,386,0,500
square__B_drop_worse_operator_2__s1,387,1,152
square__B_drop_worse_operator_2__s1,388,1,341
square__B_drop_worse_operator_2__s1,389,1,413
square__B_drop_worse_operator_2__s1,390,1,203
square__B_drop_worse_operator_2__s1,391,1,170
square__B_drop_worse_operator_2__s1,392,1,169
square__B_drop_worse_operator_2__s1,393,1,420
square__B_drop_worse_operator_2__s1,394,1,166
square__B_drop_worse_operator_2__s1,395,0,500
square__B_drop_worse_operator_2__s1,396,1,218
square__B_drop_worse_operator_2__s1,397,1,188
square__B_drop_worse_operator_2__s1,398,0,500
square__B_drop_worse_operator_2__s1,399,1,387
square__B_drop_worse_operator_2__s1,400,0,500
square__B_drop_worse_operator_2__s1,401,1,180
square__B_drop_worse_operator_2__s1,402,1,216
square__B_drop_worse_operator_2__s1,403,1,201
square__B_drop_worse_operator_2__s1,404,0,500
square__B_drop_worse_operator_2__s1,405,0,500
square__B_drop_worse_operator_2__s1,406,1,251
square__B_drop_worse_operator_2__s1,407,1,158
square__B_drop_worse_operator_2__s1,408,0,500
square__B_drop_worse_operator_2__s1,409,1,212
square__B_drop_worse_operator_2__s1,410,0,500
square__B_drop_worse_operator_2__s1,411,1,251
square__B_drop_worse_operator_2__s1,412,1,163
square__B_drop_worse_operator_2__s1,413,0,500
square__B_drop_worse_operator_2__s1,414,0,500
square__B_drop_worse_operator_2__s1,415,0,500
square__B_drop_worse_operator_2__s1,416,1,282
square__B_drop_worse_operator_2__s1,417,0,500
square__B_drop_worse_operator_2__s1,418,1,152
square__B_drop_worse_operator_2__s1,419,1,211
square__B_drop_worse_operator_2__s1,420,0,500
square__B_drop_worse_operator_2__s1,421,1,160
square__B_drop_worse_operator_2__s1,422,0,500
square__B_drop_worse_operator_2__s1,423,0,500
square__B_drop_worse_operator_2__s1,424,0,500
square__B_drop_worse_operator_2__s1,425,1,180
square__B_drop_worse_operator_2__s1,426,1,190
square__B_drop_worse_operator_2__s1,427,0,500
square__B_drop_worse_operator_2__s1,428,0,500
square__B_drop_worse_operator_2__s1,429,1,341
square__B_drop_worse_operator_2__s1,430,1,243
square__B_drop_worse_operator_2__s1,431,1,365
square__B_drop_worse_operator_2__s1,432,1,361
square__B_drop_worse_operator_2__s1,433,1,190
square__B_drop_worse_operator_2__s1,434,0,500
square__B_drop_worse_operator_2__s1,435,1,212
square__B_drop_worse_operator_2__s1,436,1,161
square__B_drop_worse_operator_2__s1,437,0,500
square__B_drop_worse_operator_2__s1,438,1,312
square__B_drop_worse_operator_2__s1,439,1,159
square__B_drop_worse_operator_2__s1,440,1,204
square__B_drop_worse_operator_2__s1,441,1,149
square__B_drop_worse_operator_2__s1,442,1,194
square__B_drop_worse_operator_2__s1,443,1,170
square__B_drop_worse_operator_2__s1,444,1,264
square__B_drop_worse_operator_2__s1,445,0,500
square__B_drop_worse_operator_2__s1,446,1,147
square__B_drop_worse_operator_2__s1,447,1,181
square__B_drop_worse_operator_2__s1,448,1,193
square__B_drop_worse_operator_2__s1,449,0,500
square__B_drop_worse_operator_2__s1,450,0,500
square__B_drop_worse_operator_2__s1,451,1,250
square__B_drop_worse_operator_2__s1,452,1,161
square__B_drop_worse_operator_2__s1,453,1,193
square__B_drop_worse_operator_2__s1,454,1,170
square__B_drop_worse_operator_2__s1,455,1,192
square__B_drop_worse_operator_2__s1,456,1,157
square__B_drop_worse_operator_2__s1,457,0,500
square__B_drop_worse_operator_2__s1,458,1,192
square__B_drop_worse_operator_2__s1,459,0,500
square__B_drop_worse_operator_2__s1,460,1,251
square__B_drop_worse_operator_2__s1,461,1,220
square__B_drop_worse_operator_2__s1,462,1,233
square__B_drop_worse_operator_2__s1,463,1,186
square__B_drop_worse_operator_2__s1,464,0,500
square__B_drop_worse_operator_2__s1,465,1,202
square__B_drop_worse_operator_2__s1,466,1,179
square__B_drop_worse_operator_2__s1,467,0,500
square__B_drop_worse_operator_2__s1,468,1,290
square__B_drop_worse_operator_2__s1,469,1,200
square__B_drop_worse_operator_2__s1,470,0,500
square__B_drop_worse_operator_2__s1,471,1,169
square__B_drop_worse_operator_2__s1,472,1,218
square__B_drop_worse_operator_2__s1,473,0,500
square__B_drop_worse_operator_2__s1,474,1,177
square__B_drop_worse_operator_2__s1,475,1,223
square__B_drop_worse_operator_2__s1,476,1,191
square__B_drop_worse_operator_2__s1,477,0,500
square__B_drop_worse_operator_2__s1,478,1,303
square__B_drop_worse_operator_2__s1,479,0,500
square__B_drop_worse_operator_2__s1,480,1,172
square__B_drop_worse_operator_2__s1,481,1,163
square__B_drop_worse_operator_2__s1,482,1,411
square__B_drop_worse_operator_2__s1,483,1,172
square__B_drop_worse_operator_2__s1,484,1,241
square__B_drop_worse_operator_2__s1,485,1,179
square__B_drop_worse_operator_2__s1,486,1,189
square__B_drop_worse_operator_2__s1,487,1,179
square__B_drop_worse_operator_2__s1,488,0,500
square__B_drop_worse_operator_2__s1,489,0,500
square__B_drop_worse_operator_2__s1,490,1,190
square__B_drop_worse_operator_2__s1,491,1,161
square__B_drop_worse_operator_2__s1,492,0,500
square__B_drop_worse_operator_2__s1,493,1,359
square__B_drop_worse_operator_2__s1,494,0,500
square__B_drop_worse_operator_2__s1,495,1,167
square__B_drop_worse_operator_2__s1,496,1,305
square__B_drop_worse_operator_2__s1,497,1,250
square__B_drop_worse_operator_2__s1,498,1,202
square__B_drop_worse_operator_2__s1,499,0,500
square__B_drop_worse_operator_2__s2,0,1,415
square__B_drop_worse_operator_2__s2,1,0,500
square__B_drop_worse_operator_2__s2,2,0,500
square__B_drop_worse_operator_2__s2,3,1,233
square__B_drop_worse_operator_2__s2,4,0,500
square__B_drop_worse_operator_2__s2,5,0,500
square__B_drop_worse_operator_2__s2,6,1,159
square__B_drop_worse_operator_2__s2,7,1,193
square__B_drop_worse_operator_2__s2,8,1,273
square__B_drop_worse_operator_2__s2,9,0,500
square__B_drop_worse_operator_2__s2,10,1,159
square__B_drop_worse_operator_2__s2,11,1,262
square__B_drop_worse_operator_2__s2,12,0,500
square__B_drop_worse_operator_2__s2,13,1,172
square__B_drop_worse_operator_2__s2,14,1,461
square__B_drop_worse_operator_2__s2,15,0,500
square__B_drop_worse_operator_2__s2,16,0,500
square__B_drop_worse_operator_2__s2,17,0,500
square__B_drop_worse_operator_2__s2,18,1,202
square__B_drop_worse_operator_2__s2,19,0,500
square__B_drop_worse_operator_2__s2,20,0,500
square__B_drop_worse_operator_2__s2,21,0,500
square__B_drop_worse_operator_2__s2,22,1,206
square__B_drop_worse_operator_2__s2,23,1,327
square__B_drop_worse_operator_2__s2,24,1,313
square__B_drop_worse_operator_2__s2,25,1,189
square__B_drop_worse_operator_2__s2,26,1,269
square__B_drop_worse_operator_2__s2,27,0,500
square__B_drop_worse_operator_2__s2,28,1,190
square__B_drop_worse_operator_2__s2,29,1,273
square__B_drop_worse_operator_2__s2,30,0,500
square__B_drop_worse_operator_2__s2,31,1,251
square__B_drop_worse_operator_2__s2,32,1,166
square__B_drop_worse_operator_2__s2,33,1,152
square__B_drop_worse_operator_2__s2,34,1,212
square__B_drop_worse_operator_2__s2,35,1,281
square__B_drop_worse_operator_2__s2,36,1,390
square__B_drop_worse_operator_2__s2,37,0,500
square__B_drop_worse_operator_2__s2,38,0,500
square__B_drop_worse_operator_2__s2,39,1,161
square__B_drop_worse_operator_2__s2,40,1,182
square__B_drop_worse_operator_2__s2,41,1,169
square__B_drop_worse_operator_2__s2,42,1,163
square__B_drop_worse_operator_2__s2,43,0,500
square__B_drop_worse_operator_2__s2,44,1,210
square__B_drop_worse_operator_2__s2,45,1,183
square__B_drop_worse_operator_2__s2,46,1,229
square__B_drop_worse_operator_2__s2,47,1,393
square__B_drop_worse_operator_2__s2,48,0,500
square__B_drop_worse_operator_2__s2,49,1,199
square__B_drop_worse_operator_2__s2,50,1,220
square__B_drop_worse_operator_2__s2,51,1,196
square__B_drop_worse_operator_2__s2,52,1,244
square__B_drop_worse_operator_2__s2,53,1,204
square__B_drop_worse_operator_2__s2,54,0,500
square__B_drop_worse_operator_2__s2,55,0,500
square__B_drop_worse_operator_2__s2,56,1,171
square__B_drop_worse_operator_2__s2,57,1,173
square__B_drop_worse_operator_2__s2,58,1,142
square__B_drop_worse_operator_2__s2,59,0,500
square__B_drop_worse_operator_2__s2,60,1,207
square__B_drop_worse_operator_2__s2,61,0,500
square__B_drop_worse_operator_2__s2,62,1,492
square__B_drop_worse_operator_2__s2,63,1,250
square__B_drop_worse_operator_2__s2,64,1,334
square__B_drop_worse_operator_2__s2,65,1,202
square__B_drop_worse_operator_2__s2,66,1,194
square__B_drop_worse_operator_2__s2,67,1,330
square__B_drop_worse_operator_2__s2,68,1,171
square__B_drop_worse_operator_2__s2,69,1,241
square__B_drop_worse_operator_2__s2,70,0,500
square__B_drop_worse_operator_2__s2,71,1,165
square__B_drop_worse_operator_2__s2,72,0,500
square__B_drop_worse_operator_2__s2,73,1,151
square__B_drop_worse_operator_2__s2,74,0,500
square__B_drop_worse_operator_2__s2,75,0,500
square__B_drop_worse_operator_2__s2,76,0,500
square__B_drop_worse_operator_2__s2,77,1,313
square__B_drop_worse_operator_2__s2,78,1,155
square__B_drop_worse_operator_2__s2,79,0,500
square__B_drop_worse_operator_2__s2,80,1,173
square__B_drop_worse_operator_2__s2,81,1,190
square__B_drop_worse_operator_2__s2,82,1,233
square__B_drop_worse_operator_2__s2,83,1,160
square__B_drop_worse_operator_2__s2,84,1,191
square__B_drop_worse_operator_2__s2,85,0,500
square__B_drop_worse_operator_2__s2,86,0,500
square__B_drop_worse_operator_2__s2,87,1,310
square__B_drop_worse_operator_2__s2,88,1,316
square__B_drop_worse_operator_2__s2,89,1,210
square__B_drop_worse_operator_2__s2,90,1,201
square__B_drop_worse_operator_2__s2,91,1,288
square__B_drop_worse_operator_2__s2,92,1,240
square__B_drop_worse_operator_2__s2,93,0,500
square__B_drop_worse_operator_2__s2,94,0,500
square__B_drop_worse_operator_2__s2,95,1,276
square__B_drop_worse_operator_2__s2,96,1,172
square__B_drop_worse_operator_2__s2,97,1,347
square__B_drop_worse_operator_2__s2,98,0,500
square__B_drop_worse_operator_2__s2,99,1,178
square__B_drop_worse_operator_2__s2,100,1,207
square__B_drop_worse_operator_2__s2,101,1,461
square__B_drop_worse_operator_2__s2,102,1,334
square__B_drop_worse_operator_2__s2,103,1,207
square__B_drop_worse_operator_2__s2,104,0,500
square__B_drop_worse_operator_2__s2,105,1,206
square__B_drop_worse_operator_2__s2,106,0,500
square__B_drop_worse_operator_2__s2,107,0,500
square__B_drop_worse_operator_2__s2,108,1,243
square__B_drop_worse_operator_2__s2,109,0,500
square__B_drop_worse_operator_2__s2,110,0,500
square__B_drop_worse_operator_2__s2,111,1,257
square__B_drop_worse_operator_2__s2,112,1,173
square__B_drop_worse_operator_2__s2,113,1,385
square__B_drop_worse_operator_2__s2,114,0,500
square__B_drop_worse_operator_2__s2,115,0,500
square__B_drop_worse_operator_2__s2,116,1,180
square__B_drop_worse_operator_2__s2,117,0,500
square__B_drop_worse_operator_2__s2,118,1,258
square__B_drop_worse_operator_2__s2,119,0,500
square__B_drop_worse_operator_2__s2,120,1,245
square__B_drop_worse_operator_2__s2,121,0,500
square__B_drop_worse_operator_2__s2,122,0,500
square__B_drop_worse_operator_2__s2,123,1,188
square__B_drop_worse_operator_2__s2,124,0,500
square__B_drop_worse_operator_2__s2,125,0,500
square__B_drop_worse_operator_2__s2,126,1,233
square__B_drop_worse_operator_2__s2,127,1,213
square__B_drop_worse_operator_2__s2,128,0,500
square__B_drop_worse_operator_2__s2,129,0,500
square__B_drop_worse_operator_2__s2,130,1,204
square__B_drop_worse_operator_2__s2,131,1,211
square__B_drop_worse_operator_2__s2,132,0,500
square__B_drop_worse_operator_2__s2,133,1,408
square__B_drop_worse_operator_2__s2,134,1,195
square__B_drop_worse_operator_2__s2,135,1,161
square__B_drop_worse_operator_2__s2,136,0,500
square__B_drop_worse_operator_2__s2,137,1,188
square__B_drop_worse_operator_2__s2,138,1,149
square__B_drop_worse_operator_2__s2,139,1,221
square__B_drop_worse_operator_2__s2,140,0,500
square__B_drop_worse_operator_2__s2,141,1,200
square__B_drop_worse_operator_2__s2,142,1,157
square__B_drop_worse_operator_2__s2,143,1,242
square__B_drop_worse_operator_2__s2,144,1,213
square__B_drop_worse_operator_2__s2,145,1,176
square__B_drop_worse_operator_2__s2,146,1,181
square__B_drop_worse_operator_2__s2,147,1,349
square__B_drop_worse_operator_2__s2,148,0,500
square__B_drop_worse_operator_2__s2,149,0,500
square__B_drop_worse_operator_2__s2,150,1,308
square__B_drop_worse_operator_2__s2,151,1,215
square__B_drop_worse_operator_2__s2,152,1,180
square__B_drop_worse_operator_2__s2,153,0,500
square__B_drop_worse_operator_2__s2,154,1,169
square__B_drop_worse_operator_2__s2,155,0,500
square__B_drop_worse_operator_2__s2,156,1,324
square__B_drop_worse_operator_2__s2,157,0,500
square__B_drop_worse_operator_2__s2,158,1,314
square__B_drop_worse_operator_2__s2,159,0,500
square__B_drop_worse_operator_2__s2,160,1,159
square__B_drop_worse_operator_2__s2,161,1,181
square__B_drop_worse_operator_2__s2,162,1,228
square__B_drop_worse_operator_2__s2,163,0,500
square__B_drop_worse_operator_2__s2,164,0,500
square__B_drop_worse_operator_2__s2,165,1,226
square__B_drop_worse_operator_2__s2,166,0,500
square__B_drop_worse_operator_2__s2,167,0,500
square__B_drop_worse_operator_2__s2,168,0,500
square__B_drop_worse_operator_2__s2,169,1,263
square__B_drop_worse_operator_2__s2,170,1,209
square__B_drop_worse_operator_2__s2,171,1,410
square__B_drop_worse_operator_2__s2,172,0,500
square__B_drop_worse_operator_2__s2,173,0,500
square__B_drop_worse_operator_2__s2,174,1,159
square__B_drop_worse_operator_2__s2,175,1,182
square__B_drop_worse_operator_2__s2,176,0,500
square__B_drop_worse_operator_2__s2,177,0,500
square__B_drop_worse_operator_2__s2,178,1,278
square__B_drop_worse_operator_2__s2,179,0,500
square__B_drop_worse_operator_2__s2,180,1,161
square__B_drop_worse_operator_2__s2,181,1,220
square__B_drop_worse_operator_2__s2,182,0,500
square__B_drop_worse_operator_2__s2,183,1,390
square__B_drop_worse_operator_2__s2,184,0,500
square__B_drop_worse_operator_2__s2,185,1,190
square__B_drop_worse_operator_2__s2,186,1,382
square__B_drop_worse_operator_2__s2,187,1,280
square__B_drop_worse_operator_2__s2,188,0,500
square__B_drop_worse_operator_2__s2,189,0,500
square__B_drop_worse_operator_2__s2,190,1,299
square__B_drop_worse_operator_2__s2,191,1,228
square__B_drop_worse_operator_2__s2,192,0,500
square__B_drop_worse_operator_2__s2,193,1,279
square__B_drop_worse_operator_2__s2,194,1,261
square__B_drop_worse_operator_2__s2,195,1,316
square__B_drop_worse_operator_2__s2,196,1,150
square__B_drop_worse_operator_2__s2,197,1,399
square__B_drop_worse_operator_2__s2,198,1,231
square__B_drop_worse_operator_2__s2,199,1,160
square__B_drop_worse_operator_2__s2,200,0,500
square__B_drop_worse_operator_2__s2,201,1,177
square__B_drop_worse_operator_2__s2,202,1,179
square__B_drop_worse_operator_2__s2,203,1,181
square__B_drop_worse_operator_2__s2,204,1,400
square__B_drop_worse_operator_2__s2,205,1,262
square__B_drop_worse_operator_2__s2,206,1,321
square__B_drop_worse_operator_2__s2,207,0,500
square__B_drop_worse_operator_2__s2,208,0,500
square__B_drop_worse_operator_2__s2,209,0,500
square__B_drop_worse_operator_2__s2,210,0,500
square__B_drop_worse_operator_2__s2,211,1,396
square__B_drop_worse_operator_2__s2,212,0,500
square__B_drop_worse_operator_2__s2,213,0,500
square__B_drop_worse_operator_2__s2,214,1,271
square__B_drop_worse_operator_2__s2,215,1,235
square__B_drop_worse_operator_2__s2,216,0,500
square__B_drop_worse_operator_2__s2,217,1,311
square__B_drop_worse_operator_2__s2,218,0,500
square__B_drop_worse_operator_2__s2,219,1,270
square__B_drop_worse_operator_2__s2,220,1,213
square__B_drop_worse_operator_2__s2,221,0,500
square__B_drop_worse_operator_2__s2,222,1,294
square__B_drop_worse_operator_2__s2,223,0,500
square__B_drop_worse_operator_2__s2,224,0,500
square__B_drop_worse_operator_2__s2,225,0,500
square__B_drop_worse_operator_2__s2,226,0,500
square__B_drop_worse_operator_2__s2,227,0,500
square__B_drop_worse_operator_2__s2,228,1,179
square__B_drop_worse_operator_2__s2,229,1,232
square__B_drop_worse_operator_2__s2,230,1,199
square__B_drop_worse_operator_2__s2,231,1,450
square__B_drop_worse_operator_2__s2,232,0,500
square__B_drop_worse_operator_2__s2,233,1,188
square__B_drop_worse_operator_2__s2,234,0,500
square__B_drop_worse_operator_2__s2,235,1,393
square__B_drop_worse_operator_2__s2,236,1,333
square__B_drop_worse_operator_2__s2,237,1,220
square__B_drop_worse_operator_2__s2,238,1,246
square__B_drop_worse_operator_2__s2,239,0,500
square__B_drop_worse_operator_2__s2,240,1,247
square__B_drop_worse_operator_2__s2,241,1,262
square__B_drop_worse_operator_2__s2,242,1,175
square__B_drop_worse_operator_2__s2,243,1,187
square__B_drop_worse_operator_2__s2,244,1,152
square__B_drop_worse_operator_2__s2,245,1,189
square__B_drop_worse_operator_2__s2,246,1,151
square__B_drop_worse_operator_2__s2,247,1,211
square__B_drop_worse_operator_2__s2,248,1,361
square__B_drop_worse_operator_2__s2,249,1,171
square__B_drop_worse_operator_2__s2,250,0,500
square__B_drop_worse_operator_2__s2,251,1,272
square__B_drop_worse_operator_2__s2,252,1,198
square__B_drop_worse_operator_2__s2,253,1,181
square__B_drop_worse_operator_2__s2,254,1,186
square__B_drop_worse_operator_2__s2,255,1,399
square__B_drop_worse_operator_2__s2,256,1,315
square__B_drop_worse_operator_2__s2,257,0,500
square__B_drop_worse_operator_2__s2,258,1,193
square__B_drop_worse_operator_2__s2,259,1,418
square__B_drop_worse_operator_2__s2,260,0,500
square__B_drop_worse_operator_2__s2,261,0,500
square__B_drop_worse_operator_2__s2,262,1,243
square__B_drop_worse_operator_2__s2,263,0,500
square__B_drop_worse_operator_2__s2,264,1,165
square__B_drop_worse_operator_2__s2,265,0,500
square__B_drop_worse_operator_2__s2,266,1,467
square__B_drop_worse_operator_2__s2,267,1,198
square__B_drop_worse_operator_2__s2,268,0,500
square__B_drop_worse_operator_2__s2,269,1,348
square__B_drop_worse_operator_2__s2,270,1,177
square__B_drop_worse_operator_2__s2,271,0,500
square__B_drop_worse_operator_2__s2,272,1,178
square__B_drop_worse_operator_2__s2,273,1,402
square__B_drop_worse_operator_2__s2,274,0,500
square__B_drop_worse_operator_2__s2,275,1,169
square__B_drop_worse_operator_2__s2,276,1,323
square__B_drop_worse_operator_2__s2,277,1,288
square__B_drop_worse_operator_2__s2,278,1,179
square__B_drop_worse_operator_2__s2,279,0,500
square__B_drop_worse_operator_2__s2,280,1,269
square__B_drop_worse_operator_2__s2,281,1,301
square__B_drop_worse_operator_2__s2,282,0,500
square__B_drop_worse_operator_2__s2,283,1,391
square__B_drop_worse_operator_2__s2,284,1,192
square__B_drop_worse_operator_2__s2,285,1,309
square__B_drop_worse_operator_2__s2,286,1,188
square__B_drop_worse_operator_2__s2,287,1,272
square__B_drop_worse_operator_2__s2,288,1,468
square__B_drop_worse_operator_2__s2,289,1,212
square__B_drop_worse_operator_2__s2,290,1,321
square__B_drop_worse_operator_2__s2,291,1,438
square__B_drop_worse_operator_2__s2,292,1,189
square__B_drop_worse_operator_2__s2,293,1,198
square__B_drop_worse_operator_2__s2,294,0,500
square__B_drop_worse_operator_2__s2,295,1,140
square__B_drop_worse_operator_2__s2,296,1,419
square__B_drop_worse_operator_2__s2,297,1,168
square__B_drop_worse_operator_2__s2,298,1,201
square__B_drop_worse_operator_2__s2,299,1,232
square__B_drop_worse_operator_2__s2,300,0,500
square__B_drop_worse_operator_2__s2,301,1,251
square__B_drop_worse_operator_2__s2,302,1,219
square__B_drop_worse_operator_2__s2,303,1,159
square__B_drop_worse_operator_2__s2,304,1,420
square__B_drop_worse_operator_2__s2,305,1,209
square__B_drop_worse_operator_2__s2,306,0,500
square__B_drop_worse_operator_2__s2,307,0,500
square__B_drop_worse_operator_2__s2,308,1,203
square__B_drop_worse_operator_2__s2,309,0,500
square__B_drop_worse_operator_2__s2,310,0,500
square__B_drop_worse_operator_2__s2,311,0,500
square__B_drop_worse_operator_2__s2,312,1,195
square__B_drop_worse_operator_2__s2,313,1,198
square__B_drop_worse_operator_2__s2,314,1,161
square__B_drop_worse_operator_2__s2,315,1,277
square__B_drop_worse_operator_2__s2,316,1,414
square__B_drop_worse_operator_2__s2,317,1,230
square__B_drop_worse_operator_2__s2,318,1,341
square__B_drop_worse_operator_2__s2,319,1,261
square__B_drop_worse_operator_2__s2,320,0,500
square__B_drop_worse_operator_2__s2,321,1,341
square__B_drop_worse_operator_2__s2,322,1,159
square__B_drop_worse_operator_2__s2,323,1,214
square__B_drop_worse_operator_2__s2,324,0,500
square__B_drop_worse_operator_2__s2,325,1,320
square__B_drop_worse_operator_2__s2,326,0,500
square__B_drop_worse_operator_2__s2,327,0,500
square__B_drop_worse_operator_2__s2,328,0,500
square__B_drop_worse_operator_2__s2,329,0,500
square__B_drop_worse_operator_2__s2,330,0,500
square__B_drop_worse_operator_2__s2,331,0,500
square__B_drop_worse_operator_2__s2,332,0,500
square__B_drop_worse_operator_2__s2,333,1,211
square__B_drop_worse_operator_2__s2,334,0,500
square__B_drop_worse_operator_2__s2,335,1,374
square__B_drop_worse_operator_2__s2,336,1,256
square__B_drop_worse_operator_2__s2,337,1,460
square__B_drop_worse_operator_2__s2,338,1,202
square__B_drop_worse_operator_2__s2,339,1,156
square__B_drop_worse_operator_2__s2,340,0,500
square__B_drop_worse_operator_2__s2,341,0,500
square__B_drop_worse_operator_2__s2,342,1,358
square__B_drop_worse_operator_2__s2,343,1,148
square__B_drop_worse_operator_2__s2,344,0,500
square__B_drop_worse_operator_2__s2,345,1,229
square__B_drop_worse_operator_2__s2,346,1,156
square__B_drop_worse_operator_2__s2,347,0,500
square__B_drop_worse_operator_2__s2,348,1,221
square__B_drop_worse_operator_2__s2,349,0,500
square__B_drop_worse_operator_2__s2,350,0,500
square__B_drop_worse_operator_2__s2,351,0,500
square__B_drop_worse_operator_2__s2,352,1,167
square__B_drop_worse_operator_2__s2,353,0,500
square__B_drop_worse_operator_2__s2,354,0,500
square__B_drop_worse_operator_2__s2,355,1,170
square__B_drop_worse_operator_2__s2,356,1,257
square__B_drop_worse_operator_2__s2,357,1,218
square__B_drop_worse_operator_2__s2,358,0,500
square__B_drop_worse_operator_2__s2,359,1,339
square__B_drop_worse_operator_2__s2,360,1,201
square__B_drop_worse_operator_2__s2,361,1,140
square__B_drop_worse_operator_2__s2,362,0,500
square__B_drop_worse_operator_2__s2,363,1,190
square__B_drop_worse_operator_2__s2,364,0,500
square__B_drop_worse_operator_2__s2,365,0,500
square__B_drop_worse_operator_2__s2,366,0,500
square__B_drop_worse_operator_2__s2,367,1,176
square__B_drop_worse_operator_2__s2,368,0,500
square__B_drop_worse_operator_2__s2,369,1,182
square__B_drop_worse_operator_2__s2,370,0,500
square__B_drop_worse_operator_2__s2,371,0,500
square__B_drop_worse_operator_2__s2,372,1,257
square__B_drop_worse_operator_2__s2,373,1,218
square__B_drop_worse_operator_2__s2,374,0,500
square__B_drop_worse_operator_2__s2,375,1,331
square__B_drop_worse_operator_2__s2,376,1,208
square__B_drop_worse_operator_2__s2,377,0,500
square__B_drop_worse_operator_2__s2,378,0,500
square__B_drop_worse_operator_2__s2,379,1,253
square__B_drop_worse_operator_2__s2,380,1,362
square__B_drop_worse_operator_2__s2,381,0,500
square__B_drop_worse_operator_2__s2,382,1,219
square__B_drop_worse_operator_2__s2,383,1,209
square__B_drop_worse_operator_2__s2,384,1,332
square__B_drop_worse_operator_2__s2,385,1,335
square__B_drop_worse_operator_2__s2,386,0,500
square__B_drop_worse_operator_2__s2,387,1,175
square__B_drop_worse_operator_2__s2,388,1,319
square__B_drop_worse_operator_2__s2,389,0,500
square__B_drop_worse_operator_2__s2,390,0,500
square__B_drop_worse_operator_2__s2,391,1,351
square__B_drop_worse_operator_2__s2,392,1,398
square__B_drop_worse_operator_2__s2,393,0,500
square__B_drop_worse_operator_2__s2,394,1,243
square__B_drop_worse_operator_2__s2,395,1,202
square__B_drop_worse_operator_2__s2,396,1,195
square__B_drop_worse_operator_2__s2,397,1,189
square__B_drop_worse_operator_2__s2,398,0,500
square__B_drop_worse_operator_2__s2,399,1,181
square__B_drop_worse_operator_2__s2,400,1,249
square__B_drop_worse_operator_2__s2,401,0,500
square__B_drop_worse_operator_2__s2,402,0,500
square__B_drop_worse_operator_2__s2,403,1,243
square__B_drop_worse_operator_2__s2,404,1,185
square__B_drop_worse_operator_2__s2,405,1,191
square__B_drop_worse_operator_2__s2,406,0,500
square__B_drop_worse_operator_2__s2,407,1,201
square__B_drop_worse_operator_2__s2,408,0,500
square__B_drop_worse_operator_2__s2,409,1,223
square__B_drop_worse_operator_2__s2,410,0,500
square__B_drop_worse_operator_2__s2,411,0,500
square__B_drop_worse_operator_2__s2,412,1,155
square__B_drop_worse_operator_2__s2,413,0,500
square__B_drop_worse_operator_2__s2,414,1,167
square__B_drop_worse_operator_2__s2,415,1,273
square__B_drop_worse_operator_2__s2,416,1,168
square__B_drop_worse_operator_2__s2,417,1,231
square__B_drop_worse_operator_2__s2,418,1,200
square__B_drop_worse_operator_2__s2,419,1,222
square__B_drop_worse_operator_2__s2,420,0,500
square__B_drop_worse_operator_2__s2,421,1,208
square__B_drop_worse_operator_2__s2,422,0,500
square__B_drop_worse_operator_2__s2,423,0,500
square__B_drop_worse_operator_2__s2,424,0,500
square__B_drop_worse_operator_2__s2,425,0,500
square__B_drop_worse_operator_2__s2,426,0,500
square__B_drop_worse_operator_2__s2,427,1,317
square__B_drop_worse_operator_2__s2,428,1,352
square__B_drop_worse_operator_2__s2,429,1,158
square__B_drop_worse_operator_2__s2,430,1,244
square__B_drop_worse_operator_2__s2,431,1,177
square__B_drop_worse_operator_2__s2,432,0,500
square__B_drop_worse_operator_2__s2,433,0,500
square__B_drop_worse_operator_2__s2,434,0,500
square__B_drop_worse_operator_2__s2,435,1,181
square__B_drop_worse_operator_2__s2,436,1,158
square__B_drop_worse_operator_2__s2,437,0,500
square__B_drop_worse_operator_2__s2,438,1,232
square__B_drop_worse_operator_2__s2,439,1,150
square__B_drop_worse_operator_2__s2,440,1,190
square__B_drop_worse_operator_2__s2,441,1,150
square__B_drop_worse_operator_2__s2,442,0,500
square__B_drop_worse_operator_2__s2,443,0,500
square__B_drop_worse_operator_2__s2,444,1,254
square__B_drop_worse_operator_2__s2,445,1,455
square__B_drop_worse_operator_2__s2,446,0,500
square__B_drop_worse_operator_2__s2,447,0,500
square__B_drop_worse_operator_2__s2,448,0,500
square__B_drop_worse_operator_2__s2,449,1,148
square__B_drop_worse_operator_2__s2,450,1,161
square__B_drop_worse_operator_2__s2,451,1,222
square__B_drop_worse_operator_2__s2,452,0,500
square__B_drop_worse_operator_2__s2,453,1,167
square__B_drop_worse_operator_2__s2,454,1,179
square__B_drop_worse_operator_2__s2,455,0,500
square__B_drop_worse_operator_2__s2,456,0,500
square__B_drop_worse_operator_2__s2,457,1,200
square__B_drop_worse_operator_2__s2,458,1,184
square__B_drop_worse_operator_2__s2,459,1,188
square__B_drop_worse_operator_2__s2,460,1,150
square__B_drop_worse_operator_2__s2,461,1,219
square__B_drop_worse_operator_2__s2,462,1,322
square__B_drop_worse_operator_2__s2,463,1,394
square__B_drop_worse_operator_2__s2,464,1,251
square__B_drop_worse_operator_2__s2,465,0,500
square__B_drop_worse_operator_2__s2,466,1,280
square__B_drop_worse_operator_2__s2,467,0,500
square__B_drop_worse_operator_2__s2,468,0,500
square__B_drop_worse_operator_2__s2,469,0,500
square__B_drop_worse_operator_2__s2,470,1,258
square__B_drop_worse_operator_2__s2,471,1,354
square__B_drop_worse_operator_2__s2,472,0,500
square__B_drop_worse_operator_2__s2,473,1,194
square__B_drop_worse_operator_2__s2,474,0,500
square__B_drop_worse_operator_2__s2,475,1,195
square__B_drop_worse_operator_2__s2,476,1,321
square__B_drop_worse_operator_2__s2,477,1,296
square__B_drop_worse_operator_2__s2,478,1,418
square__B_drop_worse_operator_2__s2,479,1,473
square__B_drop_worse_operator_2__s2,480,1,226
square__B_drop_worse_operator_2__s2,481,1,261
square__B_drop_worse_operator_2__s2,482,0,500
square__B_drop_worse_operator_2__s2,483,1,172
square__B_drop_worse_operator_2__s2,484,1,420
square__B_drop_worse_operator_2__s2,485,1,215
square__B_drop_worse_operator_2__s2,486,0,500
square__B_drop_worse_operator_2__s2,487,1,248
square__B_drop_worse_operator_2__s2,488,0,500
square__B_drop_worse_operator_2__s2,489,0,500
square__B_drop_worse_operator_2__s2,490,1,199
square__B_drop_worse_operator_2__s2,491,0,500
square__B_drop_worse_operator_2__s2,492,1,212
square__B_drop_worse_operator_2__s2,493,0,500
square__B_drop_worse_operator_2__s2,494,0,500
square__B_drop_worse_operator_2__s2,495,1,203
square__B_drop_worse_operator_2__s2,496,0,500
square__B_drop_worse_operator_2__s2,497,1,169
square__B_drop_worse_operator_2__s2,498,1,199
square__B_drop_worse_operator_2__s2,499,0,500
square__B_drop_worse_operator_2__s3,0,1,178
square__B_drop_worse_operator_2__s3,1,1,353
square__B_drop_worse_operator_2__s3,2,0,500
square__B_drop_worse_operator_2__s3,3,0,500
square__B_drop_worse_operator_2__s3,4,0,500
square__B_drop_worse_operator_2__s3,5,0,500
square__B_drop_worse_operator_2__s3,6,0,500
square__B_drop_worse_operator_2__s3,7,0,500
square__B_drop_worse_operator_2__s3,8,0,500
square__B_drop_worse_operator_2__s3,9,1,216
square__B_drop_worse_operator_2__s3,10,0,500
square__B_drop_worse_operator_2__s3,11,1,256
square__B_drop_worse_operator_2__s3,12,0,500
square__B_drop_worse_operator_2__s3,13,0,500
square__B_drop_worse_operator_2__s3,14,1,204
square__B_drop_worse_operator_2__s3,15,1,190
square__B_drop_worse_operator_2__s3,16,1,198
square__B_drop_worse_operator_2__s3,17,1,188
square__B_drop_worse_operator_2__s3,18,1,230
square__B_drop_worse_operator_2__s3,19,1,310
square__B_drop_worse_operator_2__s3,20,0,500
square__B_drop_worse_operator_2__s3,21,0,500
square__B_drop_worse_operator_2__s3,22,0,500
square__B_drop_worse_operator_2__s3,23,1,265
square__B_drop_worse_operator_2__s3,24,1,329
square__B_drop_worse_operator_2__s3,25,1,302
square__B_drop_worse_operator_2__s3,26,1,320
square__B_drop_worse_operator_2__s3,27,1,323
square__B_drop_worse_operator_2__s3,28,0,500
square__B_drop_worse_operator_2__s3,29,1,142
square__B_drop_worse_operator_2__s3,30,1,319
square__B_drop_worse_operator_2__s3,31,0,500
square__B_drop_worse_operator_2__s3,32,1,206
square__B_drop_worse_operator_2__s3,33,0,500
square__B_drop_worse_operator_2__s3,34,1,177
square__B_drop_worse_operator_2__s3,35,1,212
square__B_drop_worse_operator_2__s3,36,1,328
square__B_drop_worse_operator_2__s3,37,1,348
square__B_drop_worse_operator_2__s3,38,0,500
square__B_drop_worse_operator_2__s3,39,1,199
square__B_drop_worse_operator_2__s3,40,1,251
square__B_drop_worse_operator_2__s3,41,1,235
square__B_drop_worse_operator_2__s3,42,0,500
square__B_drop_worse_operator_2__s3,43,1,452
square__B_drop_worse_operator_2__s3,44,0,500
square__B_drop_worse_operator_2__s3,45,1,230
square__B_drop_worse_operator_2__s3,46,0,500
square__B_drop_worse_operator_2__s3,47,0,500
square__B_drop_worse_operator_2__s3,48,0,500
square__B_drop_worse_operator_2__s3,49,0,500
square__B_drop_worse_operator_2__s3,50,1,235
square__B_drop_worse_operator_2__s3,51,1,247
square__B_drop_worse_operator_2__s3,52,1,279
square__B_drop_worse_operator_2__s3,53,0,500
square__B_drop_worse_operator_2__s3,54,1,312
square__B_drop_worse_operator_2__s3,55,0,500
square__B_drop_worse_operator_2__s3,56,1,339
square__B_drop_worse_operator_2__s3,57,1,219
square__B_drop_worse_operator_2__s3,58,0,500
square__B_drop_worse_operator_2__s3,59,1,202
square__B_drop_worse_operator_2__s3,60,1,241
square__B_drop_worse_operator_2__s3,61,1,160
square__B_drop_worse_operator_2__s3,62,1,405
square__B_drop_worse_operator_2__s3,63,1,192
square__B_drop_worse_operator_2__s3,64,0,500
square__B_drop_worse_operator_2__s3,65,1,149
square__B_drop_worse_operator_2__s3,66,0,500
square__B_drop_worse_operator_2__s3,67,0,500
square__B_drop_worse_operator_2__s3,68,1,160
square__B_drop_worse_operator_2__s3,69,1,169
square__B_drop_worse_operator_2__s3,70,0,500
square__B_drop_worse_operator_2__s3,71,1,164
square__B_drop_worse_operator_2__s3,72,0,500
square__B_drop_worse_operator_2__s3,73,1,151
square__B_drop_worse_operator_2__s3,74,1,248
square__B_drop_worse_operator_2__s3,75,1,179
square__B_drop_worse_operator_2__s3,76,1,290
square__B_drop_worse_operator_2__s3,77,1,211
square__B_drop_worse_operator_2__s3,78,0,500
square__B_drop_worse_operator_2__s3,79,0,500
square__B_drop_worse_operator_2__s3,80,1,192
square__B_drop_worse_operator_2__s3,81,0,500
square__B_drop_worse_operator_2__s3,82,1,260
square__B_drop_worse_operator_2__s3,83,1,137
square__B_drop_worse_operator_2__s3,84,1,385
square__B_drop_worse_operator_2__s3,85,1,440
square__B_drop_worse_operator_2__s3,86,0,500
square__B_drop_worse_operator_2__s3,87,1,279
square__B_drop_worse_operator_2__s3,88,1,408
square__B_drop_worse_operator_2__s3,89,1,210
square__B_drop_worse_operator_2__s3,90,1,177
square__B_drop_worse_operator_2__s3,91,0,500
square__B_drop_worse_operator_2__s3,92,0,500
square__B_drop_worse_operator_2__s3,93,0,500
square__B_drop_worse_operator_2__s3,94,0,500
square__B_drop_worse_operator_2__s3,95,1,185
square__B_drop_worse_operator_2__s3,96,1,273
square__B_drop_worse_operator_2__s3,97,0,500
square__B_drop_worse_operator_2__s3,98,1,292
square__B_drop_worse_operator_2__s3,99,1,275
square__B_drop_worse_operator_2__s3,100,0,500
square__B_drop_worse_operator_2__s3,101,1,200
square__B_drop_worse_operator_2__s3,102,0,500
square__B_drop_worse_operator_2__s3,103,1,360
square__B_drop_worse_operator_2__s3,104,0,500
square__B_drop_worse_operator_2__s3,105,1,357
square__B_drop_worse_operator_2__s3,106,0,500
square__B_drop_worse_operator_2__s3,107,1,199
square__B_drop_worse_operator_2__s3,108,1,452
square__B_drop_worse_operator_2__s3,109,1,464
square__B_drop_worse_operator_2__s3,110,1,274
square__B_drop_worse_operator_2__s3,111,0,500
square__B_drop_worse_operator_2__s3,112,1,326
square__B_drop_worse_operator_2__s3,113,0,500
square__B_drop_worse_operator_2__s3,114,1,189
square__B_drop_worse_operator_2__s3,115,1,155
square__B_drop_worse_operator_2__s3,116,1,226
square__B_drop_worse_operator_2__s3,117,1,389
square__B_drop_worse_operator_2__s3,118,1,190
square__B_drop_worse_operator_2__s3,119,1,179
square__B_drop_worse_operator_2__s3,120,1,199
square__B_drop_worse_operator_2__s3,121,0,500
square__B_drop_worse_operator_2__s3,122,1,345
square__B_drop_worse_operator_2__s3,123,1,482
square__B_drop_worse_operator_2__s3,124,0,500
square__B_drop_worse_operator_2__s3,125,0,500
square__B_drop_worse_operator_2__s3,126,1,169
square__B_drop_worse_operator_2__s3,127,1,168
square__B_drop_worse_operator_2__s3,128,0,500
square__B_drop_worse_operator_2__s3,129,1,211
square__B_drop_worse_operator_2__s3,130,1,320
square__B_drop_worse_operator_2__s3,131,1,388
square__B_drop_worse_operator_2__s3,132,1,199
square__B_drop_worse_operator_2__s3,133,0,500
square__B_drop_worse_operator_2__s3,134,1,242
square__B_drop_worse_operator_2__s3,135,0,500
square__B_drop_worse_operator_2__s3,136,0,500
square__B_drop_worse_operator_2__s3,137,0,500
square__B_drop_worse_operator_2__s3,138,1,179
square__B_drop_worse_operator_2__s3,139,0,500
square__B_drop_worse_operator_2__s3,140,0,500
square__B_drop_worse_operator_2__s3,141,1,205
square__B_drop_worse_operator_2__s3,142,1,149
square__B_drop_worse_operator_2__s3,143,1,225
square__B_drop_worse_operator_2__s3,144,1,297
square__B_drop_worse_operator_2__s3,145,1,268
square__B_drop_worse_operator_2__s3,146,1,170
square__B_drop_worse_operator_2__s3,147,1,178
square__B_drop_worse_operator_2__s3,148,0,500
square__B_drop_worse_operator_2__s3,149,1,369
square__B_drop_worse_operator_2__s3,150,1,378
square__B_drop_worse_operator_2__s3,151,1,231
square__B_drop_worse_operator_2__s3,152,1,160
square__B_drop_worse_operator_2__s3,153,0,500
square__B_drop_worse_operator_2__s3,154,1,180
square__B_drop_worse_operator_2__s3,155,1,438
square__B_drop_worse_operator_2__s3,156,0,500
square__B_drop_worse_operator_2__s3,157,0,500
square__B_drop_worse_operator_2__s3,158,0,500
square__B_drop_worse_operator_2__s3,159,1,299
square__B_drop_worse_operator_2__s3,160,0,500
square__B_drop_worse_operator_2__s3,161,1,182
square__B_drop_worse_operator_2__s3,162,1,282
square__B_drop_worse_operator_2__s3,163,0,500
square__B_drop_worse_operator_2__s3,164,0,500
square__B_drop_worse_operator_2__s3,165,0,500
square__B_drop_worse_operator_2__s3,166,0,500
square__B_drop_worse_operator_2__s3,167,1,178
square__B_drop_worse_operator_2__s3,168,1,233
square__B_drop_worse_operator_2__s3,169,0,500
square__B_drop_worse_operator_2__s3,170,1,197
square__B_drop_worse_operator_2__s3,171,0,500
square__B_drop_worse_operator_2__s3,172,1,282
square__B_drop_worse_operator_2__s3,173,1,207
square__B_drop_worse_operator_2__s3,174,1,188
square__B_drop_worse_operator_2__s3,175,0,500
square__B_drop_worse_operator_2__s3,176,1,214
square__B_drop_worse_operator_2__s3,177,1,251
square__B_drop_worse_operator_2__s3,178,1,405
square__B_drop_worse_operator_2__s3,179,1,226
square__B_drop_worse_operator_2__s3,180,0,500
square__B_drop_worse_operator_2__s3,181,1,234
square__B_drop_worse_operator_2__s3,182,0,500
square__B_drop_worse_operator_2__s3,183,1,258
square__B_drop_worse_operator_2__s3,184,1,167
square__B_drop_worse_operator_2__s3,185,1,238
square__B_drop_worse_operator_2__s3,186,0,500
square__B_drop_worse_operator_2__s3,187,1,210
square__B_drop_worse_operator_2__s3,188,1,210
square__B_drop_worse_operator_2__s3,189,0,500
square__B_drop_worse_operator_2__s3,190,1,188
square__B_drop_worse_operator_2__s3,191,1,217
square__B_drop_worse_operator_2__s3,192,1,340
square__B_drop_worse_operator_2__s3,193,1,196
square__B_drop_worse_operator_2__s3,194,0,500
square__B_drop_worse_operator_2__s3,195,1,175
square__B_drop_worse_operator_2__s3,196,1,182
square__B_drop_worse_operator_2__s3,197,0,500
square__B_drop_worse_operator_2__s3,198,1,167
square__B_drop_worse_operator_2__s3,199,1,135
square__B_drop_worse_operator_2__s3,200,0,500
square__B_drop_worse_operator_2__s3,201,0,500
square__B_drop_worse_operator_2__s3,202,1,293
square__B_drop_worse_operator_2__s3,203,0,500
square__B_drop_worse_operator_2__s3,204,1,361
square__B_drop_worse_operator_2__s3,205,0,500
square__B_drop_worse_operator_2__s3,206,1,220
square__B_drop_worse_operator_2__s3,207,1,206
square__B_drop_worse_operator_2__s3,208,0,500
square__B_drop_worse_operator_2__s3,209,1,142
square__B_drop_worse_operator_2__s3,210,1,189
square__B_drop_worse_operator_2__s3,211,1,211
square__B_drop_worse_operator_2__s3,212,1,162
square__B_drop_worse_operator_2__s3,213,1,327
square__B_drop_worse_operator_2__s3,214,0,500
square__B_drop_worse_operator_2__s3,215,0,500
square__B_drop_worse_operator_2__s3,216,1,411
square__B_drop_worse_operator_2__s3,217,0,500
square__B_drop_worse_operator_2__s3,218,0,500
square__B_drop_worse_operator_2__s3,219,0,500
square__B_drop_worse_operator_2__s3,220,0,500
square__B_drop_worse_operator_2__s3,221,0,500
square__B_drop_worse_operator_2__s3,222,1,327
square__B_drop_worse_operator_2__s3,223,1,155
square__B_drop_worse_operator_2__s3,224,0,500
square__B_drop_worse_operator_2__s3,225,1,194
square__B_drop_worse_operator_2__s3,226,1,165
square__B_drop_worse_operator_2__s3,227,1,171
square__B_drop_worse_operator_2__s3,228,0,500
square__B_drop_worse_operator_2__s3,229,1,250
square__B_drop_worse_operator_2__s3,230,1,196
square__B_drop_worse_operator_2__s3,231,1,233
square__B_drop_worse_operator_2__s3,232,1,146
square__B_drop_worse_operator_2__s3,233,1,200
square__B_drop_worse_operator_2__s3,234,1,217
square__B_drop_worse_operator_2__s3,235,1,188
square__B_drop_worse_operator_2__s3,236,1,302
square__B_drop_worse_operator_2__s3,237,0,500
square__B_drop_worse_operator_2__s3,238,1,255
square__B_drop_worse_operator_2__s3,239,1,269
square__B_drop_worse_operator_2__s3,240,1,285
square__B_drop_worse_operator_2__s3,241,1,190
square__B_drop_worse_operator_2__s3,242,1,171
square__B_drop_worse_operator_2__s3,243,0,500
square__B_drop_worse_operator_2__s3,244,1,277
square__B_drop_worse_operator_2__s3,245,0,500
square__B_drop_worse_operator_2__s3,246,1,189
square__B_drop_worse_operator_2__s3,247,1,238
square__B_drop_worse_operator_2__s3,248,1,385
square__B_drop_worse_operator_2__s3,249,1,245
square__B_drop_worse_operator_2__s3,250,1,190
square__B_drop_worse_operator_2__s3,251,1,152
square__B_drop_worse_operator_2__s3,252,1,221
square__B_drop_worse_operator_2__s3,253,0,500
square__B_drop_worse_operator_2__s3,254,1,210
square__B_drop_worse_operator_2__s3,255,1,207
square__B_drop_worse_operator_2__s3,256,0,500
square__B_drop_worse_operator_2__s3,257,1,211
square__B_drop_worse_operator_2__s3,258,0,500
square__B_drop_worse_operator_2__s3,259,0,500
square__B_drop_worse_operator_2__s3,260,1,371
square__B_drop_worse_operator_2__s3,261,1,287
square__B_drop_worse_operator_2__s3,262,1,221
square__B_drop_worse_operator_2__s3,263,0,500
square__B_drop_worse_operator_2__s3,264,1,281
square__B_drop_worse_operator_2__s3,265,0,500
square__B_drop_worse_operator_2__s3,266,0,500
square__B_drop_worse_operator_2__s3,267,1,500
square__B_drop_worse_operator_2__s3,268,0,500
square__B_drop_worse_operator_2__s3,269,1,169
square__B_drop_worse_operator_2__s3,270,1,328
square__B_drop_worse_operator_2__s3,271,0,500
square__B_drop_worse_operator_2__s3,272,1,174
square__B_drop_worse_operator_2__s3,273,1,190
square__B_drop_worse_operator_2__s3,274,0,500
square__B_drop_worse_operator_2__s3,275,0,500
square__B_drop_worse_operator_2__s3,276,1,434
square__B_drop_worse_operator_2__s3,277,1,309
square__B_drop_worse_operator_2__s3,278,1,302
square__B_drop_worse_operator_2__s3,279,0,500
square__B_drop_worse_operator_2__s3,280,1,181
square__B_drop_worse_operator_2__s3,281,1,368
square__B_drop_worse_operator_2__s3,282,1,206
square__B_drop_worse_operator_2__s3,283,1,255
square__B_drop_worse_operator_2__s3,284,1,167
square__B_drop_worse_operator_2__s3,285,0,500
square__B_drop_worse_operator_2__s3,286,1,442
square__B_drop_worse_operator_2__s3,287,1,209
square__B_drop_worse_operator_2__s3,288,1,260
square__B_drop_worse_operator_2__s3,289,0,500
square__B_drop_worse_operator_2__s3,290,1,205
square__B_drop_worse_operator_2__s3,291,0,500
square__B_drop_worse_operator_2__s3,292,0,500
square__B_drop_worse_operator_2__s3,293,1,173
square__B_drop_worse_operator_2__s3,294,1,342
square__B_drop_worse_operator_2__s3,295,0,500
square__B_drop_worse_operator_2__s3,296,1,180
square__B_drop_worse_operator_2__s3,297,1,190
square__B_drop_worse_operator_2__s3,298,0,500
square__B_drop_worse_operator_2__s3,299,1,236
square__B_drop_worse_operator_2__s3,300,1,375
square__B_drop_worse_operator_2__s3,301,0,500
square__B_drop_worse_operator_2__s3,302,1,171
square__B_drop_worse_operator_2__s3,303,1,153
square__B_drop_worse_operator_2__s3,304,0,500
square__B_drop_worse_operator_2__s3,305,0,500
square__B_drop_worse_operator_2__s3,306,0,500
square__B_drop_worse_operator_2__s3,307,1,149
square__B_drop_worse_operator_2__s3,308,1,168
square__B_drop_worse_operator_2__s3,309,0,500
square__B_drop_worse_operator_2__s3,310,1,182
square__B_drop_worse_operator_2__s3,311,1,180
square__B_drop_worse_operator_2__s3,312,0,500
square__B_drop_worse_operator_2__s3,313,1,270
square__B_drop_worse_operator_2__s3,314,1,208
square__B_drop_worse_operator_2__s3,315,0,500
square__B_drop_worse_operator_2__s3,316,1,179
square__B_drop_worse_operator_2__s3,317,0,500
square__B_drop_worse_operator_2__s3,318,1,177
square__B_drop_worse_operator_2__s3,319,1,178
square__B_drop_worse_operator_2__s3,320,0,500
square__B_drop_worse_operator_2__s3,321,1,337
square__B_drop_worse_operator_2__s3,322,1,262
square__B_drop_worse_operator_2__s3,323,1,482
square__B_drop_worse_operator_2__s3,324,0,500
square__B_drop_worse_operator_2__s3,325,1,189
square__B_drop_worse_operator_2__s3,326,0,500
square__B_drop_worse_operator_2__s3,327,0,500
square__B_drop_worse_operator_2__s3,328,0,500
square__B_drop_worse_operator_2__s3,329,0,500
square__B_drop_worse_operator_2__s3,330,1,362
square__B_drop_worse_operator_2__s3,331,1,230
square__B_drop_worse_operator_2__s3,332,0,500
square__B_drop_worse_operator_2__s3,333,0,500
square__B_drop_worse_operator_2__s3,334,1,312
square__B_drop_worse_operator_2__s3,335,0,500
square__B_drop_worse_operator_2__s3,336,1,160
square__B_drop_worse_operator_2__s3,337,1,280
square__B_drop_worse_operator_2__s3,338,1,189
square__B_drop_worse_operator_2__s3,339,1,190
square__B_drop_worse_operator_2__s3,340,0,500
square__B_drop_worse_operator_2__s3,341,1,149
square__B_drop_worse_operator_2__s3,342,1,279
square__B_drop_worse_operator_2__s3,343,1,202
square__B_drop_worse_operator_2__s3,344,1,261
square__B_drop_worse_operator_2__s3,345,1,313
square__B_drop_worse_operator_2__s3,346,1,179
square__B_drop_worse_operator_2__s3,347,1,313
square__B_drop_worse_operator_2__s3,348,1,261
square__B_drop_worse_operator_2__s3,349,1,263
square__B_drop_worse_operator_2__s3,350,1,367
square__B_drop_worse_operator_2__s3,351,1,288
square__B_drop_worse_operator_2__s3,352,1,168
square__B_drop_worse_operator_2__s3,353,1,175
square__B_drop_worse_operator_2__s3,354,1,256
square__B_drop_worse_operator_2__s3,355,1,251
square__B_drop_worse_operator_2__s3,356,0,500
square__B_drop_worse_operator_2__s3,357,1,252
square__B_drop_worse_operator_2__s3,358,1,287
square__B_drop_worse_operator_2__s3,359,0,500
square__B_drop_worse_operator_2__s3,360,1,239
square__B_drop_worse_operator_2__s3,361,1,169
square__B_drop_worse_operator_2__s3,362,1,228
square__B_drop_worse_operator_2__s3,363,1,259
square__B_drop_worse_operator_2__s3,364,1,255
square__B_drop_worse_operator_2__s3,365,0,500
square__B_drop_worse_operator_2__s3,366,1,243
square__B_drop_worse_operator_2__s3,367,0,500
square__B_drop_worse_operator_2__s3,368,0,500
square__B_drop_worse_operator_2__s3,369,1,198
square__B_drop_worse_operator_2__s3,370,0,500
square__B_drop_worse_operator_2__s3,371,0,500
square__B_drop_worse_operator_2__s3,372,1,249
square__B_drop_worse_operator_2__s3,373,1,169
square__B_drop_worse_operator_2__s3,374,1,408
square__B_drop_worse_operator_2__s3,375,0,500
square__B_drop_worse_operator_2__s3,376,1,268
square__B_drop_worse_operator_2__s3,377,1,240
square__B_drop_worse_operator_2__s3,378,1,215
square__B_drop_worse_operator_2__s3,379,0,500
square__B_drop_worse_operator_2__s3,380,1,171
square__B_drop_worse_operator_2__s3,381,0,500
square__B_drop_worse_operator_2__s3,382,1,336
square__B_drop_worse_operator_2__s3,383,1,247
square__B_drop_worse_operator_2__s3,384,1,200
square__B_drop_worse_operator_2__s3,385,1,172
square__B_drop_worse_operator_2__s3,386,1,366
square__B_drop_worse_operator_2__s3,387,1,155
square__B_drop_worse_operator_2__s3,388,1,259
square__B_drop_worse_operator_2__s3,389,1,371
square__B_drop_worse_operator_2__s3,390,0,500
square__B_drop_worse_operator_2__s3,391,1,163
square__B_drop_worse_operator_2__s3,392,1,209
square__B_drop_worse_operator_2__s3,393,1,212
square__B_drop_worse_operator_2__s3,394,0,500
square__B_drop_worse_operator_2__s3,395,1,192
square__B_drop_worse_operator_2__s3,396,1,160
square__B_drop_worse_operator_2__s3,397,0,500
square__B_drop_worse_operator_2__s3,398,1,177
square__B_drop_worse_operator_2__s3,399,1,169
square__B_drop_worse_operator_2__s3,400,1,178
square__B_drop_worse_operator_2__s3,401,1,241
square__B_drop_worse_operator_2__s3,402,1,352
square__B_drop_worse_operator_2__s3,403,1,199
square__B_drop_worse_operator_2__s3,404,0,500
square__B_drop_worse_operator_2__s3,405,1,247
square__B_drop_worse_operator_2__s3,406,0,500
square__B_drop_worse_operator_2__s3,407,0,500
square__B_drop_worse_operator_2__s3,408,0,500
square__B_drop_worse_operator_2__s3,409,1,405
square__B_drop_worse_operator_2__s3,410,0,500
square__B_drop_worse_operator_2__s3,411,0,500
square__B_drop_worse_operator_2__s3,412,1,139
square__B_drop_worse_operator_2__s3,413,0,500
square__B_drop_worse_operator_2__s3,414,0,500
square__B_drop_worse_operator_2__s3,415,0,500
square__B_drop_worse_operator_2__s3,416,1,246
square__B_drop_worse_operator_2__s3,417,1,211
square__B_drop_worse_operator_2__s3,418,1,133
square__B_drop_worse_operator_2__s3,419,1,219
square__B_drop_worse_operator_2__s3,420,0,500
square__B_drop_worse_operator_2__s3,421,1,178
square__B_drop_worse_operator_2__s3,422,1,262
square__B_drop_worse_operator_2__s3,423,0,500
square__B_drop_worse_operator_2__s3,424,0,500
square__B_drop_worse_operator_2__s3,425,1,429
square__B_drop_worse_operator_2__s3,426,1,218
square__B_drop_worse_operator_2__s3,427,0,500
square__B_drop_worse_operator_2__s3,428,0,500
square__B_drop_worse_operator_2__s3,429,1,179
square__B_drop_worse_operator_2__s3,430,0,500
square__B_drop_worse_operator_2__s3,431,1,230
square__B_drop_worse_operator_2__s3,432,1,197
square__B_drop_worse_operator_2__s3,433,1,157
square__B_drop_worse_operator_2__s3,434,1,271
square__B_drop_worse_operator_2__s3,435,1,165
square__B_drop_worse_operator_2__s3,436,1,158
square__B_drop_worse_operator_2__s3,437,1,251
square__B_drop_worse_operator_2__s3,438,1,315
square__B_drop_worse_operator_2__s3,439,1,142
square__B_drop_worse_operator_2__s3,440,0,500
square__B_drop_worse_operator_2__s3,441,1,176
square__B_drop_worse_operator_2__s3,442,1,199
square__B_drop_worse_operator_2__s3,443,0,500
square__B_drop_worse_operator_2__s3,444,0,500
square__B_drop_worse_operator_2__s3,445,0,500
square__B_drop_worse_operator_2__s3,446,1,265
square__B_drop_worse_operator_2__s3,447,0,500
square__B_drop_worse_operator_2__s3,448,1,227
square__B_drop_worse_operator_2__s3,449,1,139
square__B_drop_worse_operator_2__s3,450,1,211
square__B_drop_worse_operator_2__s3,451,1,221
square__B_drop_worse_operator_2__s3,452,1,218
square__B_drop_worse_operator_2__s3,453,0,500
square__B_drop_worse_operator_2__s3,454,1,259
square__B_drop_worse_operator_2__s3,455,1,198
square__B_drop_worse_operator_2__s3,456,0,500
square__B_drop_worse_operator_2__s3,457,1,209
square__B_drop_worse_operator_2__s3,458,0,500
square__B_drop_worse_operator_2__s3,459,1,176
square__B_drop_worse_operator_2__s3,460,0,500
square__B_drop_worse_operator_2__s3,461,0,500
square__B_drop_worse_operator_2__s3,462,0,500
square__B_drop_worse_operator_2__s3,463,1,208
square__B_drop_worse_operator_2__s3,464,0,500
square__B_drop_worse_operator_2__s3,465,1,176
square__B_drop_worse_operator_2__s3,466,0,500
square__B_drop_worse_operator_2__s3,467,0,500
square__B_drop_worse_operator_2__s3,468,1,378
square__B_drop_worse_operator_2__s3,469,0,500
square__B_drop_worse_operator_2__s3,470,1,269
square__B_drop_worse_operator_2__s3,471,1,181
square__B_drop_worse_operator_2__s3,472,1,443
square__B_drop_worse_operator_2__s3,473,0,500
square__B_drop_worse_operator_2__s3,474,1,150
square__B_drop_worse_operator_2__s3,475,1,192
square__B_drop_worse_operator_2__s3,476,1,270
square__B_drop_worse_operator_2__s3,477,0,500
square__B_drop_worse_operator_2__s3,478,1,153
square__B_drop_worse_operator_2__s3,479,0,500
square__B_drop_worse_operator_2__s3,480,1,198
square__B_drop_worse_operator_2__s3,481,0,500
square__B_drop_worse_operator_2__s3,482,0,500
square__B_drop_worse_operator_2__s3,483,1,246
square__B_drop_worse_operator_2__s3,484,1,187
square__B_drop_worse_operator_2__s3,485,1,208
square__B_drop_worse_operator_2__s3,486,0,500
square__B_drop_worse_operator_2__s3,487,1,142
square__B_drop_worse_operator_2__s3,488,0,500
square__B_drop_worse_operator_2__s3,489,1,248
square__B_drop_worse_operator_2__s3,490,1,287
square__B_drop_worse_operator_2__s3,491,1,171
square__B_drop_worse_operator_2__s3,492,1,174
square__B_drop_worse_operator_2__s3,493,1,351
square__B_drop_worse_operator_2__s3,494,0,500
square__B_drop_worse_operator_2__s3,495,1,197
square__B_drop_worse_operator_2__s3,496,1,272
square__B_drop_worse_operator_2__s3,497,1,161
square__B_drop_worse_operator_2__s3,498,1,230
square__B_drop_worse_operator_2__s3,499,0,500
square__C_rand_1__s1,0,1,470
square__C_rand_1__s1,1,0,500
square__C_rand_1__s1,2,1,284
square__C_rand_1__s1,3,0,500
square__C_rand_1__s1,4,1,355
square__C_rand_1__s1,5,0,500
square__C_rand_1__s1,6,1,330
square__C_rand_1__s1,7,1,232
square__C_rand_1__s1,8,0,500
square__C_rand_1__s1,9,0,500
square__C_rand_1__s1,10,1,268
square__C_rand_1__s1,11,0,500
square__C_rand_1__s1,12,1,171
square__C_rand_1__s1,13,0,500
square__C_rand_1__s1,14,0,500
square__C_rand_1__s1,15,0,500
square__C_rand_1__s1,16,1,261
square__C_rand_1__s1,17,0,500
square__C_rand_1__s1,18,1,170
square__C_rand_1__s1,19,1,271
square__C_rand_1__s1,20,0,500
square__C_rand_1__s1,21,1,365
square__C_rand_1__s1,22,1,351
square__C_rand_1__s1,23,1,412
square__C_rand_1__s1,24,1,188
square__C_rand_1__s1,25,1,289
square__C_rand_1__s1,26,1,196
square__C_rand_1__s1,27,1,466
square__C_rand_1__s1,28,1,264
square__C_rand_1__s1,29,1,182
square__C_rand_1__s1,30,1,253
square__C_rand_1__s1,31,1,252
square__C_rand_1__s1,32,1,245
square__C_rand_1__s1,33,1,180
square__C_rand_1__s1,34,1,159
square__C_rand_1__s1,35,1,227
square__C_rand_1__s1,36,1,180
square__C_rand_1__s1,37,1,252
square__C_rand_1__s1,38,0,500
square__C_rand_1__s1,39,1,256
square__C_rand_1__s1,40,1,315
square__C_rand_1__s1,41,1,182
square__C_rand_1__s1,42,1,208
square__C_rand_1__s1,43,1,222
square__C_rand_1__s1,44,1,284
square__C_rand_1__s1,45,1,246
square__C_rand_1__s1,46,1,169
square__C_rand_1__s1,47,1,237
square__C_rand_1__s1,48,1,298
square__C_rand_1__s1,49,1,229
square__C_rand_1__s1,50,1,260
square__C_rand_1__s1,51,1,364
square__C_rand_1__s1,52,1,396
square__C_rand_1__s1,53,1,298
square__C_rand_1__s1,54,1,273
square__C_rand_1__s1,55,0,500
square__C_rand_1__s1,56,0,500
square__C_rand_1__s1,57,0,500
square__C_rand_1__s1,58,0,500
square__C_rand_1__s1,59,1,413
square__C_rand_1__s1,60,1,365
square__C_rand_1__s1,61,1,372
square__C_rand_1__s1,62,1,222
square__C_rand_1__s1,63,1,209
square__C_rand_1__s1,64,1,172
square__C_rand_1__s1,65,1,251
square__C_rand_1__s1,66,1,202
square__C_rand_1__s1,67,1,314
square__C_rand_1__s1,68,1,310
square__C_rand_1__s1,69,1,163
square__C_rand_1__s1,70,1,323
square__C_rand_1__s1,71,1,319
square__C_rand_1__s1,72,0,500
square__C_rand_1__s1,73,1,171
square__C_rand_1__s1,74,1,272
square__C_rand_1__s1,75,1,237
square__C_rand_1__s1,76,1,199
square__C_rand_1__s1,77,1,361
square__C_rand_1__s1,78,1,152
square__C_rand_1__s1,79,1,349
square__C_rand_1__s1,80,1,327
square__C_rand_1__s1,81,1,170
square__C_rand_1__s1,82,1,388
square__C_rand_1__s1,83,1,181
square__C_rand_1__s1,84,0,500
square__C_rand_1__s1,85,1,179
square__C_rand_1__s1,86,0,500
square__C_rand_1__s1,87,1,350
square__C_rand_1__s1,88,1,242
square__C_rand_1__s1,89,1,426
square__C_rand_1__s1,90,1,311
square__C_rand_1__s1,91,0,500
square__C_rand_1__s1,92,1,210
square__C_rand_1__s1,93,0,500
square__C_rand_1__s1,94,0,500
square__C_rand_1__s1,95,1,367
square__C_rand_1__s1,96,1,232
square__C_rand_1__s1,97,0,500
square__C_rand_1__s1,98,1,152
square__C_rand_1__s1,99,1,221
square__C_rand_1__s1,100,1,350
square__C_rand_1__s1,101,1,221
square__C_rand_1__s1,102,1,290
square__C_rand_1__s1,103,0,500
square__C_rand_1__s1,104,0,500
square__C_rand_1__s1,105,0,500
square__C_rand_1__s1,106,0,500
square__C_rand_1__s1,107,1,182
square__C_rand_1__s1,108,1,179
square__C_rand_1__s1,109,0,500
square__C_rand_1__s1,110,1,400
square__C_rand_1__s1,111,1,180
square__C_rand_1__s1,112,1,366
square__C_rand_1__s1,113,1,153
square__C_rand_1__s1,114,0,500
square__C_rand_1__s1,115,1,379
square__C_rand_1__s1,116,1,401
square__C_rand_1__s1,117,1,138
square__C_rand_1__s1,118,1,180
square__C_rand_1__s1,119,1,283
square__C_rand_1__s1,120,1,274
square__C_rand_1__s1,121,1,455
square__C_rand_1__s1,122,0,500
square__C_rand_1__s1,123,1,351
square__C_rand_1__s1,124,1,348
square__C_rand_1__s1,125,0,500
square__C_rand_1__s1,126,0,500
square__C_rand_1__s1,127,1,159
square__C_rand_1__s1,128,1,311
square__C_rand_1__s1,129,0,500
square__C_rand_1__s1,130,1,331
square__C_rand_1__s1,131,0,500
square__C_rand_1__s1,132,1,251
square__C_rand_1__s1,133,0,500
square__C_rand_1__s1,134,1,180
square__C_rand_1__s1,135,0,500
square__C_rand_1__s1,136,1,179
square__C_rand_1__s1,137,0,500
square__C_rand_1__s1,138,1,231
square__C_rand_1__s1,139,0,500
square__C_rand_1__s1,140,1,350
square__C_rand_1__s1,141,1,272
square__C_rand_1__s1,142,1,218
square__C_rand_1__s1,143,1,300
square__C_rand_1__s1,144,1,243
square__C_rand_1__s1,145,1,225
square__C_rand_1__s1,146,0,500
square__C_rand_1__s1,147,0,500
square__C_rand_1__s1,148,1,238
square__C_rand_1__s1,149,1,237
square__C_rand_1__s1,150,1,273
square__C_rand_1__s1,151,1,167
square__C_rand_1__s1,152,1,182
square__C_rand_1__s1,153,1,368
square__C_rand_1__s1,154,1,192
square__C_rand_1__s1,155,0,500
square__C_rand_1__s1,156,0,500
square__C_rand_1__s1,157,1,278
square__C_rand_1__s1,158,1,273
square__C_rand_1__s1,159,1,302
square__C_rand_1__s1,160,0,500
square__C_rand_1__s1,161,1,309
square__C_rand_1__s1,162,1,171
square__C_rand_1__s1,163,1,257
square__C_rand_1__s1,164,1,278
square__C_rand_1__s1,165,0,500
square__C_rand_1__s1,166,0,500
square__C_rand_1__s1,167,1,170
square__C_rand_1__s1,168,0,500
square__C_rand_1__s1,169,1,207
square__C_rand_1__s1,170,1,258
square__C_rand_1__s1,171,0,500
square__C_rand_1__s1,172,0,500
square__C_rand_1__s1,173,1,239
square__C_rand_1__s1,174,1,129
square__C_rand_1__s1,175,1,191
square__C_rand_1__s1,176,0,500
square__C_rand_1__s1,177,1,255
square__C_rand_1__s1,178,1,174
square__C_rand_1__s1,179,1,264
square__C_rand_1__s1,180,1,221
square__C_rand_1__s1,181,1,208
square__C_rand_1__s1,182,1,208
square__C_rand_1__s1,183,1,269
square__C_rand_1__s1,184,1,249
square__C_rand_1__s1,185,1,188
square__C_rand_1__s1,186,1,338
square__C_rand_1__s1,187,1,241
square__C_rand_1__s1,188,0,500
square__C_rand_1__s1,189,0,500
square__C_rand_1__s1,190,0,500
square__C_rand_1__s1,191,1,352
square__C_rand_1__s1,192,1,211
square__C_rand_1__s1,193,1,253
square__C_rand_1__s1,194,1,255
square__C_rand_1__s1,195,0,500
square__C_rand_1__s1,196,1,183
square__C_rand_1__s1,197,1,263
square__C_rand_1__s1,198,1,163
square__C_rand_1__s1,199,1,191
square__C_rand_1__s1,200,0,500
square__C_rand_1__s1,201,0,500
square__C_rand_1__s1,202,1,205
square__C_rand_1__s1,203,1,473
square__C_rand_1__s1,204,0,500
square__C_rand_1__s1,205,1,234
square__C_rand_1__s1,206,1,220
square__C_rand_1__s1,207,1,320
square__C_rand_1__s1,208,1,241
square__C_rand_1__s1,209,0,500
square__C_rand_1__s1,210,0,500
square__C_rand_1__s1,211,1,229
square__C_rand_1__s1,212,1,143
square__C_rand_1__s1,213,1,195
square__C_rand_1__s1,214,1,373
square__C_rand_1__s1,215,1,302
square__C_rand_1__s1,216,1,213
square__C_rand_1__s1,217,0,500
square__C_rand_1__s1,218,0,500
square__C_rand_1__s1,219,1,199
square__C_rand_1__s1,220,1,433
square__C_rand_1__s1,221,1,229
square__C_rand_1__s1,222,1,179
square__C_rand_1__s1,223,1,179
square__C_rand_1__s1,224,1,391
square__C_rand_1__s1,225,1,201
square__C_rand_1__s1,226,1,215
square__C_rand_1__s1,227,1,241
square__C_rand_1__s1,228,1,321
square__C_rand_1__s1,229,1,314
square__C_rand_1__s1,230,0,500
square__C_rand_1__s1,231,1,358
square__C_rand_1__s1,232,1,211
square__C_rand_1__s1,233,1,249
square__C_rand_1__s1,234,0,500
square__C_rand_1__s1,235,0,500
square__C_rand_1__s1,236,0,500
square__C_rand_1__s1,237,0,500
square__C_rand_1__s1,238,1,258
square__C_rand_1__s1,239,1,320
square__C_rand_1__s1,240,1,324
square__C_rand_1__s1,241,1,223
square__C_rand_1__s1,242,1,170
square__C_rand_1__s1,243,1,261
square__C_rand_1__s1,244,1,159
square__C_rand_1__s1,245,0,500
square__C_rand_1__s1,246,1,248
square__C_rand_1__s1,247,1,188
square__C_rand_1__s1,248,1,257
square__C_rand_1__s1,249,1,161
square__C_rand_1__s1,250,0,500
square__C_rand_1__s1,251,1,182
square__C_rand_1__s1,252,1,169
square__C_rand_1__s1,253,1,272
square__C_rand_1__s1,254,1,169
square__C_rand_1__s1,255,1,166
square__C_rand_1__s1,256,1,163
square__C_rand_1__s1,257,1,490
square__C_rand_1__s1,258,1,242
square__C_rand_1__s1,259,1,304
square__C_rand_1__s1,260,1,274
square__C_rand_1__s1,261,0,500
square__C_rand_1__s1,262,1,317
square__C_rand_1__s1,263,1,269
square__C_rand_1__s1,264,1,233
square__C_rand_1__s1,265,0,500
square__C_rand_1__s1,266,1,209
square__C_rand_1__s1,267,0,500
square__C_rand_1__s1,268,0,500
square__C_rand_1__s1,269,1,189
square__C_rand_1__s1,270,1,262
square__C_rand_1__s1,271,0,500
square__C_rand_1__s1,272,1,360
square__C_rand_1__s1,273,1,273
square__C_rand_1__s1,274,0,500
square__C_rand_1__s1,275,1,240
square__C_rand_1__s1,276,1,300
square__C_rand_1__s1,277,1,203
square__C_rand_1__s1,278,0,500
square__C_rand_1__s1,279,1,398
square__C_rand_1__s1,280,1,240
square__C_rand_1__s1,281,1,301
square__C_rand_1__s1,282,1,313
square__C_rand_1__s1,283,0,500
square__C_rand_1__s1,284,1,272
square__C_rand_1__s1,285,1,313
square__C_rand_1__s1,286,1,297
square__C_rand_1__s1,287,1,221
square__C_rand_1__s1,288,1,441
square__C_rand_1__s1,289,0,500
square__C_rand_1__s1,290,0,500
square__C_rand_1__s1,291,1,319
square__C_rand_1__s1,292,1,171
square__C_rand_1__s1,293,1,266
square__C_rand_1__s1,294,1,151
square__C_rand_1__s1,295,1,302
square__C_rand_1__s1,296,0,500
square__C_rand_1__s1,297,1,303
square__C_rand_1__s1,298,1,281
square__C_rand_1__s1,299,1,235
square__C_rand_1__s1,300,0,500
square__C_rand_1__s1,301,1,199
square__C_rand_1__s1,302,1,310
square__C_rand_1__s1,303,0,500
square__C_rand_1__s1,304,0,500
square__C_rand_1__s1,305,0,500
square__C_rand_1__s1,306,0,500
square__C_rand_1__s1,307,1,258
square__C_rand_1__s1,308,0,500
square__C_rand_1__s1,309,1,135
square__C_rand_1__s1,310,1,217
square__C_rand_1__s1,311,1,213
square__C_rand_1__s1,312,1,189
square__C_rand_1__s1,313,1,249
square__C_rand_1__s1,314,1,148
square__C_rand_1__s1,315,1,190
square__C_rand_1__s1,316,1,218
square__C_rand_1__s1,317,1,341
square__C_rand_1__s1,318,1,166
square__C_rand_1__s1,319,1,209
square__C_rand_1__s1,320,0,500
square__C_rand_1__s1,321,1,201
square__C_rand_1__s1,322,1,153
square__C_rand_1__s1,323,0,500
square__C_rand_1__s1,324,1,352
square__C_rand_1__s1,325,1,151
square__C_rand_1__s1,326,0,500
square__C_rand_1__s1,327,0,500
square__C_rand_1__s1,328,0,500
square__C_rand_1__s1,329,1,277
square__C_rand_1__s1,330,0,500
square__C_rand_1__s1,331,1,183
square__C_rand_1__s1,332,0,500
square__C_rand_1__s1,333,1,251
square__C_rand_1__s1,334,0,500
square__C_rand_1__s1,335,1,382
square__C_rand_1__s1,336,1,217
square__C_rand_1__s1,337,1,165
square__C_rand_1__s1,338,1,299
square__C_rand_1__s1,339,1,398
square__C_rand_1__s1,340,0,500
square__C_rand_1__s1,341,1,229
square__C_rand_1__s1,342,0,500
square__C_rand_1__s1,343,1,329
square__C_rand_1__s1,344,1,159
square__C_rand_1__s1,345,0,500
square__C_rand_1__s1,346,1,234
square__C_rand_1__s1,347,1,194
square__C_rand_1__s1,348,1,362
square__C_rand_1__s1,349,0,500
square__C_rand_1__s1,350,1,188
square__C_rand_1__s1,351,1,138
square__C_rand_1__s1,352,1,179
square__C_rand_1__s1,353,0,500
square__C_rand_1__s1,354,1,266
square__C_rand_1__s1,355,0,500
square__C_rand_1__s1,356,1,179
square__C_rand_1__s1,357,1,256
square__C_rand_1__s1,358,0,500
square__C_rand_1__s1,359,1,360
square__C_rand_1__s1,360,1,276
square__C_rand_1__s1,361,0,500
square__C_rand_1__s1,362,0,500
square__C_rand_1__s1,363,1,283
square__C_rand_1__s1,364,1,197
square__C_rand_1__s1,365,0,500
square__C_rand_1__s1,366,1,367
square__C_rand_1__s1,367,1,226
square__C_rand_1__s1,368,0,500
square__C_rand_1__s1,369,1,294
square__C_rand_1__s1,370,1,247
square__C_rand_1__s1,371,0,500
square__C_rand_1__s1,372,1,201
square__C_rand_1__s1,373,1,258
square__C_rand_1__s1,374,1,189
square__C_rand_1__s1,375,1,188
square__C_rand_1__s1,376,0,500
square__C_rand_1__s1,377,0,500
square__C_rand_1__s1,378,0,500
square__C_rand_1__s1,379,1,214
square__C_rand_1__s1,380,0,500
square__C_rand_1__s1,381,0,500
square__C_rand_1__s1,382,1,219
square__C_rand_1__s1,383,1,171
square__C_rand_1__s1,384,1,201
square__C_rand_1__s1,385,0,500
square__C_rand_1__s1,386,0,500
square__C_rand_1__s1,387,0,500
square__C_rand_1__s1,388,1,356
square__C_rand_1__s1,389,1,167
square__C_rand_1__s1,390,1,227
square__C_rand_1__s1,391,1,245
square__C_rand_1__s1,392,0,500
square__C_rand_1__s1,393,0,500
square__C_rand_1__s1,394,1,232
square__C_rand_1__s1,395,1,364
square__C_rand_1__s1,396,1,202
square__C_rand_1__s1,397,1,178
square__C_rand_1__s1,398,1,232
square__C_rand_1__s1,399,1,221
square__C_rand_1__s1,400,1,154
square__C_rand_1__s1,401,1,339
square__C_rand_1__s1,402,0,500
square__C_rand_1__s1,403,1,242
square__C_rand_1__s1,404,0,500
square__C_rand_1__s1,405,0,500
square__C_rand_1__s1,406,0,500
square__C_rand_1__s1,407,1,240
square__C_rand_1__s1,408,0,500
square__C_rand_1__s1,409,1,315
square__C_rand_1__s1,410,0,500
square__C_rand_1__s1,411,1,206
square__C_rand_1__s1,412,1,159
square__C_rand_1__s1,413,1,439
square__C_rand_1__s1,414,1,238
square__C_rand_1__s1,415,1,261
square__C_rand_1__s1,416,1,392
square__C_rand_1__s1,417,1,148
square__C_rand_1__s1,418,1,179
square__C_rand_1__s1,419,0,500
square__C_rand_1__s1,420,0,500
square__C_rand_1__s1,421,1,139
square__C_rand_1__s1,422,1,162
square__C_rand_1__s1,423,0,500
square__C_rand_1__s1,424,0,500
square__C_rand_1__s1,425,1,278
square__C_rand_1__s1,426,1,151
square__C_rand_1__s1,427,1,212
square__C_rand_1__s1,428,1,195
square__C_rand_1__s1,429,1,240
square__C_rand_1__s1,430,1,310
square__C_rand_1__s1,431,1,197
square__C_rand_1__s1,432,0,500
square__C_rand_1__s1,433,1,253
square__C_rand_1__s1,434,1,326
square__C_rand_1__s1,435,1,224
square__C_rand_1__s1,436,1,354
square__C_rand_1__s1,437,1,219
square__C_rand_1__s1,438,0,500
square__C_rand_1__s1,439,1,129
square__C_rand_1__s1,440,1,194
square__C_rand_1__s1,441,1,171
square__C_rand_1__s1,442,1,209
square__C_rand_1__s1,443,1,149
square__C_rand_1__s1,444,0,500
square__C_rand_1__s1,445,0,500
square__C_rand_1__s1,446,1,239
square__C_rand_1__s1,447,1,163
square__C_rand_1__s1,448,0,500
square__C_rand_1__s1,449,0,500
square__C_rand_1__s1,450,1,303
square__C_rand_1__s1,451,0,500
square__C_rand_1__s1,452,1,298
square__C_rand_1__s1,453,1,271
square__C_rand_1__s1,454,1,188
square__C_rand_1__s1,455,1,237
square__C_rand_1__s1,456,1,208
square__C_rand_1__s1,457,1,230
square__C_rand_1__s1,458,0,500
square__C_rand_1__s1,459,1,183
square__C_rand_1__s1,460,1,237
square__C_rand_1__s1,461,0,500
square__C_rand_1__s1,462,0,500
square__C_rand_1__s1,463,1,139
square__C_rand_1__s1,464,1,295
square__C_rand_1__s1,465,1,262
square__C_rand_1__s1,466,0,500
square__C_rand_1__s1,467,0,500
square__C_rand_1__s1,468,1,161
square__C_rand_1__s1,469,1,279
square__C_rand_1__s1,470,0,500
square__C_rand_1__s1,471,0,500
square__C_rand_1__s1,472,1,252
square__C_rand_1__s1,473,0,500
square__C_rand_1__s1,474,1,437
square__C_rand_1__s1,475,1,190
square__C_rand_1__s1,476,1,197
square__C_rand_1__s1,477,1,248
square__C_rand_1__s1,478,1,228
square__C_rand_1__s1,479,0,500
square__C_rand_1__s1,480,0,500
square__C_rand_1__s1,481,1,239
square__C_rand_1__s1,482,1,157
square__C_rand_1__s1,483,1,331
square__C_rand_1__s1,484,1,216
square__C_rand_1__s1,485,1,223
square__C_rand_1__s1,486,1,189
square__C_rand_1__s1,487,1,160
square__C_rand_1__s1,488,1,189
square__C_rand_1__s1,489,0,500
square__C_rand_1__s1,490,1,338
square__C_rand_1__s1,491,0,500
square__C_rand_1__s1,492,1,232
square__C_rand_1__s1,493,1,241
square__C_rand_1__s1,494,0,500
square__C_rand_1__s1,495,1,213
square__C_rand_1__s1,496,1,190
square__C_rand_1__s1,497,1,233
square__C_rand_1__s1,498,1,249
square__C_rand_1__s1,499,0,500
square__C_rand_1__s2,0,0,500
square__C_rand_1__s2,1,0,500
square__C_rand_1__s2,2,0,500
square__C_rand_1__s2,3,1,364
square__C_rand_1__s2,4,1,259
square__C_rand_1__s2,5,0,500
square__C_rand_1__s2,6,1,439
square__C_rand_1__s2,7,0,500
square__C_rand_1__s2,8,1,220
square__C_rand_1__s2,9,0,500
square__C_rand_1__s2,10,1,229
square__C_rand_1__s2,11,0,500
square__C_rand_1__s2,12,0,500
square__C_rand_1__s2,13,0,500
square__C_rand_1__s2,14,1,236
square__C_rand_1__s2,15,0,500
square__C_rand_1__s2,16,1,260
square__C_rand_1__s2,17,0,500
square__C_rand_1__s2,18,0,500
square__C_rand_1__s2,19,1,215
square__C_rand_1__s2,20,1,467
square__C_rand_1__s2,21,0,500
square__C_rand_1__s2,22,1,207
square__C_rand_1__s2,23,1,493
square__C_rand_1__s2,24,0,500
square__C_rand_1__s2,25,0,500
square__C_rand_1__s2,26,1,188
square__C_rand_1__s2,27,1,217
square__C_rand_1__s2,28,1,243
square__C_rand_1__s2,29,1,338
square__C_rand_1__s2,30,1,186
square__C_rand_1__s2,31,1,291
square__C_rand_1__s2,32,1,341
square__C_rand_1__s2,33,1,221
square__C_rand_1__s2,34,0,500
square__C_rand_1__s2,35,0,500
square__C_rand_1__s2,36,1,190
square__C_rand_1__s2,37,1,348
square__C_rand_1__s2,38,0,500
square__C_rand_1__s2,39,1,351
square__C_rand_1__s2,40,0,500
square__C_rand_1__s2,41,1,238
square__C_rand_1__s2,42,1,178
square__C_rand_1__s2,43,1,207
square__C_rand_1__s2,44,1,270
square__C_rand_1__s2,45,0,500
square__C_rand_1__s2,46,1,203
square__C_rand_1__s2,47,0,500
square__C_rand_1__s2,48,1,201
square__C_rand_1__s2,49,1,220
square__C_rand_1__s2,50,1,211
square__C_rand_1__s2,51,1,386
square__C_rand_1__s2,52,0,500
square__C_rand_1__s2,53,1,161
square__C_rand_1__s2,54,0,500
square__C_rand_1__s2,55,0,500
square__C_rand_1__s2,56,0,500
square__C_rand_1__s2,57,0,500
square__C_rand_1__s2,58,1,196
square__C_rand_1__s2,59,1,168
square__C_rand_1__s2,60,1,188
square__C_rand_1__s2,61,1,221
square__C_rand_1__s2,62,1,158
square__C_rand_1__s2,63,1,203
square__C_rand_1__s2,64,1,279
square__C_rand_1__s2,65,1,157
square__C_rand_1__s2,66,1,221
square__C_rand_1__s2,67,1,232
square__C_rand_1__s2,68,1,229
square__C_rand_1__s2,69,0,500
square__C_rand_1__s2,70,0,500
square__C_rand_1__s2,71,1,328
square__C_rand_1__s2,72,0,500
square__C_rand_1__s2,73,0,500
square__C_rand_1__s2,74,1,233
square__C_rand_1__s2,75,1,179
square__C_rand_1__s2,76,1,299
square__C_rand_1__s2,77,1,181
square__C_rand_1__s2,78,1,170
square__C_rand_1__s2,79,0,500
square__C_rand_1__s2,80,1,232
square__C_rand_1__s2,81,1,199
square__C_rand_1__s2,82,1,208
square__C_rand_1__s2,83,1,217
square__C_rand_1__s2,84,1,182
square__C_rand_1__s2,85,1,451
square__C_rand_1__s2,86,0,500
square__C_rand_1__s2,87,0,500
square__C_rand_1__s2,88,0,500
square__C_rand_1__s2,89,1,317
square__C_rand_1__s2,90,1,175
square__C_rand_1__s2,91,1,280
square__C_rand_1__s2,92,1,162
square__C_rand_1__s2,93,1,242
square__C_rand_1__s2,94,0,500
square__C_rand_1__s2,95,0,500
square__C_rand_1__s2,96,1,200
square__C_rand_1__s2,97,0,500
square__C_rand_1__s2,98,1,209
square__C_rand_1__s2,99,0,500
square__C_rand_1__s2,100,1,190
square__C_rand_1__s2,101,0,500
square__C_rand_1__s2,102,0,500
square__C_rand_1__s2,103,1,200
square__C_rand_1__s2,104,0,500
square__C_rand_1__s2,105,0,500
square__C_rand_1__s2,106,1,409
square__C_rand_1__s2,107,1,366
square__C_rand_1__s2,108,1,251
square__C_rand_1__s2,109,1,242
square__C_rand_1__s2,110,0,500
square__C_rand_1__s2,111,1,204
square__C_rand_1__s2,112,1,199
square__C_rand_1__s2,113,1,208
square__C_rand_1__s2,114,1,172
square__C_rand_1__s2,115,1,193
square__C_rand_1__s2,116,1,313
square__C_rand_1__s2,117,1,152
square__C_rand_1__s2,118,1,191
square__C_rand_1__s2,119,0,500
square__C_rand_1__s2,120,1,238
square__C_rand_1__s2,121,1,353
square__C_rand_1__s2,122,0,500
square__C_rand_1__s2,123,1,208
square__C_rand_1__s2,124,1,206
square__C_rand_1__s2,125,0,500
square__C_rand_1__s2,126,1,189
square__C_rand_1__s2,127,0,500
square__C_rand_1__s2,128,1,211
square__C_rand_1__s2,129,1,293
square__C_rand_1__s2,130,1,313
square__C_rand_1__s2,131,0,500
square__C_rand_1__s2,132,0,500
square__C_rand_1__s2,133,1,260
square__C_rand_1__s2,134,0,500
square__C_rand_1__s2,135,0,500
square__C_rand_1__s2,136,1,391
square__C_rand_1__s2,137,0,500
square__C_rand_1__s2,138,0,500
square__C_rand_1__s2,139,1,176
square__C_rand_1__s2,140,0,500
square__C_rand_1__s2,141,1,275
square__C_rand_1__s2,142,0,500
square__C_rand_1__s2,143,1,266
square__C_rand_1__s2,144,0,500
square__C_rand_1__s2,145,1,202
square__C_rand_1__s2,146,1,214
square__C_rand_1__s2,147,1,222
square__C_rand_1__s2,148,1,172
square__C_rand_1__s2,149,1,243
square__C_rand_1__s2,150,0,500
square__C_rand_1__s2,151,1,197
square__C_rand_1__s2,152,1,201
square__C_rand_1__s2,153,0,500
square__C_rand_1__s2,154,0,500
square__C_rand_1__s2,155,0,500
square__C_rand_1__s2,156,0,500
square__C_rand_1__s2,157,0,500
square__C_rand_1__s2,158,0,500
square__C_rand_1__s2,159,0,500
square__C_rand_1__s2,160,1,199
square__C_rand_1__s2,161,0,500
square__C_rand_1__s2,162,1,191
square__C_rand_1__s2,163,1,217
square__C_rand_1__s2,164,1,231
square__C_rand_1__s2,165,0,500
square__C_rand_1__s2,166,0,500
square__C_rand_1__s2,167,1,182
square__C_rand_1__s2,168,0,500
square__C_rand_1__s2,169,1,209
square__C_rand_1__s2,170,1,352
square__C_rand_1__s2,171,1,433
square__C_rand_1__s2,172,0,500
square__C_rand_1__s2,173,1,296
square__C_rand_1__s2,174,1,210
square__C_rand_1__s2,175,1,180
square__C_rand_1__s2,176,1,281
square__C_rand_1__s2,177,1,150
square__C_rand_1__s2,178,0,500
square__C_rand_1__s2,179,0,500
square__C_rand_1__s2,180,0,500
square__C_rand_1__s2,181,1,191
square__C_rand_1__s2,182,1,326
square__C_rand_1__s2,183,1,490
square__C_rand_1__s2,184,1,192
square__C_rand_1__s2,185,1,239
square__C_rand_1__s2,186,0,500
square__C_rand_1__s2,187,1,260
square__C_rand_1__s2,188,0,500
square__C_rand_1__s2,189,0,500
square__C_rand_1__s2,190,1,273
square__C_rand_1__s2,191,1,350
square__C_rand_1__s2,192,1,215
square__C_rand_1__s2,193,1,213
square__C_rand_1__s2,194,1,257
square__C_rand_1__s2,195,0,500
square__C_rand_1__s2,196,1,299
square__C_rand_1__s2,197,0,500
square__C_rand_1__s2,198,1,243
square__C_rand_1__s2,199,1,305
square__C_rand_1__s2,200,1,189
square__C_rand_1__s2,201,1,397
square__C_rand_1__s2,202,1,306
square__C_rand_1__s2,203,1,230
square__C_rand_1__s2,204,0,500
square__C_rand_1__s2,205,1,241
square__C_rand_1__s2,206,1,319
square__C_rand_1__s2,207,1,182
square__C_rand_1__s2,208,0,500
square__C_rand_1__s2,209,1,187
square__C_rand_1__s2,210,1,242
square__C_rand_1__s2,211,1,202
square__C_rand_1__s2,212,1,421
square__C_rand_1__s2,213,0,500
square__C_rand_1__s2,214,1,328
square__C_rand_1__s2,215,0,500
square__C_rand_1__s2,216,0,500
square__C_rand_1__s2,217,1,210
square__C_rand_1__s2,218,1,181
square__C_rand_1__s2,219,0,500
square__C_rand_1__s2,220,1,325
square__C_rand_1__s2,221,0,500
square__C_rand_1__s2,222,0,500
square__C_rand_1__s2,223,0,500
square__C_rand_1__s2,224,1,221
square__C_rand_1__s2,225,0,500
square__C_rand_1__s2,226,1,265
square__C_rand_1__s2,227,1,399
square__C_rand_1__s2,228,1,171
square__C_rand_1__s2,229,1,352
square__C_rand_1__s2,230,1,219
square__C_rand_1__s2,231,1,192
square__C_rand_1__s2,232,0,500
square__C_rand_1__s2,233,0,500
square__C_rand_1__s2,234,0,500
square__C_rand_1__s2,235,1,342
square__C_rand_1__s2,236,1,204
square__C_rand_1__s2,237,1,301
square__C_rand_1__s2,238,0,500
square__C_rand_1__s2,239,0,500
square__C_rand_1__s2,240,1,222
square__C_rand_1__s2,241,1,213
square__C_rand_1__s2,242,1,383
square__C_rand_1__s2,243,1,280
square__C_rand_1__s2,244,1,180
square__C_rand_1__s2,245,1,169
square__C_rand_1__s2,246,1,269
square__C_rand_1__s2,247,1,218
square__C_rand_1__s2,248,1,210
square__C_rand_1__s2,249,1,189
square__C_rand_1__s2,250,0,500
square__C_rand_1__s2,251,1,205
square__C_rand_1__s2,252,1,206
square__C_rand_1__s2,253,1,290
square__C_rand_1__s2,254,1,179
square__C_rand_1__s2,255,1,375
square__C_rand_1__s2,256,0,500
square__C_rand_1__s2,257,1,267
square__C_rand_1__s2,258,1,211
square__C_rand_1__s2,259,1,402
square__C_rand_1__s2,260,1,401
square__C_rand_1__s2,261,0,500
square__C_rand_1__s2,262,0,500
square__C_rand_1__s2,263,1,285
square__C_rand_1__s2,264,1,199
square__C_rand_1__s2,265,0,500
square__C_rand_1__s2,266,0,500
square__C_rand_1__s2,267,0,500
square__C_rand_1__s2,268,0,500
square__C_rand_1__s2,269,1,169
square__C_rand_1__s2,270,1,237
square__C_rand_1__s2,271,1,190
square__C_rand_1__s2,272,1,195
square__C_rand_1__s2,273,0,500
square__C_rand_1__s2,274,0,500
square__C_rand_1__s2,275,1,169
square__C_rand_1__s2,276,1,242
square__C_rand_1__s2,277,0,500
square__C_rand_1__s2,278,1,238
square__C_rand_1__s2,279,0,500
square__C_rand_1__s2,280,1,213
square__C_rand_1__s2,281,1,282
square__C_rand_1__s2,282,0,500
square__C_rand_1__s2,283,0,500
square__C_rand_1__s2,284,1,201
square__C_rand_1__s2,285,0,500
square__C_rand_1__s2,286,1,236
square__C_rand_1__s2,287,1,254
square__C_rand_1__s2,288,0,500
square__C_rand_1__s2,289,1,386
square__C_rand_1__s2,290,1,292
square__C_rand_1__s2,291,1,349
square__C_rand_1__s2,292,0,500
square__C_rand_1__s2,293,1,208
square__C_rand_1__s2,294,1,292
square__C_rand_1__s2,295,1,230
square__C_rand_1__s2,296,0,500
square__C_rand_1__s2,297,1,242
square__C_rand_1__s2,298,1,287
square__C_rand_1__s2,299,1,284
square__C_rand_1__s2,300,1,295
square__C_rand_1__s2,301,1,251
square__C_rand_1__s2,302,0,500
square__C_rand_1__s2,303,1,199
square__C_rand_1__s2,304,0,500
square__C_rand_1__s2,305,0,500
square__C_rand_1__s2,306,0,500
square__C_rand_1__s2,307,1,220
square__C_rand_1__s2,308,1,171
square__C_rand_1__s2,309,1,451
square__C_rand_1__s2,310,1,201
square__C_rand_1__s2,311,1,351
square__C_rand_1__s2,312,1,227
square__C_rand_1__s2,313,1,162
square__C_rand_1__s2,314,1,155
square__C_rand_1__s2,315,1,449
square__C_rand_1__s2,316,1,179
square__C_rand_1__s2,317,1,311
square__C_rand_1__s2,318,1,287
square__C_rand_1__s2,319,1,226
square__C_rand_1__s2,320,1,185
square__C_rand_1__s2,321,1,192
square__C_rand_1__s2,322,1,159
square__C_rand_1__s2,323,1,306
square__C_rand_1__s2,324,0,500
square__C_rand_1__s2,325,0,500
square__C_rand_1__s2,326,1,177
square__C_rand_1__s2,327,1,260
square__C_rand_1__s2,328,1,359
square__C_rand_1__s2,329,1,314
square__C_rand_1__s2,330,1,286
square__C_rand_1__s2,331,0,500
square__C_rand_1__s2,332,0,500
square__C_rand_1__s2,333,0,500
square__C_rand_1__s2,334,0,500
square__C_rand_1__s2,335,0,500
square__C_rand_1__s2,336,1,279
square__C_rand_1__s2,337,1,186
square__C_rand_1__s2,338,1,283
square__C_rand_1__s2,339,1,399
square__C_rand_1__s2,340,1,330
square__C_rand_1__s2,341,1,239
square__C_rand_1__s2,342,1,203
square__C_rand_1__s2,343,1,171
square__C_rand_1__s2,344,1,270
square__C_rand_1__s2,345,1,229
square__C_rand_1__s2,346,1,262
square__C_rand_1__s2,347,0,500
square__C_rand_1__s2,348,0,500
square__C_rand_1__s2,349,0,500
square__C_rand_1__s2,350,1,334
square__C_rand_1__s2,351,1,235
square__C_rand_1__s2,352,1,149
square__C_rand_1__s2,353,1,220
square__C_rand_1__s2,354,0,500
square__C_rand_1__s2,355,1,328
square__C_rand_1__s2,356,1,195
square__C_rand_1__s2,357,0,500
square__C_rand_1__s2,358,1,427
square__C_rand_1__s2,359,1,341
square__C_rand_1__s2,360,1,201
square__C_rand_1__s2,361,1,242
square__C_rand_1__s2,362,0,500
square__C_rand_1__s2,363,0,500
square__C_rand_1__s2,364,1,279
square__C_rand_1__s2,365,0,500
square__C_rand_1__s2,366,0,500
square__C_rand_1__s2,367,1,191
square__C_rand_1__s2,368,0,500
square__C_rand_1__s2,369,1,220
square__C_rand_1__s2,370,1,274
square__C_rand_1__s2,371,0,500
square__C_rand_1__s2,372,0,500
square__C_rand_1__s2,373,1,180
square__C_rand_1__s2,374,0,500
square__C_rand_1__s2,375,1,261
square__C_rand_1__s2,376,1,239
square__C_rand_1__s2,377,1,197
square__C_rand_1__s2,378,1,222
square__C_rand_1__s2,379,1,363
square__C_rand_1__s2,380,1,311
square__C_rand_1__s2,381,1,285
square__C_rand_1__s2,382,0,500
square__C_rand_1__s2,383,1,238
square__C_rand_1__s2,384,1,226
square__C_rand_1__s2,385,1,331
square__C_rand_1__s2,386,0,500
square__C_rand_1__s2,387,1,201
square__C_rand_1__s2,388,1,251
square__C_rand_1__s2,389,1,201
square__C_rand_1__s2,390,1,236
square__C_rand_1__s2,391,1,275
square__C_rand_1__s2,392,1,251
square__C_rand_1__s2,393,0,500
square__C_rand_1__s2,394,0,500
square__C_rand_1__s2,395,1,339
square__C_rand_1__s2,396,1,218
square__C_rand_1__s2,397,1,182
square__C_rand_1__s2,398,0,500
square__C_rand_1__s2,399,1,201
square__C_rand_1__s2,400,1,295
square__C_rand_1__s2,401,1,299
square__C_rand_1__s2,402,1,377
square__C_rand_1__s2,403,0,500
square__C_rand_1__s2,404,0,500
square__C_rand_1__s2,405,1,189
square__C_rand_1__s2,406,1,180
square__C_rand_1__s2,407,1,228
square__C_rand_1__s2,408,0,500
square__C_rand_1__s2,409,0,500
square__C_rand_1__s2,410,1,255
square__C_rand_1__s2,411,0,500
square__C_rand_1__s2,412,0,500
square__C_rand_1__s2,413,0,500
square__C_rand_1__s2,414,1,182
square__C_rand_1__s2,415,1,325
square__C_rand_1__s2,416,1,203
square__C_rand_1__s2,417,1,310
square__C_rand_1__s2,418,1,209
square__C_rand_1__s2,419,0,500
square__C_rand_1__s2,420,0,500
square__C_rand_1__s2,421,1,191
square__C_rand_1__s2,422,1,357
square__C_rand_1__s2,423,1,249
square__C_rand_1__s2,424,0,500
square__C_rand_1__s2,425,1,219
square__C_rand_1__s2,426,1,230
square__C_rand_1__s2,427,1,230
square__C_rand_1__s2,428,0,500
square__C_rand_1__s2,429,1,157
square__C_rand_1__s2,430,1,192
square__C_rand_1__s2,431,0,500
square__C_rand_1__s2,432,1,211
square__C_rand_1__s2,433,1,192
square__C_rand_1__s2,434,0,500
square__C_rand_1__s2,435,1,317
square__C_rand_1__s2,436,1,178
square__C_rand_1__s2,437,1,219
square__C_rand_1__s2,438,0,500
square__C_rand_1__s2,439,1,382
square__C_rand_1__s2,440,0,500
square__C_rand_1__s2,441,1,211
square__C_rand_1__s2,442,1,167
square__C_rand_1__s2,443,0,500
square__C_rand_1__s2,444,1,168
square__C_rand_1__s2,445,0,500
square__C_rand_1__s2,446,0,500
square__C_rand_1__s2,447,1,192
square__C_rand_1__s2,448,1,347
square__C_rand_1__s2,449,1,225
square__C_rand_1__s2,450,1,170
square__C_rand_1__s2,451,1,261
square__C_rand_1__s2,452,1,299
square__C_rand_1__s2,453,1,266
square__C_rand_1__s2,454,1,183
square__C_rand_1__s2,455,0,500
square__C_rand_1__s2,456,1,301
square__C_rand_1__s2,457,1,401
square__C_rand_1__s2,458,0,500
square__C_rand_1__s2,459,0,500
square__C_rand_1__s2,460,1,231
square__C_rand_1__s2,461,1,201
square__C_rand_1__s2,462,0,500
square__C_rand_1__s2,463,0,500
square__C_rand_1__s2,464,1,243
square__C_rand_1__s2,465,1,250
square__C_rand_1__s2,466,0,500
square__C_rand_1__s2,467,0,500
square__C_rand_1__s2,468,1,489
square__C_rand_1__s2,469,1,290
square__C_rand_1__s2,470,0,500
square__C_rand_1__s2,471,0,500
square__C_rand_1__s2,472,0,500
square__C_rand_1__s2,473,1,187
square__C_rand_1__s2,474,1,326
square__C_rand_1__s2,475,1,232
square__C_rand_1__s2,476,1,241
square__C_rand_1__s2,477,1,247
square__C_rand_1__s2,478,0,500
square__C_rand_1__s2,479,1,235
square__C_rand_1__s2,480,1,201
square__C_rand_1__s2,481,0,500
square__C_rand_1__s2,482,0,500
square__C_rand_1__s2,483,1,192
square__C_rand_1__s2,484,0,500
square__C_rand_1__s2,485,1,249
square__C_rand_1__s2,486,1,207
square__C_rand_1__s2,487,1,226
square__C_rand_1__s2,488,0,500
square__C_rand_1__s2,489,0,500
square__C_rand_1__s2,490,1,240
square__C_rand_1__s2,491,1,227
square__C_rand_1__s2,492,0,500
square__C_rand_1__s2,493,1,262
square__C_rand_1__s2,494,0,500
square__C_rand_1__s2,495,1,267
square__C_rand_1__s2,496,1,179
square__C_rand_1__s2,497,0,500
square__C_rand_1__s2,498,1,206
square__C_rand_1__s2,499,0,500
square__C_rand_1__s3,0,0,500
square__C_rand_1__s3,1,1,268
square__C_rand_1__s3,2,1,265
square__C_rand_1__s3,3,1,267
square__C_rand_1__s3,4,1,339
square__C_rand_1__s3,5,0,500
square__C_rand_1__s3,6,0,500
square__C_rand_1__s3,7,1,154
square__C_rand_1__s3,8,0,500
square__C_rand_1__s3,9,1,450
square__C_rand_1__s3,10,1,195
square__C_rand_1__s3,11,1,337
square__C_rand_1__s3,12,1,173
square__C_rand_1__s3,13,0,500
square__C_rand_1__s3,14,1,292
square__C_rand_1__s3,15,1,161
square__C_rand_1__s3,16,0,500
square__C_rand_1__s3,17,1,272
square__C_rand_1__s3,18,0,500
square__C_rand_1__s3,19,1,228
square__C_rand_1__s3,20,0,500
square__C_rand_1__s3,21,0,500
square__C_rand_1__s3,22,1,169
square__C_rand_1__s3,23,1,356
square__C_rand_1__s3,24,0,500
square__C_rand_1__s3,25,1,183
square__C_rand_1__s3,26,1,201
square__C_rand_1__s3,27,0,500
square__C_rand_1__s3,28,1,170
square__C_rand_1__s3,29,1,140
square__C_rand_1__s3,30,1,413
square__C_rand_1__s3,31,1,196
square__C_rand_1__s3,32,1,257
square__C_rand_1__s3,33,1,290
square__C_rand_1__s3,34,1,214
square__C_rand_1__s3,35,1,319
square__C_rand_1__s3,36,1,372
square__C_rand_1__s3,37,1,298
square__C_rand_1__s3,38,1,251
square__C_rand_1__s3,39,1,249
square__C_rand_1__s3,40,0,500
square__C_rand_1__s3,41,1,187
square__C_rand_1__s3,42,1,161
square__C_rand_1__s3,43,0,500
square__C_rand_1__s3,44,0,500
square__C_rand_1__s3,45,1,383
square__C_rand_1__s3,46,1,190
square__C_rand_1__s3,47,1,390
square__C_rand_1__s3,48,1,345
square__C_rand_1__s3,49,1,199
square__C_rand_1__s3,50,1,448
square__C_rand_1__s3,51,0,500
square__C_rand_1__s3,52,0,500
square__C_rand_1__s3,53,1,172
square__C_rand_1__s3,54,0,500
square__C_rand_1__s3,55,0,500
square__C_rand_1__s3,56,1,326
square__C_rand_1__s3,57,0,500
square__C_rand_1__s3,58,1,253
square__C_rand_1__s3,59,1,190
square__C_rand_1__s3,60,1,177
square__C_rand_1__s3,61,1,186
square__C_rand_1__s3,62,1,178
square__C_rand_1__s3,63,1,191
square__C_rand_1__s3,64,1,230
square__C_rand_1__s3,65,1,250
square__C_rand_1__s3,66,1,171
square__C_rand_1__s3,67,1,230
square__C_rand_1__s3,68,0,500
square__C_rand_1__s3,69,1,161
square__C_rand_1__s3,70,0,500
square__C_rand_1__s3,71,0,500
square__C_rand_1__s3,72,0,500
square__C_rand_1__s3,73,1,240
square__C_rand_1__s3,74,1,253
square__C_rand_1__s3,75,1,158
square__C_rand_1__s3,76,1,162
square__C_rand_1__s3,77,1,262
square__C_rand_1__s3,78,1,250
square__C_rand_1__s3,79,0,500
square__C_rand_1__s3,80,1,452
square__C_rand_1__s3,81,1,197
square__C_rand_1__s3,82,1,188
square__C_rand_1__s3,83,1,299
square__C_rand_1__s3,84,1,159
square__C_rand_1__s3,85,1,159
square__C_rand_1__s3,86,1,290
square__C_rand_1__s3,87,0,500
square__C_rand_1__s3,88,0,500
square__C_rand_1__s3,89,1,172
square__C_rand_1__s3,90,1,212
square__C_rand_1__s3,91,1,238
square__C_rand_1__s3,92,1,224
square__C_rand_1__s3,93,0,500
square__C_rand_1__s3,94,1,461
square__C_rand_1__s3,95,0,500
square__C_rand_1__s3,96,1,208
square__C_rand_1__s3,97,0,500
square__C_rand_1__s3,98,1,277
square__C_rand_1__s3,99,1,150
square__C_rand_1__s3,100,1,166
square__C_rand_1__s3,101,1,421
square__C_rand_1__s3,102,1,372
square__C_rand_1__s3,103,1,200
square__C_rand_1__s3,104,1,329
square__C_rand_1__s3,105,0,500
square__C_rand_1__s3,106,0,500
square__C_rand_1__s3,107,1,172
square__C_rand_1__s3,108,1,193
square__C_rand_1__s3,109,0,500
square__C_rand_1__s3,110,1,217
square__C_rand_1__s3,111,1,178
square__C_rand_1__s3,112,1,225
square__C_rand_1__s3,113,1,180
square__C_rand_1__s3,114,1,265
square__C_rand_1__s3,115,0,500
square__C_rand_1__s3,116,1,238
square__C_rand_1__s3,117,1,179
square__C_rand_1__s3,118,0,500
square__C_rand_1__s3,119,0,500
square__C_rand_1__s3,120,1,199
square__C_rand_1__s3,121,1,175
square__C_rand_1__s3,122,0,500
square__C_rand_1__s3,123,0,500
square__C_rand_1__s3,124,0,500
square__C_rand_1__s3,125,1,223
square__C_rand_1__s3,126,1,200
square__C_rand_1__s3,127,1,339
square__C_rand_1__s3,128,1,361
square__C_rand_1__s3,129,1,488
square__C_rand_1__s3,130,0,500
square__C_rand_1__s3,131,1,176
square__C_rand_1__s3,132,1,247
square__C_rand_1__s3,133,1,272
square__C_rand_1__s3,134,1,343
square__C_rand_1__s3,135,0,500
square__C_rand_1__s3,136,1,290
square__C_rand_1__s3,137,1,188
square__C_rand_1__s3,138,1,290
square__C_rand_1__s3,139,1,171
square__C_rand_1__s3,140,0,500
square__C_rand_1__s3,141,1,228
square__C_rand_1__s3,142,1,170
square__C_rand_1__s3,143,0,500
square__C_rand_1__s3,144,0,500
square__C_rand_1__s3,145,1,241
square__C_rand_1__s3,146,1,203
square__C_rand_1__s3,147,1,176
square__C_rand_1__s3,148,1,159
square__C_rand_1__s3,149,1,202
square__C_rand_1__s3,150,1,341
square__C_rand_1__s3,151,0,500
square__C_rand_1__s3,152,1,221
square__C_rand_1__s3,153,1,291
square__C_rand_1__s3,154,1,171
square__C_rand_1__s3,155,1,391
square__C_rand_1__s3,156,0,500
square__C_rand_1__s3,157,1,261
square__C_rand_1__s3,158,0,500
square__C_rand_1__s3,159,0,500
square__C_rand_1__s3,160,0,500
square__C_rand_1__s3,161,0,500
square__C_rand_1__s3,162,1,412
square__C_rand_1__s3,163,1,375
square__C_rand_1__s3,164,0,500
square__C_rand_1__s3,165,1,150
square__C_rand_1__s3,166,0,500
square__C_rand_1__s3,167,1,238
square__C_rand_1__s3,168,0,500
square__C_rand_1__s3,169,1,190
square__C_rand_1__s3,170,0,500
square__C_rand_1__s3,171,0,500
square__C_rand_1__s3,172,1,221
square__C_rand_1__s3,173,0,500
square__C_rand_1__s3,174,1,207
square__C_rand_1__s3,175,1,212
square__C_rand_1__s3,176,0,500
square__C_rand_1__s3,177,0,500
square__C_rand_1__s3,178,1,172
square__C_rand_1__s3,179,0,500
square__C_rand_1__s3,180,1,400
square__C_rand_1__s3,181,1,389
square__C_rand_1__s3,182,0,500
square__C_rand_1__s3,183,1,389
square__C_rand_1__s3,184,1,160
square__C_rand_1__s3,185,1,192
square__C_rand_1__s3,186,0,500
square__C_rand_1__s3,187,1,199
square__C_rand_1__s3,188,1,345
square__C_rand_1__s3,189,0,500
square__C_rand_1__s3,190,1,188
square__C_rand_1__s3,191,1,253
square__C_rand_1__s3,192,1,372
square__C_rand_1__s3,193,1,288
square__C_rand_1__s3,194,1,222
square__C_rand_1__s3,195,0,500
square__C_rand_1__s3,196,1,160
square__C_rand_1__s3,197,1,231
square__C_rand_1__s3,198,1,422
square__C_rand_1__s3,199,0,500
square__C_rand_1__s3,200,1,301
square__C_rand_1__s3,201,0,500
square__C_rand_1__s3,202,0,500
square__C_rand_1__s3,203,0,500
square__C_rand_1__s3,204,0,500
square__C_rand_1__s3,205,0,500
square__C_rand_1__s3,206,0,500
square__C_rand_1__s3,207,1,192
square__C_rand_1__s3,208,0,500
square__C_rand_1__s3,209,1,168
square__C_rand_1__s3,210,1,237
square__C_rand_1__s3,211,1,370
square__C_rand_1__s3,212,1,266
square__C_rand_1__s3,213,0,500
square__C_rand_1__s3,214,0,500
square__C_rand_1__s3,215,1,161
square__C_rand_1__s3,216,0,500
square__C_rand_1__s3,217,0,500
square__C_rand_1__s3,218,1,281
square__C_rand_1__s3,219,0,500
square__C_rand_1__s3,220,1,224
square__C_rand_1__s3,221,1,418
square__C_rand_1__s3,222,1,175
square__C_rand_1__s3,223,1,188
square__C_rand_1__s3,224,0,500
square__C_rand_1__s3,225,1,140
square__C_rand_1__s3,226,1,327
square__C_rand_1__s3,227,1,210
square__C_rand_1__s3,228,1,170
square__C_rand_1__s3,229,0,500
square__C_rand_1__s3,230,1,421
square__C_rand_1__s3,231,1,242
square__C_rand_1__s3,232,1,218
square__C_rand_1__s3,233,1,359
square__C_rand_1__s3,234,1,306
square__C_rand_1__s3,235,0,500
square__C_rand_1__s3,236,0,500
square__C_rand_1__s3,237,1,257
square__C_rand_1__s3,238,0,500
square__C_rand_1__s3,239,0,500
square__C_rand_1__s3,240,1,288
square__C_rand_1__s3,241,1,172
square__C_rand_1__s3,242,0,500
square__C_rand_1__s3,243,1,213
square__C_rand_1__s3,244,1,345
square__C_rand_1__s3,245,0,500
square__C_rand_1__s3,246,1,270
square__C_rand_1__s3,247,1,171
square__C_rand_1__s3,248,1,169
square__C_rand_1__s3,249,0,500
square__C_rand_1__s3,250,0,500
square__C_rand_1__s3,251,1,192
square__C_rand_1__s3,252,1,170
square__C_rand_1__s3,253,0,500
square__C_rand_1__s3,254,1,171
square__C_rand_1__s3,255,1,248
square__C_rand_1__s3,256,1,349
square__C_rand_1__s3,257,0,500
square__C_rand_1__s3,258,1,201
square__C_rand_1__s3,259,0,500
square__C_rand_1__s3,260,1,183
square__C_rand_1__s3,261,1,317
square__C_rand_1__s3,262,1,180
square__C_rand_1__s3,263,0,500
square__C_rand_1__s3,264,1,280
square__C_rand_1__s3,265,0,500
square__C_rand_1__s3,266,1,171
square__C_rand_1__s3,267,1,265
square__C_rand_1__s3,268,1,274
square__C_rand_1__s3,269,1,200
square__C_rand_1__s3,270,1,367
square__C_rand_1__s3,271,0,500
square__C_rand_1__s3,272,1,467
square__C_rand_1__s3,273,1,177
square__C_rand_1__s3,274,1,489
square__C_rand_1__s3,275,0,500
square__C_rand_1__s3,276,0,500
square__C_rand_1__s3,277,0,500
square__C_rand_1__s3,278,1,209
square__C_rand_1__s3,279,0,500
square__C_rand_1__s3,280,1,219
square__C_rand_1__s3,281,1,420
square__C_rand_1__s3,282,1,323
square__C_rand_1__s3,283,0,500
square__C_rand_1__s3,284,1,273
square__C_rand_1__s3,285,1,427
square__C_rand_1__s3,286,0,500
square__C_rand_1__s3,287,0,500
square__C_rand_1__s3,288,1,308
square__C_rand_1__s3,289,1,251
square__C_rand_1__s3,290,1,255
square__C_rand_1__s3,291,0,500
square__C_rand_1__s3,292,1,232
square__C_rand_1__s3,293,1,183
square__C_rand_1__s3,294,1,162
square__C_rand_1__s3,295,1,221
square__C_rand_1__s3,296,1,339
square__C_rand_1__s3,297,0,500
square__C_rand_1__s3,298,1,226
square__C_rand_1__s3,299,1,188
square__C_rand_1__s3,300,1,391
square__C_rand_1__s3,301,0,500
square__C_rand_1__s3,302,1,194
square__C_rand_1__s3,303,1,309
square__C_rand_1__s3,304,0,500
square__C_rand_1__s3,305,0,500
square__C_rand_1__s3,306,0,500
square__C_rand_1__s3,307,1,248
square__C_rand_1__s3,308,1,198
square__C_rand_1__s3,309,0,500
square__C_rand_1__s3,310,0,500
square__C_rand_1__s3,311,0,500
square__C_rand_1__s3,312,1,300
square__C_rand_1__s3,313,1,191
square__C_rand_1__s3,314,0,500
square__C_rand_1__s3,315,1,190
square__C_rand_1__s3,316,1,168
square__C_rand_1__s3,317,0,500
square__C_rand_1__s3,318,0,500
square__C_rand_1__s3,319,1,288
square__C_rand_1__s3,320,1,370
square__C_rand_1__s3,321,1,180
square__C_rand_1__s3,322,1,165
square__C_rand_1__s3,323,1,491
square__C_rand_1__s3,324,0,500
square__C_rand_1__s3,325,0,500
square__C_rand_1__s3,326,0,500
square__C_rand_1__s3,327,1,243
square__C_rand_1__s3,328,1,339
square__C_rand_1__s3,329,1,296
square__C_rand_1__s3,330,1,167
square__C_rand_1__s3,331,0,500
square__C_rand_1__s3,332,1,252
square__C_rand_1__s3,333,0,500
square__C_rand_1__s3,334,0,500
square__C_rand_1__s3,335,1,169
square__C_rand_1__s3,336,1,270
square__C_rand_1__s3,337,0,500
square__C_rand_1__s3,338,1,189
square__C_rand_1__s3,339,1,181
square__C_rand_1__s3,340,0,500
square__C_rand_1__s3,341,0,500
square__C_rand_1__s3,342,0,500
square__C_rand_1__s3,343,0,500
square__C_rand_1__s3,344,1,159
square__C_rand_1__s3,345,0,500
square__C_rand_1__s3,346,1,250
square__C_rand_1__s3,347,1,399
square__C_rand_1__s3,348,1,284
square__C_rand_1__s3,349,0,500
square__C_rand_1__s3,350,1,326
square__C_rand_1__s3,351,1,151
square__C_rand_1__s3,352,1,222
square__C_rand_1__s3,353,0,500
square__C_rand_1__s3,354,1,422
square__C_rand_1__s3,355,1,277
square__C_rand_1__s3,356,1,236
square__C_rand_1__s3,357,0,500
square__C_rand_1__s3,358,0,500
square__C_rand_1__s3,359,1,412
square__C_rand_1__s3,360,1,423
square__C_rand_1__s3,361,1,473
square__C_rand_1__s3,362,1,311
square__C_rand_1__s3,363,0,500
square__C_rand_1__s3,364,1,187
square__C_rand_1__s3,365,1,201
square__C_rand_1__s3,366,1,484
square__C_rand_1__s3,367,1,246
square__C_rand_1__s3,368,0,500
square__C_rand_1__s3,369,0,500
square__C_rand_1__s3,370,1,262
square__C_rand_1__s3,371,0,500
square__C_rand_1__s3,372,0,500
square__C_rand_1__s3,373,0,500
square__C_rand_1__s3,374,0,500
square__C_rand_1__s3,375,1,186
square__C_rand_1__s3,376,1,159
square__C_rand_1__s3,377,1,221
square__C_rand_1__s3,378,1,169
square__C_rand_1__s3,379,0,500
square__C_rand_1__s3,380,1,225
square__C_rand_1__s3,381,0,500
square__C_rand_1__s3,382,1,361
square__C_rand_1__s3,383,1,285
square__C_rand_1__s3,384,0,500
square__C_rand_1__s3,385,0,500
square__C_rand_1__s3,386,1,250
square__C_rand_1__s3,387,1,169
square__C_rand_1__s3,388,1,228
square__C_rand_1__s3,389,0,500
square__C_rand_1__s3,390,1,222
square__C_rand_1__s3,391,1,210
square__C_rand_1__s3,392,1,201
square__C_rand_1__s3,393,1,298
square__C_rand_1__s3,394,1,264
square__C_rand_1__s3,395,0,500
square__C_rand_1__s3,396,1,376
square__C_rand_1__s3,397,1,211
square__C_rand_1__s3,398,0,500
square__C_rand_1__s3,399,0,500
square__C_rand_1__s3,400,1,159
square__C_rand_1__s3,401,0,500
square__C_rand_1__s3,402,1,226
square__C_rand_1__s3,403,1,441
square__C_rand_1__s3,404,1,298
square__C_rand_1__s3,405,1,306
square__C_rand_1__s3,406,1,189
square__C_rand_1__s3,407,1,181
square__C_rand_1__s3,408,1,280
square__C_rand_1__s3,409,1,259
square__C_rand_1__s3,410,0,500
square__C_rand_1__s3,411,1,341
square__C_rand_1__s3,412,0,500
square__C_rand_1__s3,413,1,300
square__C_rand_1__s3,414,1,199
square__C_rand_1__s3,415,0,500
square__C_rand_1__s3,416,0,500
square__C_rand_1__s3,417,1,469
square__C_rand_1__s3,418,1,284
square__C_rand_1__s3,419,1,219
square__C_rand_1__s3,420,0,500
square__C_rand_1__s3,421,1,152
square__C_rand_1__s3,422,0,500
square__C_rand_1__s3,423,1,226
square__C_rand_1__s3,424,0,500
square__C_rand_1__s3,425,0,500
square__C_rand_1__s3,426,1,200
square__C_rand_1__s3,427,1,171
square__C_rand_1__s3,428,1,266
square__C_rand_1__s3,429,0,500
square__C_rand_1__s3,430,1,159
square__C_rand_1__s3,431,1,347
square__C_rand_1__s3,432,1,217
square__C_rand_1__s3,433,0,500
square__C_rand_1__s3,434,1,186
square__C_rand_1__s3,435,1,192
square__C_rand_1__s3,436,1,164
square__C_rand_1__s3,437,0,500
square__C_rand_1__s3,438,0,500
square__C_rand_1__s3,439,1,337
square__C_rand_1__s3,440,0,500
square__C_rand_1__s3,441,1,172
square__C_rand_1__s3,442,0,500
square__C_rand_1__s3,443,0,500
square__C_rand_1__s3,444,0,500
square__C_rand_1__s3,445,0,500
square__C_rand_1__s3,446,0,500
square__C_rand_1__s3,447,0,500
square__C_rand_1__s3,448,1,178
square__C_rand_1__s3,449,0,500
square__C_rand_1__s3,450,0,500
square__C_rand_1__s3,451,0,500
square__C_rand_1__s3,452,1,189
square__C_rand_1__s3,453,1,281
square__C_rand_1__s3,454,1,182
square__C_rand_1__s3,455,1,170
square__C_rand_1__s3,456,1,170
square__C_rand_1__s3,457,0,500
square__C_rand_1__s3,458,0,500
square__C_rand_1__s3,459,1,339
square__C_rand_1__s3,460,0,500
square__C_rand_1__s3,461,1,180
square__C_rand_1__s3,462,0,500
square__C_rand_1__s3,463,1,245
square__C_rand_1__s3,464,0,500
square__C_rand_1__s3,465,1,298
square__C_rand_1__s3,466,0,500
square__C_rand_1__s3,467,1,286
square__C_rand_1__s3,468,1,195
square__C_rand_1__s3,469,1,318
square__C_rand_1__s3,470,1,388
square__C_rand_1__s3,471,1,241
square__C_rand_1__s3,472,1,238
square__C_rand_1__s3,473,0,500
square__C_rand_1__s3,474,1,163
square__C_rand_1__s3,475,1,209
square__C_rand_1__s3,476,1,188
square__C_rand_1__s3,477,0,500
square__C_rand_1__s3,478,1,259
square__C_rand_1__s3,479,0,500
square__C_rand_1__s3,480,0,500
square__C_rand_1__s3,481,1,232
square__C_rand_1__s3,482,1,497
square__C_rand_1__s3,483,1,313
square__C_rand_1__s3,484,1,350
square__C_rand_1__s3,485,1,314
square__C_rand_1__s3,486,1,291
square__C_rand_1__s3,487,0,500
square__C_rand_1__s3,488,0,500
square__C_rand_1__s3,489,0,500
square__C_rand_1__s3,490,0,500
square__C_rand_1__s3,491,0,500
square__C_rand_1__s3,492,0,500
square__C_rand_1__s3,493,0,500
square__C_rand_1__s3,494,1,329
square__C_rand_1__s3,495,1,253
square__C_rand_1__s3,496,1,169
square__C_rand_1__s3,497,0,500
square__C_rand_1__s3,498,1,329
square__C_rand_1__s3,499,0,500
square__C_rand_2__s1,0,0,500
square__C_rand_2__s1,1,0,500
square__C_rand_2__s1,2,0,500
square__C_rand_2__s1,3,1,352
square__C_rand_2__s1,4,0,500
square__C_rand_2__s1,5,0,500
square__C_rand_2__s1,6,0,500
square__C_rand_2__s1,7,0,500
square__C_rand_2__s1,8,0,500
square__C_rand_2__s1,9,1,149
square__C_rand_2__s1,10,1,258
square__C_rand_2__s1,11,0,500
square__C_rand_2__s1,12,0,500
square__C_rand_2__s1,13,0,500
square__C_rand_2__s1,14,1,191
square__C_rand_2__s1,15,0,500
square__C_rand_2__s1,16,1,241
square__C_rand_2__s1,17,0,500
square__C_rand_2__s1,18,1,171
square__C_rand_2__s1,19,1,460
square__C_rand_2__s1,20,0,500
square__C_rand_2__s1,21,1,203
square__C_rand_2__s1,22,1,241
square__C_rand_2__s1,23,1,189
square__C_rand_2__s1,24,1,232
square__C_rand_2__s1,25,1,331
square__C_rand_2__s1,26,1,220
square__C_rand_2__s1,27,0,500
square__C_rand_2__s1,28,0,500
square__C_rand_2__s1,29,0,500
square__C_rand_2__s1,30,0,500
square__C_rand_2__s1,31,0,500
square__C_rand_2__s1,32,0,500
square__C_rand_2__s1,33,0,500
square__C_rand_2__s1,34,0,500
square__C_rand_2__s1,35,0,500
square__C_rand_2__s1,36,0,500
square__C_rand_2__s1,37,1,290
square__C_rand_2__s1,38,0,500
square__C_rand_2__s1,39,1,499
square__C_rand_2__s1,40,1,223
square__C_rand_2__s1,41,1,192
square__C_rand_2__s1,42,0,500
square__C_rand_2__s1,43,0,500
square__C_rand_2__s1,44,0,500
square__C_rand_2__s1,45,0,500
square__C_rand_2__s1,46,1,193
square__C_rand_2__s1,47,0,500
square__C_rand_2__s1,48,1,302
square__C_rand_2__s1,49,1,440
square__C_rand_2__s1,50,1,290
square__C_rand_2__s1,51,1,219
square__C_rand_2__s1,52,0,500
square__C_rand_2__s1,53,0,500
square__C_rand_2__s1,54,0,500
square__C_rand_2__s1,55,1,197
square__C_rand_2__s1,56,0,500
square__C_rand_2__s1,57,0,500
square__C_rand_2__s1,58,1,200
square__C_rand_2__s1,59,1,191
square__C_rand_2__s1,60,1,370
square__C_rand_2__s1,61,0,500
square__C_rand_2__s1,62,1,213
square__C_rand_2__s1,63,1,178
square__C_rand_2__s1,64,1,184
square__C_rand_2__s1,65,1,211
square__C_rand_2__s1,66,0,500
square__C_rand_2__s1,67,1,368
square__C_rand_2__s1,68,0,500
square__C_rand_2__s1,69,0,500
square__C_rand_2__s1,70,0,500
square__C_rand_2__s1,71,0,500
square__C_rand_2__s1,72,0,500
square__C_rand_2__s1,73,1,241
square__C_rand_2__s1,74,0,500
square__C_rand_2__s1,75,1,189
square__C_rand_2__s1,76,0,500
square__C_rand_2__s1,77,1,211
square__C_rand_2__s1,78,1,454
square__C_rand_2__s1,79,1,304
square__C_rand_2__s1,80,0,500
square__C_rand_2__s1,81,0,500
square__C_rand_2__s1,82,1,312
square__C_rand_2__s1,83,1,220
square__C_rand_2__s1,84,0,500
square__C_rand_2__s1,85,0,500
square__C_rand_2__s1,86,0,500
square__C_rand_2__s1,87,0,500
square__C_rand_2__s1,88,1,211
square__C_rand_2__s1,89,0,500
square__C_rand_2__s1,90,1,227
square__C_rand_2__s1,91,0,500
square__C_rand_2__s1,92,1,372
square__C_rand_2__s1,93,1,152
square__C_rand_2__s1,94,1,148
square__C_rand_2__s1,95,0,500
square__C_rand_2__s1,96,0,500
square__C_rand_2__s1,97,0,500
square__C_rand_2__s1,98,0,500
square__C_rand_2__s1,99,0,500
square__C_rand_2__s1,100,1,241
square__C_rand_2__s1,101,1,319
square__C_rand_2__s1,102,1,295
square__C_rand_2__s1,103,1,232
square__C_rand_2__s1,104,1,338
square__C_rand_2__s1,105,1,212
square__C_rand_2__s1,106,0,500
square__C_rand_2__s1,107,1,408
square__C_rand_2__s1,108,1,395
square__C_rand_2__s1,109,0,500
square__C_rand_2__s1,110,0,500
square__C_rand_2__s1,111,0,500
square__C_rand_2__s1,112,0,500
square__C_rand_2__s1,113,1,200
square__C_rand_2__s1,114,1,162
square__C_rand_2__s1,115,1,239
square__C_rand_2__s1,116,1,288
square__C_rand_2__s1,117,1,182
square__C_rand_2__s1,118,1,262
square__C_rand_2__s1,119,0,500
square__C_rand_2__s1,120,1,190
square__C_rand_2__s1,121,0,500
square__C_rand_2__s1,122,0,500
square__C_rand_2__s1,123,0,500
square__C_rand_2__s1,124,0,500
square__C_rand_2__s1,125,1,285
square__C_rand_2__s1,126,1,337
square__C_rand_2__s1,127,1,274
square__C_rand_2__s1,128,0,500
square__C_rand_2__s1,129,1,192
square__C_rand_2__s1,130,0,500
square__C_rand_2__s1,131,1,191
square__C_rand_2__s1,132,1,272
square__C_rand_2__s1,133,0,500
square__C_rand_2__s1,134,0,500
square__C_rand_2__s1,135,0,500
square__C_rand_2__s1,136,0,500
square__C_rand_2__s1,137,1,199
square__C_rand_2__s1,138,1,180
square__C_rand_2__s1,139,0,500
square__C_rand_2__s1,140,0,500
square__C_rand_2__s1,141,0,500
square__C_rand_2__s1,142,1,263
square__C_rand_2__s1,143,0,500
square__C_rand_2__s1,144,1,210
square__C_rand_2__s1,145,1,366
square__C_rand_2__s1,146,0,500
square__C_rand_2__s1,147,1,168
square__C_rand_2__s1,148,0,500
square__C_rand_2__s1,149,1,237
square__C_rand_2__s1,150,1,250
square__C_rand_2__s1,151,1,175
square__C_rand_2__s1,152,1,240
square__C_rand_2__s1,153,0,500
square__C_rand_2__s1,154,1,230
square__C_rand_2__s1,155,0,500
square__C_rand_2__s1,156,0,500
square__C_rand_2__s1,157,1,288
square__C_rand_2__s1,158,0,500
square__C_rand_2__s1,159,0,500
square__C_rand_2__s1,160,1,181
square__C_rand_2__s1,161,0,500
square__C_rand_2__s1,162,1,242
square__C_rand_2__s1,163,0,500
square__C_rand_2__s1,164,1,232
square__C_rand_2__s1,165,1,180
square__C_rand_2__s1,166,0,500
square__C_rand_2__s1,167,1,314
square__C_rand_2__s1,168,0,500
square__C_rand_2__s1,169,1,218
square__C_rand_2__s1,170,1,226
square__C_rand_2__s1,171,0,500
square__C_rand_2__s1,172,1,237
square__C_rand_2__s1,173,0,500
square__C_rand_2__s1,174,1,165
square__C_rand_2__s1,175,1,456
square__C_rand_2__s1,176,0,500
square__C_rand_2__s1,177,0,500
square__C_rand_2__s1,178,1,179
square__C_rand_2__s1,179,0,500
square__C_rand_2__s1,180,1,362
square__C_rand_2__s1,181,1,218
square__C_rand_2__s1,182,0,500
square__C_rand_2__s1,183,1,471
square__C_rand_2__s1,184,1,171
square__C_rand_2__s1,185,1,380
square__C_rand_2__s1,186,1,212
square__C_rand_2__s1,187,1,320
square__C_rand_2__s1,188,1,427
square__C_rand_2__s1,189,0,500
square__C_rand_2__s1,190,1,150
square__C_rand_2__s1,191,1,262
square__C_rand_2__s1,192,0,500
square__C_rand_2__s1,193,1,199
square__C_rand_2__s1,194,0,500
square__C_rand_2__s1,195,1,332
square__C_rand_2__s1,196,1,192
square__C_rand_2__s1,197,1,218
square__C_rand_2__s1,198,1,276
square__C_rand_2__s1,199,1,311
square__C_rand_2__s1,200,0,500
square__C_rand_2__s1,201,0,500
square__C_rand_2__s1,202,0,500
square__C_rand_2__s1,203,1,463
square__C_rand_2__s1,204,0,500
square__C_rand_2__s1,205,1,252
square__C_rand_2__s1,206,0,500
square__C_rand_2__s1,207,0,500
square__C_rand_2__s1,208,0,500
square__C_rand_2__s1,209,0,500
square__C_rand_2__s1,210,1,182
square__C_rand_2__s1,211,0,500
square__C_rand_2__s1,212,1,170
square__C_rand_2__s1,213,0,500
square__C_rand_2__s1,214,1,325
square__C_rand_2__s1,215,1,215
square__C_rand_2__s1,216,1,290
square__C_rand_2__s1,217,1,250
square__C_rand_2__s1,218,1,381
square__C_rand_2__s1,219,1,190
square__C_rand_2__s1,220,1,319
square__C_rand_2__s1,221,1,227
square__C_rand_2__s1,222,1,266
square__C_rand_2__s1,223,1,181
square__C_rand_2__s1,224,1,181
square__C_rand_2__s1,225,1,271
square__C_rand_2__s1,226,1,181
square__C_rand_2__s1,227,1,191
square__C_rand_2__s1,228,1,265
square__C_rand_2__s1,229,0,500
square__C_rand_2__s1,230,1,291
square__C_rand_2__s1,231,0,500
square__C_rand_2__s1,232,0,500
square__C_rand_2__s1,233,1,497
square__C_rand_2__s1,234,0,500
square__C_rand_2__s1,235,0,500
square__C_rand_2__s1,236,1,256
square__C_rand_2__s1,237,0,500
square__C_rand_2__s1,238,1,219
square__C_rand_2__s1,239,1,178
square__C_rand_2__s1,240,1,219
square__C_rand_2__s1,241,1,271
square__C_rand_2__s1,242,0,500
square__C_rand_2__s1,243,1,272
square__C_rand_2__s1,244,1,201
square__C_rand_2__s1,245,1,204
square__C_rand_2__s1,246,1,301
square__C_rand_2__s1,247,0,500
square__C_rand_2__s1,248,0,500
square__C_rand_2__s1,249,1,188
square__C_rand_2__s1,250,1,198
square__C_rand_2__s1,251,1,277
square__C_rand_2__s1,252,1,251
square__C_rand_2__s1,253,1,284
square__C_rand_2__s1,254,1,209
square__C_rand_2__s1,255,1,178
square__C_rand_2__s1,256,1,251
square__C_rand_2__s1,257,1,218
square__C_rand_2__s1,258,0,500
square__C_rand_2__s1,259,1,228
square__C_rand_2__s1,260,1,261
square__C_rand_2__s1,261,0,500
square__C_rand_2__s1,262,0,500
square__C_rand_2__s1,263,0,500
square__C_rand_2__s1,264,1,227
square__C_rand_2__s1,265,0,500
square__C_rand_2__s1,266,0,500
square__C_rand_2__s1,267,1,273
square__C_rand_2__s1,268,0,500
square__C_rand_2__s1,269,1,171
square__C_rand_2__s1,270,0,500
square__C_rand_2__s1,271,1,211
square__C_rand_2__s1,272,1,299
square__C_rand_2__s1,273,0,500
square__C_rand_2__s1,274,1,286
square__C_rand_2__s1,275,1,270
square__C_rand_2__s1,276,1,211
square__C_rand_2__s1,277,0,500
square__C_rand_2__s1,278,1,250
square__C_rand_2__s1,279,0,500
square__C_rand_2__s1,280,0,500
square__C_rand_2__s1,281,1,193
square__C_rand_2__s1,282,1,350
square__C_rand_2__s1,283,1,422
square__C_rand_2__s1,284,1,178
square__C_rand_2__s1,285,1,283
square__C_rand_2__s1,286,0,500
square__C_rand_2__s1,287,1,364
square__C_rand_2__s1,288,0,500
square__C_rand_2__s1,289,0,500
square__C_rand_2__s1,290,0,500
square__C_rand_2__s1,291,0,500
square__C_rand_2__s1,292,1,222
square__C_rand_2__s1,293,1,203
square__C_rand_2__s1,294,1,400
square__C_rand_2__s1,295,1,311
square__C_rand_2__s1,296,0,500
square__C_rand_2__s1,297,1,212
square__C_rand_2__s1,298,1,296
square__C_rand_2__s1,299,1,209
square__C_rand_2__s1,300,0,500
square__C_rand_2__s1,301,0,500
square__C_rand_2__s1,302,1,202
square__C_rand_2__s1,303,1,269
square__C_rand_2__s1,304,0,500
square__C_rand_2__s1,305,0,500
square__C_rand_2__s1,306,1,423
square__C_rand_2__s1,307,1,151
square__C_rand_2__s1,308,1,259
square__C_rand_2__s1,309,1,183
square__C_rand_2__s1,310,0,500
square__C_rand_2__s1,311,1,201
square__C_rand_2__s1,312,1,212
square__C_rand_2__s1,313,1,168
square__C_rand_2__s1,314,0,500
square__C_rand_2__s1,315,1,469
square__C_rand_2__s1,316,1,201
square__C_rand_2__s1,317,0,500
square__C_rand_2__s1,318,1,391
square__C_rand_2__s1,319,1,233
square__C_rand_2__s1,320,0,500
square__C_rand_2__s1,321,0,500
square__C_rand_2__s1,322,1,424
square__C_rand_2__s1,323,0,500
square__C_rand_2__s1,324,0,500
square__C_rand_2__s1,325,0,500
square__C_rand_2__s1,326,1,393
square__C_rand_2__s1,327,0,500
square__C_rand_2__s1,328,1,199
square__C_rand_2__s1,329,0,500
square__C_rand_2__s1,330,0,500
square__C_rand_2__s1,331,0,500
square__C_rand_2__s1,332,1,170
square__C_rand_2__s1,333,1,289
square__C_rand_2__s1,334,0,500
square__C_rand_2__s1,335,0,500
square__C_rand_2__s1,336,0,500
square__C_rand_2__s1,337,0,500
square__C_rand_2__s1,338,1,192
square__C_rand_2__s1,339,1,228
square__C_rand_2__s1,340,0,500
square__C_rand_2__s1,341,1,218
square__C_rand_2__s1,342,1,196
square__C_rand_2__s1,343,1,190
square__C_rand_2__s1,344,1,231
square__C_rand_2__s1,345,0,500
square__C_rand_2__s1,346,1,200
square__C_rand_2__s1,347,1,249
square__C_rand_2__s1,348,1,251
square__C_rand_2__s1,349,1,217
square__C_rand_2__s1,350,1,234
square__C_rand_2__s1,351,1,191
square__C_rand_2__s1,352,0,500
square__C_rand_2__s1,353,1,222
square__C_rand_2__s1,354,0,500
square__C_rand_2__s1,355,1,201
square__C_rand_2__s1,356,0,500
square__C_rand_2__s1,357,0,500
square__C_rand_2__s1,358,1,223
square__C_rand_2__s1,359,0,500
square__C_rand_2__s1,360,1,209
square__C_rand_2__s1,361,1,398
square__C_rand_2__s1,362,1,225
square__C_rand_2__s1,363,0,500
square__C_rand_2__s1,364,1,203
square__C_rand_2__s1,365,1,444
square__C_rand_2__s1,366,0,500
square__C_rand_2__s1,367,1,210
square__C_rand_2__s1,368,1,222
square__C_rand_2__s1,369,0,500
square__C_rand_2__s1,370,1,231
square__C_rand_2__s1,371,0,500
square__C_rand_2__s1,372,1,433
square__C_rand_2__s1,373,1,263
square__C_rand_2__s1,374,0,500
square__C_rand_2__s1,375,1,477
square__C_rand_2__s1,376,1,169
square__C_rand_2__s1,377,0,500
square__C_rand_2__s1,378,1,358
square__C_rand_2__s1,379,0,500
square__C_rand_2__s1,380,1,200
square__C_rand_2__s1,381,0,500
square__C_rand_2__s1,382,1,170
square__C_rand_2__s1,383,0,500
square__C_rand_2__s1,384,0,500
square__C_rand_2__s1,385,0,500
square__C_rand_2__s1,386,0,500
square__C_rand_2__s1,387,1,230
square__C_rand_2__s1,388,1,202
square__C_rand_2__s1,389,1,341
square__C_rand_2__s1,390,0,500
square__C_rand_2__s1,391,1,239
square__C_rand_2__s1,392,1,375
square__C_rand_2__s1,393,1,364
square__C_rand_2__s1,394,1,410
square__C_rand_2__s1,395,0,500
square__C_rand_2__s1,396,1,432
square__C_rand_2__s1,397,1,189
square__C_rand_2__s1,398,1,212
square__C_rand_2__s1,399,0,500
square__C_rand_2__s1,400,1,163
square__C_rand_2__s1,401,1,304
square__C_rand_2__s1,402,1,160
square__C_rand_2__s1,403,1,376
square__C_rand_2__s1,404,1,160
square__C_rand_2__s1,405,0,500
square__C_rand_2__s1,406,0,500
square__C_rand_2__s1,407,0,500
square__C_rand_2__s1,408,1,258
square__C_rand_2__s1,409,0,500
square__C_rand_2__s1,410,0,500
square__C_rand_2__s1,411,0,500
square__C_rand_2__s1,412,0,500
square__C_rand_2__s1,413,0,500
square__C_rand_2__s1,414,1,221
square__C_rand_2__s1,415,0,500
square__C_rand_2__s1,416,0,500
square__C_rand_2__s1,417,0,500
square__C_rand_2__s1,418,1,249
square__C_rand_2__s1,419,0,500
square__C_rand_2__s1,420,0,500
square__C_rand_2__s1,421,1,217
square__C_rand_2__s1,422,0,500
square__C_rand_2__s1,423,0,500
square__C_rand_2__s1,424,0,500
square__C_rand_2__s1,425,1,310
square__C_rand_2__s1,426,1,402
square__C_rand_2__s1,427,0,500
square__C_rand_2__s1,428,0,500
square__C_rand_2__s1,429,1,271
square__C_rand_2__s1,430,1,282
square__C_rand_2__s1,431,0,500
square__C_rand_2__s1,432,1,328
square__C_rand_2__s1,433,1,273
square__C_rand_2__s1,434,1,201
square__C_rand_2__s1,435,0,500
square__C_rand_2__s1,436,1,309
square__C_rand_2__s1,437,1,214
square__C_rand_2__s1,438,1,410
square__C_rand_2__s1,439,0,500
square__C_rand_2__s1,440,0,500
square__C_rand_2__s1,441,1,258
square__C_rand_2__s1,442,1,221
square__C_rand_2__s1,443,1,239
square__C_rand_2__s1,444,1,352
square__C_rand_2__s1,445,0,500
square__C_rand_2__s1,446,1,223
square__C_rand_2__s1,447,1,187
square__C_rand_2__s1,448,1,274
square__C_rand_2__s1,449,1,282
square__C_rand_2__s1,450,1,163
square__C_rand_2__s1,451,0,500
square__C_rand_2__s1,452,0,500
square__C_rand_2__s1,453,1,458
square__C_rand_2__s1,454,1,193
square__C_rand_2__s1,455,1,223
square__C_rand_2__s1,456,0,500
square__C_rand_2__s1,457,1,312
square__C_rand_2__s1,458,1,207
square__C_rand_2__s1,459,0,500
square__C_rand_2__s1,460,0,500
square__C_rand_2__s1,461,1,190
square__C_rand_2__s1,462,1,251
square__C_rand_2__s1,463,0,500
square__C_rand_2__s1,464,1,278
square__C_rand_2__s1,465,0,500
square__C_rand_2__s1,466,0,500
square__C_rand_2__s1,467,1,184
square__C_rand_2__s1,468,1,207
square__C_rand_2__s1,469,0,500
square__C_rand_2__s1,470,0,500
square__C_rand_2__s1,471,1,160
square__C_rand_2__s1,472,1,365
square__C_rand_2__s1,473,1,251
square__C_rand_2__s1,474,1,174
square__C_rand_2__s1,475,1,272
square__C_rand_2__s1,476,1,189
square__C_rand_2__s1,477,0,500
square__C_rand_2__s1,478,1,259
square__C_rand_2__s1,479,1,286
square__C_rand_2__s1,480,1,186
square__C_rand_2__s1,481,0,500
square__C_rand_2__s1,482,1,321
square__C_rand_2__s1,483,0,500
square__C_rand_2__s1,484,1,195
square__C_rand_2__s1,485,1,251
square__C_rand_2__s1,486,1,367
square__C_rand_2__s1,487,1,349
square__C_rand_2__s1,488,0,500
square__C_rand_2__s1,489,0,500
square__C_rand_2__s1,490,0,500
square__C_rand_2__s1,491,1,353
square__C_rand_2__s1,492,0,500
square__C_rand_2__s1,493,0,500
square__C_rand_2__s1,494,0,500
square__C_rand_2__s1,495,1,197
square__C_rand_2__s1,496,1,240
square__C_rand_2__s1,497,0,500
square__C_rand_2__s1,498,1,236
square__C_rand_2__s1,499,0,500
square__C_rand_2__s2,0,0,500
square__C_rand_2__s2,1,0,500
square__C_rand_2__s2,2,0,500
square__C_rand_2__s2,3,1,221
square__C_rand_2__s2,4,0,500
square__C_rand_2__s2,5,0,500
square__C_rand_2__s2,6,1,312
square__C_rand_2__s2,7,1,222
square__C_rand_2__s2,8,1,394
square__C_rand_2__s2,9,1,173
square__C_rand_2__s2,10,1,381
square__C_rand_2__s2,11,0,500
square__C_rand_2__s2,12,0,500
square__C_rand_2__s2,13,1,229
square__C_rand_2__s2,14,1,177
square__C_rand_2__s2,15,1,211
square__C_rand_2__s2,16,1,472
square__C_rand_2__s2,17,1,223
square__C_rand_2__s2,18,1,238
square__C_rand_2__s2,19,1,190
square__C_rand_2__s2,20,1,371
square__C_rand_2__s2,21,0,500
square__C_rand_2__s2,22,1,258
square__C_rand_2__s2,23,0,500
square__C_rand_2__s2,24,0,500
square__C_rand_2__s2,25,0,500
square__C_rand_2__s2,26,1,209
square__C_rand_2__s2,27,1,361
square__C_rand_2__s2,28,1,188
square__C_rand_2__s2,29,1,223
square__C_rand_2__s2,30,1,172
square__C_rand_2__s2,31,1,241
square__C_rand_2__s2,32,1,244
square__C_rand_2__s2,33,1,459
square__C_rand_2__s2,34,1,227
square__C_rand_2__s2,35,0,500
square__C_rand_2__s2,36,0,500
square__C_rand_2__s2,37,1,320
square__C_rand_2__s2,38,0,500
square__C_rand_2__s2,39,1,232
square__C_rand_2__s2,40,0,500
square__C_rand_2__s2,41,1,180
square__C_rand_2__s2,42,1,282
square__C_rand_2__s2,43,1,407
square__C_rand_2__s2,44,0,500
square__C_rand_2__s2,45,1,389
square__C_rand_2__s2,46,1,232
square__C_rand_2__s2,47,0,500
square__C_rand_2__s2,48,0,500
square__C_rand_2__s2,49,1,178
square__C_rand_2__s2,50,1,409
square__C_rand_2__s2,51,1,248
square__C_rand_2__s2,52,0,500
square__C_rand_2__s2,53,1,198
square__C_rand_2__s2,54,0,500
square__C_rand_2__s2,55,0,500
square__C_rand_2__s2,56,0,500
square__C_rand_2__s2,57,1,165
square__C_rand_2__s2,58,1,295
square__C_rand_2__s2,59,1,199
square__C_rand_2__s2,60,1,261
square__C_rand_2__s2,61,1,209
square__C_rand_2__s2,62,1,197
square__C_rand_2__s2,63,0,500
square__C_rand_2__s2,64,1,322
square__C_rand_2__s2,65,1,220
square__C_rand_2__s2,66,0,500
square__C_rand_2__s2,67,1,208
square__C_rand_2__s2,68,1,270
square__C_rand_2__s2,69,1,233
square__C_rand_2__s2,70,0,500
square__C_rand_2__s2,71,1,280
square__C_rand_2__s2,72,0,500
square__C_rand_2__s2,73,1,213
square__C_rand_2__s2,74,1,203
square__C_rand_2__s2,75,1,171
square__C_rand_2__s2,76,1,281
square__C_rand_2__s2,77,1,158
square__C_rand_2__s2,78,1,326
square__C_rand_2__s2,79,0,500
square__C_rand_2__s2,80,1,228
square__C_rand_2__s2,81,1,170
square__C_rand_2__s2,82,1,354
square__C_rand_2__s2,83,1,145
square__C_rand_2__s2,84,1,189
square__C_rand_2__s2,85,1,190
square__C_rand_2__s2,86,0,500
square__C_rand_2__s2,87,0,500
square__C_rand_2__s2,88,0,500
square__C_rand_2__s2,89,1,249
square__C_rand_2__s2,90,1,199
square__C_rand_2__s2,91,0,500
square__C_rand_2__s2,92,1,218
square__C_rand_2__s2,93,0,500
square__C_rand_2__s2,94,1,169
square__C_rand_2__s2,95,0,500
square__C_rand_2__s2,96,0,500
square__C_rand_2__s2,97,1,311
square__C_rand_2__s2,98,1,250
square__C_rand_2__s2,99,0,500
square__C_rand_2__s2,100,1,196
square__C_rand_2__s2,101,1,272
square__C_rand_2__s2,102,0,500
square__C_rand_2__s2,103,0,500
square__C_rand_2__s2,104,0,500
square__C_rand_2__s2,105,1,460
square__C_rand_2__s2,106,0,500
square__C_rand_2__s2,107,0,500
square__C_rand_2__s2,108,1,208
square__C_rand_2__s2,109,0,500
square__C_rand_2__s2,110,1,276
square__C_rand_2__s2,111,1,243
square__C_rand_2__s2,112,1,272
square__C_rand_2__s2,113,1,207
square__C_rand_2__s2,114,1,171
square__C_rand_2__s2,115,1,419
square__C_rand_2__s2,116,1,162
square__C_rand_2__s2,117,1,303
square__C_rand_2__s2,118,1,290
square__C_rand_2__s2,119,0,500
square__C_rand_2__s2,120,1,290
square__C_rand_2__s2,121,0,500
square__C_rand_2__s2,122,0,500
square__C_rand_2__s2,123,1,321
square__C_rand_2__s2,124,1,218
square__C_rand_2__s2,125,0,500
square__C_rand_2__s2,126,1,200
square__C_rand_2__s2,127,1,200
square__C_rand_2__s2,128,0,500
square__C_rand_2__s2,129,1,288
square__C_rand_2__s2,130,0,500
square__C_rand_2__s2,131,1,382
square__C_rand_2__s2,132,1,178
square__C_rand_2__s2,133,0,500
square__C_rand_2__s2,134,1,287
square__C_rand_2__s2,135,0,500
square__C_rand_2__s2,136,1,286
square__C_rand_2__s2,137,1,272
square__C_rand_2__s2,138,1,320
square__C_rand_2__s2,139,0,500
square__C_rand_2__s2,140,1,210
square__C_rand_2__s2,141,1,208
square__C_rand_2__s2,142,0,500
square__C_rand_2__s2,143,0,500
square__C_rand_2__s2,144,1,188
square__C_rand_2__s2,145,1,245
square__C_rand_2__s2,146,0,500
square__C_rand_2__s2,147,1,359
square__C_rand_2__s2,148,0,500
square__C_rand_2__s2,149,1,251
square__C_rand_2__s2,150,0,500
square__C_rand_2__s2,151,1,355
square__C_rand_2__s2,152,1,349
square__C_rand_2__s2,153,1,194
square__C_rand_2__s2,154,1,231
square__C_rand_2__s2,155,0,500
square__C_rand_2__s2,156,1,237
square__C_rand_2__s2,157,1,272
square__C_rand_2__s2,158,0,500
square__C_rand_2__s2,159,0,500
square__C_rand_2__s2,160,1,205
square__C_rand_2__s2,161,0,500
square__C_rand_2__s2,162,1,218
square__C_rand_2__s2,163,1,277
square__C_rand_2__s2,164,1,278
square__C_rand_2__s2,165,1,218
square__C_rand_2__s2,166,0,500
square__C_rand_2__s2,167,1,267
square__C_rand_2__s2,168,0,500
square__C_rand_2__s2,169,1,489
square__C_rand_2__s2,170,1,181
square__C_rand_2__s2,171,0,500
square__C_rand_2__s2,172,0,500
square__C_rand_2__s2,173,1,401
square__C_rand_2__s2,174,0,500
square__C_rand_2__s2,175,0,500
square__C_rand_2__s2,176,1,249
square__C_rand_2__s2,177,1,339
square__C_rand_2__s2,178,1,201
square__C_rand_2__s2,179,1,211
square__C_rand_2__s2,180,1,371
square__C_rand_2__s2,181,1,207
square__C_rand_2__s2,182,0,500
square__C_rand_2__s2,183,1,259
square__C_rand_2__s2,184,1,168
square__C_rand_2__s2,185,1,439
square__C_rand_2__s2,186,0,500
square__C_rand_2__s2,187,1,208
square__C_rand_2__s2,188,0,500
square__C_rand_2__s2,189,0,500
square__C_rand_2__s2,190,1,150
square__C_rand_2__s2,191,0,500
square__C_rand_2__s2,192,1,182
square__C_rand_2__s2,193,0,500
square__C_rand_2__s2,194,0,500
square__C_rand_2__s2,195,0,500
square__C_rand_2__s2,196,1,195
square__C_rand_2__s2,197,1,211
square__C_rand_2__s2,198,1,192
square__C_rand_2__s2,199,1,276
square__C_rand_2__s2,200,0,500
square__C_rand_2__s2,201,0,500
square__C_rand_2__s2,202,1,177
square__C_rand_2__s2,203,1,190
square__C_rand_2__s2,204,1,212
square__C_rand_2__s2,205,0,500
square__C_rand_2__s2,206,1,220
square__C_rand_2__s2,207,0,500
square__C_rand_2__s2,208,1,218
square__C_rand_2__s2,209,0,500
square__C_rand_2__s2,210,1,178
square__C_rand_2__s2,211,1,206
square__C_rand_2__s2,212,1,351
square__C_rand_2__s2,213,0,500
square__C_rand_2__s2,214,1,222
square__C_rand_2__s2,215,1,327
square__C_rand_2__s2,216,0,500
square__C_rand_2__s2,217,1,260
square__C_rand_2__s2,218,0,500
square__C_rand_2__s2,219,1,177
square__C_rand_2__s2,220,1,219
square__C_rand_2__s2,221,1,168
square__C_rand_2__s2,222,1,232
square__C_rand_2__s2,223,0,500
square__C_rand_2__s2,224,0,500
square__C_rand_2__s2,225,0,500
square__C_rand_2__s2,226,1,268
square__C_rand_2__s2,227,1,200
square__C_rand_2__s2,228,1,310
square__C_rand_2__s2,229,1,471
square__C_rand_2__s2,230,1,221
square__C_rand_2__s2,231,1,285
square__C_rand_2__s2,232,1,243
square__C_rand_2__s2,233,0,500
square__C_rand_2__s2,234,0,500
square__C_rand_2__s2,235,0,500
square__C_rand_2__s2,236,1,220
square__C_rand_2__s2,237,0,500
square__C_rand_2__s2,238,0,500
square__C_rand_2__s2,239,0,500
square__C_rand_2__s2,240,1,222
square__C_rand_2__s2,241,1,184
square__C_rand_2__s2,242,1,308
square__C_rand_2__s2,243,1,280
square__C_rand_2__s2,244,1,180
square__C_rand_2__s2,245,1,252
square__C_rand_2__s2,246,1,258
square__C_rand_2__s2,247,1,261
square__C_rand_2__s2,248,1,265
square__C_rand_2__s2,249,1,310
square__C_rand_2__s2,250,0,500
square__C_rand_2__s2,251,0,500
square__C_rand_2__s2,252,0,500
square__C_rand_2__s2,253,0,500
square__C_rand_2__s2,254,1,247
square__C_rand_2__s2,255,1,176
square__C_rand_2__s2,256,1,206
square__C_rand_2__s2,257,1,242
square__C_rand_2__s2,258,1,197
square__C_rand_2__s2,259,0,500
square__C_rand_2__s2,260,0,500
square__C_rand_2__s2,261,1,314
square__C_rand_2__s2,262,1,341
square__C_rand_2__s2,263,0,500
square__C_rand_2__s2,264,0,500
square__C_rand_2__s2,265,0,500
square__C_rand_2__s2,266,0,500
square__C_rand_2__s2,267,1,224
square__C_rand_2__s2,268,1,149
square__C_rand_2__s2,269,1,261
square__C_rand_2__s2,270,1,237
square__C_rand_2__s2,271,1,192
square__C_rand_2__s2,272,0,500
square__C_rand_2__s2,273,1,242
square__C_rand_2__s2,274,0,500
square__C_rand_2__s2,275,1,212
square__C_rand_2__s2,276,0,500
square__C_rand_2__s2,277,0,500
square__C_rand_2__s2,278,1,269
square__C_rand_2__s2,279,1,149
square__C_rand_2__s2,280,0,500
square__C_rand_2__s2,281,0,500
square__C_rand_2__s2,282,1,344
square__C_rand_2__s2,283,1,269
square__C_rand_2__s2,284,1,184
square__C_rand_2__s2,285,1,219
square__C_rand_2__s2,286,1,282
square__C_rand_2__s2,287,1,311
square__C_rand_2__s2,288,1,390
square__C_rand_2__s2,289,0,500
square__C_rand_2__s2,290,1,234
square__C_rand_2__s2,291,0,500
square__C_rand_2__s2,292,1,203
square__C_rand_2__s2,293,1,179
square__C_rand_2__s2,294,1,261
square__C_rand_2__s2,295,1,177
square__C_rand_2__s2,296,0,500
square__C_rand_2__s2,297,1,212
square__C_rand_2__s2,298,1,281
square__C_rand_2__s2,299,1,223
square__C_rand_2__s2,300,0,500
square__C_rand_2__s2,301,1,310
square__C_rand_2__s2,302,1,191
square__C_rand_2__s2,303,1,222
square__C_rand_2__s2,304,0,500
square__C_rand_2__s2,305,0,500
square__C_rand_2__s2,306,1,460
square__C_rand_2__s2,307,1,146
square__C_rand_2__s2,308,1,250
square__C_rand_2__s2,309,0,500
square__C_rand_2__s2,310,1,170
square__C_rand_2__s2,311,0,500
square__C_rand_2__s2,312,1,342
square__C_rand_2__s2,313,1,327
square__C_rand_2__s2,314,1,244
square__C_rand_2__s2,315,1,258
square__C_rand_2__s2,316,1,392
square__C_rand_2__s2,317,1,425
square__C_rand_2__s2,318,1,241
square__C_rand_2__s2,319,1,249
square__C_rand_2__s2,320,0,500
square__C_rand_2__s2,321,1,231
square__C_rand_2__s2,322,1,340
square__C_rand_2__s2,323,0,500
square__C_rand_2__s2,324,0,500
square__C_rand_2__s2,325,0,500
square__C_rand_2__s2,326,1,213
square__C_rand_2__s2,327,0,500
square__C_rand_2__s2,328,1,448
square__C_rand_2__s2,329,0,500
square__C_rand_2__s2,330,0,500
square__C_rand_2__s2,331,0,500
square__C_rand_2__s2,332,1,277
square__C_rand_2__s2,333,1,239
square__C_rand_2__s2,334,0,500
square__C_rand_2__s2,335,1,192
square__C_rand_2__s2,336,1,163
square__C_rand_2__s2,337,1,293
square__C_rand_2__s2,338,1,151
square__C_rand_2__s2,339,0,500
square__C_rand_2__s2,340,0,500
square__C_rand_2__s2,341,1,230
square__C_rand_2__s2,342,0,500
square__C_rand_2__s2,343,1,202
square__C_rand_2__s2,344,1,295
square__C_rand_2__s2,345,1,278
square__C_rand_2__s2,346,0,500
square__C_rand_2__s2,347,1,196
square__C_rand_2__s2,348,1,229
square__C_rand_2__s2,349,0,500
square__C_rand_2__s2,350,0,500
square__C_rand_2__s2,351,1,221
square__C_rand_2__s2,352,1,212
square__C_rand_2__s2,353,0,500
square__C_rand_2__s2,354,0,500
square__C_rand_2__s2,355,1,233
square__C_rand_2__s2,356,1,187
square__C_rand_2__s2,357,1,200
square__C_rand_2__s2,358,1,259
square__C_rand_2__s2,359,0,500
square__C_rand_2__s2,360,0,500
square__C_rand_2__s2,361,1,319
square__C_rand_2__s2,362,0,500
square__C_rand_2__s2,363,1,272
square__C_rand_2__s2,364,1,177
square__C_rand_2__s2,365,1,174
square__C_rand_2__s2,366,1,167
square__C_rand_2__s2,367,1,181
square__C_rand_2__s2,368,0,500
square__C_rand_2__s2,369,1,162
square__C_rand_2__s2,370,0,500
square__C_rand_2__s2,371,0,500
square__C_rand_2__s2,372,0,500
square__C_rand_2__s2,373,1,189
square__C_rand_2__s2,374,0,500
square__C_rand_2__s2,375,1,239
square__C_rand_2__s2,376,1,213
square__C_rand_2__s2,377,0,500
square__C_rand_2__s2,378,0,500
square__C_rand_2__s2,379,1,227
square__C_rand_2__s2,380,1,195
square__C_rand_2__s2,381,0,500
square__C_rand_2__s2,382,1,183
square__C_rand_2__s2,383,1,191
square__C_rand_2__s2,384,0,500
square__C_rand_2__s2,385,0,500
square__C_rand_2__s2,386,0,500
square__C_rand_2__s2,387,1,492
square__C_rand_2__s2,388,0,500
square__C_rand_2__s2,389,1,171
square__C_rand_2__s2,390,1,220
square__C_rand_2__s2,391,1,180
square__C_rand_2__s2,392,1,159
square__C_rand_2__s2,393,0,500
square__C_rand_2__s2,394,0,500
square__C_rand_2__s2,395,1,181
square__C_rand_2__s2,396,1,398
square__C_rand_2__s2,397,0,500
square__C_rand_2__s2,398,0,500
square__C_rand_2__s2,399,1,211
square__C_rand_2__s2,400,0,500
square__C_rand_2__s2,401,1,480
square__C_rand_2__s2,402,1,199
square__C_rand_2__s2,403,1,329
square__C_rand_2__s2,404,1,179
square__C_rand_2__s2,405,1,212
square__C_rand_2__s2,406,1,220
square__C_rand_2__s2,407,1,280
square__C_rand_2__s2,408,1,219
square__C_rand_2__s2,409,0,500
square__C_rand_2__s2,410,0,500
square__C_rand_2__s2,411,0,500
square__C_rand_2__s2,412,1,376
square__C_rand_2__s2,413,0,500
square__C_rand_2__s2,414,1,228
square__C_rand_2__s2,415,1,300
square__C_rand_2__s2,416,0,500
square__C_rand_2__s2,417,1,199
square__C_rand_2__s2,418,1,222
square__C_rand_2__s2,419,1,238
square__C_rand_2__s2,420,0,500
square__C_rand_2__s2,421,1,178
square__C_rand_2__s2,422,1,450
square__C_rand_2__s2,423,0,500
square__C_rand_2__s2,424,0,500
square__C_rand_2__s2,425,1,196
square__C_rand_2__s2,426,1,181
square__C_rand_2__s2,427,1,312
square__C_rand_2__s2,428,1,338
square__C_rand_2__s2,429,0,500
square__C_rand_2__s2,430,0,500
square__C_rand_2__s2,431,1,242
square__C_rand_2__s2,432,0,500
square__C_rand_2__s2,433,1,202
square__C_rand_2__s2,434,1,305
square__C_rand_2__s2,435,0,500
square__C_rand_2__s2,436,0,500
square__C_rand_2__s2,437,1,287
square__C_rand_2__s2,438,1,289
square__C_rand_2__s2,439,1,162
square__C_rand_2__s2,440,0,500
square__C_rand_2__s2,441,0,500
square__C_rand_2__s2,442,1,304
square__C_rand_2__s2,443,1,205
square__C_rand_2__s2,444,1,269
square__C_rand_2__s2,445,0,500
square__C_rand_2__s2,446,1,270
square__C_rand_2__s2,447,1,182
square__C_rand_2__s2,448,0,500
square__C_rand_2__s2,449,1,241
square__C_rand_2__s2,450,1,167
square__C_rand_2__s2,451,0,500
square__C_rand_2__s2,452,1,152
square__C_rand_2__s2,453,1,197
square__C_rand_2__s2,454,1,209
square__C_rand_2__s2,455,1,182
square__C_rand_2__s2,456,0,500
square__C_rand_2__s2,457,1,201
square__C_rand_2__s2,458,0,500
square__C_rand_2__s2,459,1,267
square__C_rand_2__s2,460,1,209
square__C_rand_2__s2,461,1,389
square__C_rand_2__s2,462,1,191
square__C_rand_2__s2,463,0,500
square__C_rand_2__s2,464,1,240
square__C_rand_2__s2,465,1,192
square__C_rand_2__s2,466,0,500
square__C_rand_2__s2,467,0,500
square__C_rand_2__s2,468,1,492
square__C_rand_2__s2,469,1,178
square__C_rand_2__s2,470,0,500
square__C_rand_2__s2,471,1,153
square__C_rand_2__s2,472,0,500
square__C_rand_2__s2,473,0,500
square__C_rand_2__s2,474,1,180
square__C_rand_2__s2,475,1,191
square__C_rand_2__s2,476,1,204
square__C_rand_2__s2,477,1,155
square__C_rand_2__s2,478,0,500
square__C_rand_2__s2,479,0,500
square__C_rand_2__s2,480,0,500
square__C_rand_2__s2,481,1,195
square__C_rand_2__s2,482,0,500
square__C_rand_2__s2,483,0,500
square__C_rand_2__s2,484,0,500
square__C_rand_2__s2,485,0,500
square__C_rand_2__s2,486,1,212
square__C_rand_2__s2,487,1,219
square__C_rand_2__s2,488,1,406
square__C_rand_2__s2,489,0,500
square__C_rand_2__s2,490,1,212
square__C_rand_2__s2,491,1,235
square__C_rand_2__s2,492,0,500
square__C_rand_2__s2,493,1,193
square__C_rand_2__s2,494,0,500
square__C_rand_2__s2,495,1,217
square__C_rand_2__s2,496,1,186
square__C_rand_2__s2,497,1,191
square__C_rand_2__s2,498,1,209
square__C_rand_2__s2,499,1,226
square__C_rand_2__s3,0,1,183
square__C_rand_2__s3,1,1,191
square__C_rand_2__s3,2,0,500
square__C_rand_2__s3,3,1,193
square__C_rand_2__s3,4,0,500
square__C_rand_2__s3,5,0,500
square__C_rand_2__s3,6,0,500
square__C_rand_2__s3,7,1,217
square__C_rand_2__s3,8,1,223
square__C_rand_2__s3,9,0,500
square__C_rand_2__s3,10,0,500
square__C_rand_2__s3,11,1,204
square__C_rand_2__s3,12,1,310
square__C_rand_2__s3,13,0,500
square__C_rand_2__s3,14,1,198
square__C_rand_2__s3,15,0,500
square__C_rand_2__s3,16,1,252
square__C_rand_2__s3,17,0,500
square__C_rand_2__s3,18,1,179
square__C_rand_2__s3,19,0,500
square__C_rand_2__s3,20,1,232
square__C_rand_2__s3,21,0,500
square__C_rand_2__s3,22,1,341
square__C_rand_2__s3,23,1,172
square__C_rand_2__s3,24,0,500
square__C_rand_2__s3,25,1,267
square__C_rand_2__s3,26,1,199
square__C_rand_2__s3,27,1,289
square__C_rand_2__s3,28,1,184
square__C_rand_2__s3,29,1,185
square__C_rand_2__s3,30,0,500
square__C_rand_2__s3,31,0,500
square__C_rand_2__s3,32,1,277
square__C_rand_2__s3,33,1,306
square__C_rand_2__s3,34,1,191
square__C_rand_2__s3,35,1,198
square__C_rand_2__s3,36,0,500
square__C_rand_2__s3,37,1,207
square__C_rand_2__s3,38,0,500
square__C_rand_2__s3,39,0,500
square__C_rand_2__s3,40,0,500
square__C_rand_2__s3,41,1,223
square__C_rand_2__s3,42,1,263
square__C_rand_2__s3,43,1,217
square__C_rand_2__s3,44,0,500
square__C_rand_2__s3,45,1,190
square__C_rand_2__s3,46,1,180
square__C_rand_2__s3,47,0,500
square__C_rand_2__s3,48,1,204
square__C_rand_2__s3,49,1,278
square__C_rand_2__s3,50,1,301
square__C_rand_2__s3,51,1,211
square__C_rand_2__s3,52,0,500
square__C_rand_2__s3,53,1,286
square__C_rand_2__s3,54,0,500
square__C_rand_2__s3,55,0,500
square__C_rand_2__s3,56,1,157
square__C_rand_2__s3,57,1,495
square__C_rand_2__s3,58,1,202
square__C_rand_2__s3,59,1,200
square__C_rand_2__s3,60,1,260
square__C_rand_2__s3,61,1,369
square__C_rand_2__s3,62,1,181
square__C_rand_2__s3,63,0,500
square__C_rand_2__s3,64,1,231
square__C_rand_2__s3,65,1,482
square__C_rand_2__s3,66,1,474
square__C_rand_2__s3,67,0,500
square__C_rand_2__s3,68,0,500
square__C_rand_2__s3,69,1,171
square__C_rand_2__s3,70,0,500
square__C_rand_2__s3,71,1,276
square__C_rand_2__s3,72,0,500
square__C_rand_2__s3,73,1,199
square__C_rand_2__s3,74,0,500
square__C_rand_2__s3,75,1,185
square__C_rand_2__s3,76,0,500
square__C_rand_2__s3,77,1,247
square__C_rand_2__s3,78,1,364
square__C_rand_2__s3,79,0,500
square__C_rand_2__s3,80,0,500
square__C_rand_2__s3,81,0,500
square__C_rand_2__s3,82,1,280
square__C_rand_2__s3,83,1,219
square__C_rand_2__s3,84,1,212
square__C_rand_2__s3,85,1,322
square__C_rand_2__s3,86,0,500
square__C_rand_2__s3,87,0,500
square__C_rand_2__s3,88,0,500
square__C_rand_2__s3,89,1,349
square__C_rand_2__s3,90,1,180
square__C_rand_2__s3,91,0,500
square__C_rand_2__s3,92,1,201
square__C_rand_2__s3,93,1,160
square__C_rand_2__s3,94,1,151
square__C_rand_2__s3,95,0,500
square__C_rand_2__s3,96,1,272
square__C_rand_2__s3,97,0,500
square__C_rand_2__s3,98,1,208
square__C_rand_2__s3,99,1,252
square__C_rand_2__s3,100,0,500
square__C_rand_2__s3,101,1,261
square__C_rand_2__s3,102,0,500
square__C_rand_2__s3,103,0,500
square__C_rand_2__s3,104,0,500
square__C_rand_2__s3,105,1,186
square__C_rand_2__s3,106,1,207
square__C_rand_2__s3,107,1,191
square__C_rand_2__s3,108,1,192
square__C_rand_2__s3,109,1,259
square__C_rand_2__s3,110,1,252
square__C_rand_2__s3,111,1,207
square__C_rand_2__s3,112,1,159
square__C_rand_2__s3,113,1,158
square__C_rand_2__s3,114,0,500
square__C_rand_2__s3,115,0,500
square__C_rand_2__s3,116,1,202
square__C_rand_2__s3,117,1,189
square__C_rand_2__s3,118,0,500
square__C_rand_2__s3,119,0,500
square__C_rand_2__s3,120,1,182
square__C_rand_2__s3,121,1,198
square__C_rand_2__s3,122,0,500
square__C_rand_2__s3,123,0,500
square__C_rand_2__s3,124,1,487
square__C_rand_2__s3,125,0,500
square__C_rand_2__s3,126,1,170
square__C_rand_2__s3,127,1,205
square__C_rand_2__s3,128,1,290
square__C_rand_2__s3,129,1,211
square__C_rand_2__s3,130,0,500
square__C_rand_2__s3,131,1,322
square__C_rand_2__s3,132,1,171
square__C_rand_2__s3,133,0,500
square__C_rand_2__s3,134,0,500
square__C_rand_2__s3,135,1,153
square__C_rand_2__s3,136,0,500
square__C_rand_2__s3,137,1,177
square__C_rand_2__s3,138,1,169
square__C_rand_2__s3,139,0,500
square__C_rand_2__s3,140,0,500
square__C_rand_2__s3,141,0,500
square__C_rand_2__s3,142,1,193
square__C_rand_2__s3,143,0,500
square__C_rand_2__s3,144,1,272
square__C_rand_2__s3,145,0,500
square__C_rand_2__s3,146,1,195
square__C_rand_2__s3,147,1,159
square__C_rand_2__s3,148,0,500
square__C_rand_2__s3,149,0,500
square__C_rand_2__s3,150,1,203
square__C_rand_2__s3,151,0,500
square__C_rand_2__s3,152,0,500
square__C_rand_2__s3,153,1,272
square__C_rand_2__s3,154,1,163
square__C_rand_2__s3,155,0,500
square__C_rand_2__s3,156,0,500
square__C_rand_2__s3,157,1,319
square__C_rand_2__s3,158,1,270
square__C_rand_2__s3,159,0,500
square__C_rand_2__s3,160,1,197
square__C_rand_2__s3,161,0,500
square__C_rand_2__s3,162,1,240
square__C_rand_2__s3,163,1,200
square__C_rand_2__s3,164,0,500
square__C_rand_2__s3,165,1,227
square__C_rand_2__s3,166,0,500
square__C_rand_2__s3,167,1,223
square__C_rand_2__s3,168,1,237
square__C_rand_2__s3,169,1,455
square__C_rand_2__s3,170,1,231
square__C_rand_2__s3,171,1,280
square__C_rand_2__s3,172,1,244
square__C_rand_2__s3,173,1,343
square__C_rand_2__s3,174,1,158
square__C_rand_2__s3,175,1,204
square__C_rand_2__s3,176,0,500
square__C_rand_2__s3,177,1,260
square__C_rand_2__s3,178,1,451
square__C_rand_2__s3,179,0,500
square__C_rand_2__s3,180,1,232
square__C_rand_2__s3,181,0,500
square__C_rand_2__s3,182,1,209
square__C_rand_2__s3,183,1,302
square__C_rand_2__s3,184,0,500
square__C_rand_2__s3,185,1,411
square__C_rand_2__s3,186,1,186
square__C_rand_2__s3,187,0,500
square__C_rand_2__s3,188,0,500
square__C_rand_2__s3,189,0,500
square__C_rand_2__s3,190,1,223
square__C_rand_2__s3,191,0,500
square__C_rand_2__s3,192,1,222
square__C_rand_2__s3,193,1,140
square__C_rand_2__s3,194,0,500
square__C_rand_2__s3,195,0,500
square__C_rand_2__s3,196,1,179
square__C_rand_2__s3,197,0,500
square__C_rand_2__s3,198,1,198
square__C_rand_2__s3,199,1,182
square__C_rand_2__s3,200,1,289
square__C_rand_2__s3,201,1,160
square__C_rand_2__s3,202,0,500
square__C_rand_2__s3,203,1,232
square__C_rand_2__s3,204,1,379
square__C_rand_2__s3,205,1,291
square__C_rand_2__s3,206,1,195
square__C_rand_2__s3,207,1,158
square__C_rand_2__s3,208,1,324
square__C_rand_2__s3,209,0,500
square__C_rand_2__s3,210,1,206
square__C_rand_2__s3,211,0,500
square__C_rand_2__s3,212,1,147
square__C_rand_2__s3,213,0,500
square__C_rand_2__s3,214,0,500
square__C_rand_2__s3,215,0,500
square__C_rand_2__s3,216,1,428
square__C_rand_2__s3,217,1,188
square__C_rand_2__s3,218,0,500
square__C_rand_2__s3,219,1,190
square__C_rand_2__s3,220,0,500
square__C_rand_2__s3,221,1,182
square__C_rand_2__s3,222,1,219
square__C_rand_2__s3,223,1,216
square__C_rand_2__s3,224,0,500
square__C_rand_2__s3,225,0,500
square__C_rand_2__s3,226,1,248
square__C_rand_2__s3,227,1,289
square__C_rand_2__s3,228,1,217
square__C_rand_2__s3,229,0,500
square__C_rand_2__s3,230,1,190
square__C_rand_2__s3,231,0,500
square__C_rand_2__s3,232,1,340
square__C_rand_2__s3,233,1,429
square__C_rand_2__s3,234,0,500
square__C_rand_2__s3,235,1,210
square__C_rand_2__s3,236,0,500
square__C_rand_2__s3,237,1,179
square__C_rand_2__s3,238,1,352
square__C_rand_2__s3,239,1,202
square__C_rand_2__s3,240,1,229
square__C_rand_2__s3,241,0,500
square__C_rand_2__s3,242,1,225
square__C_rand_2__s3,243,0,500
square__C_rand_2__s3,244,1,182
square__C_rand_2__s3,245,1,169
square__C_rand_2__s3,246,1,205
square__C_rand_2__s3,247,1,239
square__C_rand_2__s3,248,0,500
square__C_rand_2__s3,249,1,313
square__C_rand_2__s3,250,1,165
square__C_rand_2__s3,251,1,183
square__C_rand_2__s3,252,1,220
square__C_rand_2__s3,253,0,500
square__C_rand_2__s3,254,1,321
square__C_rand_2__s3,255,1,250
square__C_rand_2__s3,256,1,177
square__C_rand_2__s3,257,0,500
square__C_rand_2__s3,258,1,178
square__C_rand_2__s3,259,1,320
square__C_rand_2__s3,260,1,249
square__C_rand_2__s3,261,0,500
square__C_rand_2__s3,262,0,500
square__C_rand_2__s3,263,0,500
square__C_rand_2__s3,264,1,197
square__C_rand_2__s3,265,0,500
square__C_rand_2__s3,266,1,203
square__C_rand_2__s3,267,1,432
square__C_rand_2__s3,268,1,179
square__C_rand_2__s3,269,1,240
square__C_rand_2__s3,270,1,171
square__C_rand_2__s3,271,1,179
square__C_rand_2__s3,272,1,226
square__C_rand_2__s3,273,1,209
square__C_rand_2__s3,274,1,162
square__C_rand_2__s3,275,1,204
square__C_rand_2__s3,276,0,500
square__C_rand_2__s3,277,1,330
square__C_rand_2__s3,278,1,381
square__C_rand_2__s3,279,1,197
square__C_rand_2__s3,280,1,281
square__C_rand_2__s3,281,0,500
square__C_rand_2__s3,282,1,205
square__C_rand_2__s3,283,1,290
square__C_rand_2__s3,284,1,204
square__C_rand_2__s3,285,1,316
square__C_rand_2__s3,286,0,500
square__C_rand_2__s3,287,1,499
square__C_rand_2__s3,288,0,500
square__C_rand_2__s3,289,0,500
square__C_rand_2__s3,290,1,236
square__C_rand_2__s3,291,1,341
square__C_rand_2__s3,292,1,192
square__C_rand_2__s3,293,1,329
square__C_rand_2__s3,294,1,207
square__C_rand_2__s3,295,0,500
square__C_rand_2__s3,296,1,195
square__C_rand_2__s3,297,1,191
square__C_rand_2__s3,298,1,212
square__C_rand_2__s3,299,1,256
square__C_rand_2__s3,300,0,500
square__C_rand_2__s3,301,0,500
square__C_rand_2__s3,302,1,310
square__C_rand_2__s3,303,1,291
square__C_rand_2__s3,304,1,249
square__C_rand_2__s3,305,1,239
square__C_rand_2__s3,306,1,310
square__C_rand_2__s3,307,1,193
square__C_rand_2__s3,308,1,179
square__C_rand_2__s3,309,1,238
square__C_rand_2__s3,310,1,183
square__C_rand_2__s3,311,1,255
square__C_rand_2__s3,312,1,365
square__C_rand_2__s3,313,1,202
square__C_rand_2__s3,314,1,262
square__C_rand_2__s3,315,1,196
square__C_rand_2__s3,316,1,185
square__C_rand_2__s3,317,0,500
square__C_rand_2__s3,318,1,189
square__C_rand_2__s3,319,1,254
square__C_rand_2__s3,320,1,170
square__C_rand_2__s3,321,1,208
square__C_rand_2__s3,322,1,349
square__C_rand_2__s3,323,0,500
square__C_rand_2__s3,324,0,500
square__C_rand_2__s3,325,1,189
square__C_rand_2__s3,326,1,307
square__C_rand_2__s3,327,1,222
square__C_rand_2__s3,328,1,188
square__C_rand_2__s3,329,0,500
square__C_rand_2__s3,330,0,500
square__C_rand_2__s3,331,1,168
square__C_rand_2__s3,332,1,188
square__C_rand_2__s3,333,0,500
square__C_rand_2__s3,334,0,500
square__C_rand_2__s3,335,1,181
square__C_rand_2__s3,336,0,500
square__C_rand_2__s3,337,0,500
square__C_rand_2__s3,338,1,240
square__C_rand_2__s3,339,0,500
square__C_rand_2__s3,340,1,268
square__C_rand_2__s3,341,1,342
square__C_rand_2__s3,342,0,500
square__C_rand_2__s3,343,1,203
square__C_rand_2__s3,344,1,252
square__C_rand_2__s3,345,0,500
square__C_rand_2__s3,346,1,191
square__C_rand_2__s3,347,1,269
square__C_rand_2__s3,348,0,500
square__C_rand_2__s3,349,0,500
square__C_rand_2__s3,350,0,500
square__C_rand_2__s3,351,1,239
square__C_rand_2__s3,352,0,500
square__C_rand_2__s3,353,1,244
square__C_rand_2__s3,354,0,500
square__C_rand_2__s3,355,0,500
square__C_rand_2__s3,356,1,159
square__C_rand_2__s3,357,1,466
square__C_rand_2__s3,358,1,279
square__C_rand_2__s3,359,0,500
square__C_rand_2__s3,360,1,207
square__C_rand_2__s3,361,1,189
square__C_rand_2__s3,362,0,500
square__C_rand_2__s3,363,1,221
square__C_rand_2__s3,364,1,258
square__C_rand_2__s3,365,0,500
square__C_rand_2__s3,366,1,232
square__C_rand_2__s3,367,1,286
square__C_rand_2__s3,368,0,500
square__C_rand_2__s3,369,1,185
square__C_rand_2__s3,370,0,500
square__C_rand_2__s3,371,1,221
square__C_rand_2__s3,372,0,500
square__C_rand_2__s3,373,1,238
square__C_rand_2__s3,374,0,500
square__C_rand_2__s3,375,1,177
square__C_rand_2__s3,376,1,210
square__C_rand_2__s3,377,0,500
square__C_rand_2__s3,378,1,158
square__C_rand_2__s3,379,0,500
square__C_rand_2__s3,380,1,178
square__C_rand_2__s3,381,0,500
square__C_rand_2__s3,382,1,304
square__C_rand_2__s3,383,1,168
square__C_rand_2__s3,384,0,500
square__C_rand_2__s3,385,1,190
square__C_rand_2__s3,386,0,500
square__C_rand_2__s3,387,0,500
square__C_rand_2__s3,388,0,500
square__C_rand_2__s3,389,1,212
square__C_rand_2__s3,390,0,500
square__C_rand_2__s3,391,1,199
square__C_rand_2__s3,392,0,500
square__C_rand_2__s3,393,1,272
square__C_rand_2__s3,394,0,500
square__C_rand_2__s3,395,1,252
square__C_rand_2__s3,396,1,333
square__C_rand_2__s3,397,1,177
square__C_rand_2__s3,398,0,500
square__C_rand_2__s3,399,1,308
square__C_rand_2__s3,400,1,410
square__C_rand_2__s3,401,1,312
square__C_rand_2__s3,402,1,168
square__C_rand_2__s3,403,1,189
square__C_rand_2__s3,404,1,149
square__C_rand_2__s3,405,1,187
square__C_rand_2__s3,406,1,229
square__C_rand_2__s3,407,1,240
square__C_rand_2__s3,408,1,171
square__C_rand_2__s3,409,1,340
square__C_rand_2__s3,410,1,191
square__C_rand_2__s3,411,1,186
square__C_rand_2__s3,412,0,500
square__C_rand_2__s3,413,0,500
square__C_rand_2__s3,414,0,500
square__C_rand_2__s3,415,1,198
square__C_rand_2__s3,416,1,162
square__C_rand_2__s3,417,1,184
square__C_rand_2__s3,418,0,500
square__C_rand_2__s3,419,1,348
square__C_rand_2__s3,420,1,189
square__C_rand_2__s3,421,1,192
square__C_rand_2__s3,422,1,191
square__C_rand_2__s3,423,1,304
square__C_rand_2__s3,424,1,269
square__C_rand_2__s3,425,1,198
square__C_rand_2__s3,426,1,191
square__C_rand_2__s3,427,1,241
square__C_rand_2__s3,428,1,237
square__C_rand_2__s3,429,1,278
square__C_rand_2__s3,430,1,302
square__C_rand_2__s3,431,0,500
square__C_rand_2__s3,432,1,178
square__C_rand_2__s3,433,1,251
square__C_rand_2__s3,434,1,202
square__C_rand_2__s3,435,1,315
square__C_rand_2__s3,436,1,159
square__C_rand_2__s3,437,1,227
square__C_rand_2__s3,438,1,254
square__C_rand_2__s3,439,1,196
square__C_rand_2__s3,440,0,500
square__C_rand_2__s3,441,1,449
square__C_rand_2__s3,442,1,227
square__C_rand_2__s3,443,0,500
square__C_rand_2__s3,444,1,170
square__C_rand_2__s3,445,0,500
square__C_rand_2__s3,446,1,288
square__C_rand_2__s3,447,1,173
square__C_rand_2__s3,448,1,391
square__C_rand_2__s3,449,1,413
square__C_rand_2__s3,450,1,198
square__C_rand_2__s3,451,0,500
square__C_rand_2__s3,452,0,500
square__C_rand_2__s3,453,0,500
square__C_rand_2__s3,454,0,500
square__C_rand_2__s3,455,0,500
square__C_rand_2__s3,456,0,500
square__C_rand_2__s3,457,0,500
square__C_rand_2__s3,458,1,192
square__C_rand_2__s3,459,1,318
square__C_rand_2__s3,460,0,500
square__C_rand_2__s3,461,1,191
square__C_rand_2__s3,462,1,194
square__C_rand_2__s3,463,1,159
square__C_rand_2__s3,464,0,500
square__C_rand_2__s3,465,1,312
square__C_rand_2__s3,466,0,500
square__C_rand_2__s3,467,1,167
square__C_rand_2__s3,468,1,179
square__C_rand_2__s3,469,0,500
square__C_rand_2__s3,470,0,500
square__C_rand_2__s3,471,1,266
square__C_rand_2__s3,472,0,500
square__C_rand_2__s3,473,1,271
square__C_rand_2__s3,474,0,500
square__C_rand_2__s3,475,0,500
square__C_rand_2__s3,476,1,217
square__C_rand_2__s3,477,0,500
square__C_rand_2__s3,478,1,270
square__C_rand_2__s3,479,0,500
square__C_rand_2__s3,480,1,175
square__C_rand_2__s3,481,1,352
square__C_rand_2__s3,482,0,500
square__C_rand_2__s3,483,0,500
square__C_rand_2__s3,484,1,186
square__C_rand_2__s3,485,1,231
square__C_rand_2__s3,486,1,212
square__C_rand_2__s3,487,1,191
square__C_rand_2__s3,488,1,483
square__C_rand_2__s3,489,0,500
square__C_rand_2__s3,490,1,313
square__C_rand_2__s3,491,1,187
square__C_rand_2__s3,492,0,500
square__C_rand_2__s3,493,0,500
square__C_rand_2__s3,494,0,500
square__C_rand_2__s3,495,0,500
square__C_rand_2__s3,496,1,175
square__C_rand_2__s3,497,0,500
square__C_rand_2__s3,498,1,210
square__C_rand_2__s3,499,1,450
square__C_rand_3__s1,0,0,500
square__C_rand_3__s1,1,0,500
square__C_rand_3__s1,2,0,500
square__C_rand_3__s1,3,0,500
square__C_rand_3__s1,4,1,411
square__C_rand_3__s1,5,0,500
square__C_rand_3__s1,6,0,500
square__C_rand_3__s1,7,1,194
square__C_rand_3__s1,8,0,500
square__C_rand_3__s1,9,0,500
square__C_rand_3__s1,10,1,249
square__C_rand_3__s1,11,0,500
square__C_rand_3__s1,12,1,201
square__C_rand_3__s1,13,0,500
square__C_rand_3__s1,14,1,261
square__C_rand_3__s1,15,1,311
square__C_rand_3__s1,16,1,250
square__C_rand_3__s1,17,0,500
square__C_rand_3__s1,18,1,380
square__C_rand_3__s1,19,1,341
square__C_rand_3__s1,20,1,489
square__C_rand_3__s1,21,1,258
square__C_rand_3__s1,22,1,285
square__C_rand_3__s1,23,1,479
square__C_rand_3__s1,24,0,500
square__C_rand_3__s1,25,1,457
square__C_rand_3__s1,26,1,456
square__C_rand_3__s1,27,0,500
square__C_rand_3__s1,28,1,192
square__C_rand_3__s1,29,0,500
square__C_rand_3__s1,30,0,500
square__C_rand_3__s1,31,1,192
square__C_rand_3__s1,32,1,399
square__C_rand_3__s1,33,1,247
square__C_rand_3__s1,34,1,322
square__C_rand_3__s1,35,1,228
square__C_rand_3__s1,36,0,500
square__C_rand_3__s1,37,1,371
square__C_rand_3__s1,38,0,500
square__C_rand_3__s1,39,1,150
square__C_rand_3__s1,40,0,500
square__C_rand_3__s1,41,1,271
square__C_rand_3__s1,42,1,426
square__C_rand_3__s1,43,1,169
square__C_rand_3__s1,44,1,238
square__C_rand_3__s1,45,1,261
square__C_rand_3__s1,46,1,217
square__C_rand_3__s1,47,0,500
square__C_rand_3__s1,48,0,500
square__C_rand_3__s1,49,1,200
square__C_rand_3__s1,50,1,322
square__C_rand_3__s1,51,1,209
square__C_rand_3__s1,52,0,500
square__C_rand_3__s1,53,1,188
square__C_rand_3__s1,54,0,500
square__C_rand_3__s1,55,0,500
square__C_rand_3__s1,56,0,500
square__C_rand_3__s1,57,0,500
square__C_rand_3__s1,58,0,500
square__C_rand_3__s1,59,1,199
square__C_rand_3__s1,60,1,437
square__C_rand_3__s1,61,1,148
square__C_rand_3__s1,62,0,500
square__C_rand_3__s1,63,0,500
square__C_rand_3__s1,64,0,500
square__C_rand_3__s1,65,1,342
square__C_rand_3__s1,66,1,222
square__C_rand_3__s1,67,1,221
square__C_rand_3__s1,68,1,319
square__C_rand_3__s1,69,1,355
square__C_rand_3__s1,70,0,500
square__C_rand_3__s1,71,0,500
square__C_rand_3__s1,72,0,500
square__C_rand_3__s1,73,1,401
square__C_rand_3__s1,74,0,500
square__C_rand_3__s1,75,0,500
square__C_rand_3__s1,76,0,500
square__C_rand_3__s1,77,1,272
square__C_rand_3__s1,78,0,500
square__C_rand_3__s1,79,0,500
square__C_rand_3__s1,80,1,179
square__C_rand_3__s1,81,1,341
square__C_rand_3__s1,82,1,260
square__C_rand_3__s1,83,1,200
square__C_rand_3__s1,84,0,500
square__C_rand_3__s1,85,1,207
square__C_rand_3__s1,86,0,500
square__C_rand_3__s1,87,0,500
square__C_rand_3__s1,88,0,500
square__C_rand_3__s1,89,0,500
square__C_rand_3__s1,90,1,351
square__C_rand_3__s1,91,1,203
square__C_rand_3__s1,92,1,410
square__C_rand_3__s1,93,0,500
square__C_rand_3__s1,94,0,500
square__C_rand_3__s1,95,1,281
square__C_rand_3__s1,96,1,300
square__C_rand_3__s1,97,0,500
square__C_rand_3__s1,98,1,195
square__C_rand_3__s1,99,0,500
square__C_rand_3__s1,100,1,213
square__C_rand_3__s1,101,1,312
square__C_rand_3__s1,102,1,203
square__C_rand_3__s1,103,1,249
square__C_rand_3__s1,104,1,126
square__C_rand_3__s1,105,1,369
square__C_rand_3__s1,106,0,500
square__C_rand_3__s1,107,1,282
square__C_rand_3__s1,108,1,439
square__C_rand_3__s1,109,1,249
square__C_rand_3__s1,110,0,500
square__C_rand_3__s1,111,1,297
square__C_rand_3__s1,112,0,500
square__C_rand_3__s1,113,1,152
square__C_rand_3__s1,114,0,500
square__C_rand_3__s1,115,1,349
square__C_rand_3__s1,116,1,167
square__C_rand_3__s1,117,0,500
square__C_rand_3__s1,118,1,241
square__C_rand_3__s1,119,1,169
square__C_rand_3__s1,120,1,322
square__C_rand_3__s1,121,1,395
square__C_rand_3__s1,122,1,267
square__C_rand_3__s1,123,1,388
square__C_rand_3__s1,124,1,179
square__C_rand_3__s1,125,1,226
square__C_rand_3__s1,126,1,174
square__C_rand_3__s1,127,1,212
square__C_rand_3__s1,128,1,360
square__C_rand_3__s1,129,0,500
square__C_rand_3__s1,130,0,500
square__C_rand_3__s1,131,0,500
square__C_rand_3__s1,132,1,370
square__C_rand_3__s1,133,1,211
square__C_rand_3__s1,134,1,278
square__C_rand_3__s1,135,1,159
square__C_rand_3__s1,136,1,280
square__C_rand_3__s1,137,1,351
square__C_rand_3__s1,138,0,500
square__C_rand_3__s1,139,0,500
square__C_rand_3__s1,140,0,500
square__C_rand_3__s1,141,1,173
square__C_rand_3__s1,142,1,152
square__C_rand_3__s1,143,1,220
square__C_rand_3__s1,144,0,500
square__C_rand_3__s1,145,1,300
square__C_rand_3__s1,146,1,261
square__C_rand_3__s1,147,1,201
square__C_rand_3__s1,148,1,406
square__C_rand_3__s1,149,1,333
square__C_rand_3__s1,150,1,360
square__C_rand_3__s1,151,1,336
square__C_rand_3__s1,152,1,162
square__C_rand_3__s1,153,0,500
square__C_rand_3__s1,154,1,169
square__C_rand_3__s1,155,0,500
square__C_rand_3__s1,156,1,152
square__C_rand_3__s1,157,1,253
square__C_rand_3__s1,158,0,500
square__C_rand_3__s1,159,0,500
square__C_rand_3__s1,160,0,500
square__C_rand_3__s1,161,0,500
square__C_rand_3__s1,162,1,348
square__C_rand_3__s1,163,1,382
square__C_rand_3__s1,164,1,243
square__C_rand_3__s1,165,0,500
square__C_rand_3__s1,166,0,500
square__C_rand_3__s1,167,1,208
square__C_rand_3__s1,168,0,500
square__C_rand_3__s1,169,1,242
square__C_rand_3__s1,170,1,313
square__C_rand_3__s1,171,1,299
square__C_rand_3__s1,172,0,500
square__C_rand_3__s1,173,1,379
square__C_rand_3__s1,174,1,171
square__C_rand_3__s1,175,1,342
square__C_rand_3__s1,176,0,500
square__C_rand_3__s1,177,1,360
square__C_rand_3__s1,178,1,343
square__C_rand_3__s1,179,1,392
square__C_rand_3__s1,180,0,500
square__C_rand_3__s1,181,0,500
square__C_rand_3__s1,182,0,500
square__C_rand_3__s1,183,1,205
square__C_rand_3__s1,184,1,321
square__C_rand_3__s1,185,1,196
square__C_rand_3__s1,186,1,300
square__C_rand_3__s1,187,1,201
square__C_rand_3__s1,188,0,500
square__C_rand_3__s1,189,0,500
square__C_rand_3__s1,190,1,152
square__C_rand_3__s1,191,0,500
square__C_rand_3__s1,192,1,239
square__C_rand_3__s1,193,0,500
square__C_rand_3__s1,194,1,448
square__C_rand_3__s1,195,0,500
square__C_rand_3__s1,196,1,211
square__C_rand_3__s1,197,0,500
square__C_rand_3__s1,198,1,331
square__C_rand_3__s1,199,0,500
square__C_rand_3__s1,200,0,500
square__C_rand_3__s1,201,0,500
square__C_rand_3__s1,202,0,500
square__C_rand_3__s1,203,1,338
square__C_rand_3__s1,204,0,500
square__C_rand_3__s1,205,1,297
square__C_rand_3__s1,206,1,302
square__C_rand_3__s1,207,0,500
square__C_rand_3__s1,208,1,243
square__C_rand_3__s1,209,1,317
square__C_rand_3__s1,210,1,237
square__C_rand_3__s1,211,0,500
square__C_rand_3__s1,212,1,482
square__C_rand_3__s1,213,0,500
square__C_rand_3__s1,214,1,318
square__C_rand_3__s1,215,0,500
square__C_rand_3__s1,216,0,500
square__C_rand_3__s1,217,0,500
square__C_rand_3__s1,218,0,500
square__C_rand_3__s1,219,0,500
square__C_rand_3__s1,220,1,228
square__C_rand_3__s1,221,0,500
square__C_rand_3__s1,222,1,182
square__C_rand_3__s1,223,1,230
square__C_rand_3__s1,224,0,500
square__C_rand_3__s1,225,1,330
square__C_rand_3__s1,226,1,169
square__C_rand_3__s1,227,1,204
square__C_rand_3__s1,228,1,278
square__C_rand_3__s1,229,1,224
square__C_rand_3__s1,230,1,303
square__C_rand_3__s1,231,0,500
square__C_rand_3__s1,232,1,379
square__C_rand_3__s1,233,0,500
square__C_rand_3__s1,234,1,373
square__C_rand_3__s1,235,1,241
square__C_rand_3__s1,236,0,500
square__C_rand_3__s1,237,1,171
square__C_rand_3__s1,238,1,332
square__C_rand_3__s1,239,0,500
square__C_rand_3__s1,240,1,268
square__C_rand_3__s1,241,1,351
square__C_rand_3__s1,242,1,342
square__C_rand_3__s1,243,1,237
square__C_rand_3__s1,244,0,500
square__C_rand_3__s1,245,1,209
square__C_rand_3__s1,246,0,500
square__C_rand_3__s1,247,1,325
square__C_rand_3__s1,248,1,363
square__C_rand_3__s1,249,1,302
square__C_rand_3__s1,250,1,147
square__C_rand_3__s1,251,0,500
square__C_rand_3__s1,252,1,381
square__C_rand_3__s1,253,0,500
square__C_rand_3__s1,254,1,217
square__C_rand_3__s1,255,1,251
square__C_rand_3__s1,256,1,260
square__C_rand_3__s1,257,1,296
square__C_rand_3__s1,258,1,370
square__C_rand_3__s1,259,1,214
square__C_rand_3__s1,260,0,500
square__C_rand_3__s1,261,1,235
square__C_rand_3__s1,262,1,291
square__C_rand_3__s1,263,0,500
square__C_rand_3__s1,264,0,500
square__C_rand_3__s1,265,0,500
square__C_rand_3__s1,266,1,241
square__C_rand_3__s1,267,0,500
square__C_rand_3__s1,268,0,500
square__C_rand_3__s1,269,0,500
square__C_rand_3__s1,270,1,457
square__C_rand_3__s1,271,1,212
square__C_rand_3__s1,272,1,149
square__C_rand_3__s1,273,1,240
square__C_rand_3__s1,274,1,159
square__C_rand_3__s1,275,1,373
square__C_rand_3__s1,276,0,500
square__C_rand_3__s1,277,0,500
square__C_rand_3__s1,278,1,321
square__C_rand_3__s1,279,1,342
square__C_rand_3__s1,280,1,408
square__C_rand_3__s1,281,1,452
square__C_rand_3__s1,282,1,292
square__C_rand_3__s1,283,0,500
square__C_rand_3__s1,284,0,500
square__C_rand_3__s1,285,1,381
square__C_rand_3__s1,286,1,500
square__C_rand_3__s1,287,0,500
square__C_rand_3__s1,288,1,430
square__C_rand_3__s1,289,0,500
square__C_rand_3__s1,290,1,168
square__C_rand_3__s1,291,0,500
square__C_rand_3__s1,292,1,354
square__C_rand_3__s1,293,1,189
square__C_rand_3__s1,294,1,179
square__C_rand_3__s1,295,1,141
square__C_rand_3__s1,296,0,500
square__C_rand_3__s1,297,1,293
square__C_rand_3__s1,298,1,322
square__C_rand_3__s1,299,1,218
square__C_rand_3__s1,300,0,500
square__C_rand_3__s1,301,0,500
square__C_rand_3__s1,302,1,331
square__C_rand_3__s1,303,1,221
square__C_rand_3__s1,304,1,131
square__C_rand_3__s1,305,1,298
square__C_rand_3__s1,306,0,500
square__C_rand_3__s1,307,0,500
square__C_rand_3__s1,308,1,318
square__C_rand_3__s1,309,0,500
square__C_rand_3__s1,310,1,187
square__C_rand_3__s1,311,1,313
square__C_rand_3__s1,312,1,232
square__C_rand_3__s1,313,1,229
square__C_rand_3__s1,314,1,213
square__C_rand_3__s1,315,1,252
square__C_rand_3__s1,316,1,203
square__C_rand_3__s1,317,1,170
square__C_rand_3__s1,318,1,229
square__C_rand_3__s1,319,1,321
square__C_rand_3__s1,320,0,500
square__C_rand_3__s1,321,0,500
square__C_rand_3__s1,322,1,223
square__C_rand_3__s1,323,0,500
square__C_rand_3__s1,324,0,500
square__C_rand_3__s1,325,0,500
square__C_rand_3__s1,326,1,258
square__C_rand_3__s1,327,1,158
square__C_rand_3__s1,328,0,500
square__C_rand_3__s1,329,1,371
square__C_rand_3__s1,330,1,189
square__C_rand_3__s1,331,0,500
square__C_rand_3__s1,332,0,500
square__C_rand_3__s1,333,0,500
square__C_rand_3__s1,334,0,500
square__C_rand_3__s1,335,1,380
square__C_rand_3__s1,336,1,160
square__C_rand_3__s1,337,0,500
square__C_rand_3__s1,338,0,500
square__C_rand_3__s1,339,1,200
square__C_rand_3__s1,340,1,240
square__C_rand_3__s1,341,0,500
square__C_rand_3__s1,342,0,500
square__C_rand_3__s1,343,1,208
square__C_rand_3__s1,344,1,189
square__C_rand_3__s1,345,0,500
square__C_rand_3__s1,346,1,191
square__C_rand_3__s1,347,0,500
square__C_rand_3__s1,348,1,209
square__C_rand_3__s1,349,1,281
square__C_rand_3__s1,350,0,500
square__C_rand_3__s1,351,1,183
square__C_rand_3__s1,352,1,330
square__C_rand_3__s1,353,1,317
square__C_rand_3__s1,354,0,500
square__C_rand_3__s1,355,0,500
square__C_rand_3__s1,356,1,240
square__C_rand_3__s1,357,0,500
square__C_rand_3__s1,358,0,500
square__C_rand_3__s1,359,0,500
square__C_rand_3__s1,360,0,500
square__C_rand_3__s1,361,1,370
square__C_rand_3__s1,362,1,250
square__C_rand_3__s1,363,1,248
square__C_rand_3__s1,364,1,195
square__C_rand_3__s1,365,1,334
square__C_rand_3__s1,366,0,500
square__C_rand_3__s1,367,1,349
square__C_rand_3__s1,368,1,300
square__C_rand_3__s1,369,1,297
square__C_rand_3__s1,370,1,369
square__C_rand_3__s1,371,0,500
square__C_rand_3__s1,372,0,500
square__C_rand_3__s1,373,1,158
square__C_rand_3__s1,374,1,486
square__C_rand_3__s1,375,1,192
square__C_rand_3__s1,376,0,500
square__C_rand_3__s1,377,0,500
square__C_rand_3__s1,378,0,500
square__C_rand_3__s1,379,0,500
square__C_rand_3__s1,380,0,500
square__C_rand_3__s1,381,0,500
square__C_rand_3__s1,382,1,452
square__C_rand_3__s1,383,1,180
square__C_rand_3__s1,384,0,500
square__C_rand_3__s1,385,0,500
square__C_rand_3__s1,386,1,192
square__C_rand_3__s1,387,1,150
square__C_rand_3__s1,388,1,405
square__C_rand_3__s1,389,1,158
square__C_rand_3__s1,390,1,291
square__C_rand_3__s1,391,1,311
square__C_rand_3__s1,392,1,279
square__C_rand_3__s1,393,0,500
square__C_rand_3__s1,394,1,152
square__C_rand_3__s1,395,0,500
square__C_rand_3__s1,396,1,310
square__C_rand_3__s1,397,1,241
square__C_rand_3__s1,398,0,500
square__C_rand_3__s1,399,1,350
square__C_rand_3__s1,400,1,192
square__C_rand_3__s1,401,1,370
square__C_rand_3__s1,402,1,250
square__C_rand_3__s1,403,0,500
square__C_rand_3__s1,404,0,500
square__C_rand_3__s1,405,1,265
square__C_rand_3__s1,406,1,482
square__C_rand_3__s1,407,1,312
square__C_rand_3__s1,408,1,472
square__C_rand_3__s1,409,0,500
square__C_rand_3__s1,410,0,500
square__C_rand_3__s1,411,0,500
square__C_rand_3__s1,412,0,500
square__C_rand_3__s1,413,1,309
square__C_rand_3__s1,414,1,243
square__C_rand_3__s1,415,0,500
square__C_rand_3__s1,416,1,222
square__C_rand_3__s1,417,1,149
square__C_rand_3__s1,418,1,159
square__C_rand_3__s1,419,1,253
square__C_rand_3__s1,420,1,171
square__C_rand_3__s1,421,1,242
square__C_rand_3__s1,422,1,348
square__C_rand_3__s1,423,0,500
square__C_rand_3__s1,424,0,500
square__C_rand_3__s1,425,0,500
square__C_rand_3__s1,426,0,500
square__C_rand_3__s1,427,1,236
square__C_rand_3__s1,428,1,202
square__C_rand_3__s1,429,1,302
square__C_rand_3__s1,430,1,179
square__C_rand_3__s1,431,1,357
square__C_rand_3__s1,432,1,211
square__C_rand_3__s1,433,0,500
square__C_rand_3__s1,434,0,500
square__C_rand_3__s1,435,1,233
square__C_rand_3__s1,436,1,205
square__C_rand_3__s1,437,1,262
square__C_rand_3__s1,438,0,500
square__C_rand_3__s1,439,1,199
square__C_rand_3__s1,440,0,500
square__C_rand_3__s1,441,0,500
square__C_rand_3__s1,442,1,237
square__C_rand_3__s1,443,1,386
square__C_rand_3__s1,444,1,312
square__C_rand_3__s1,445,1,470
square__C_rand_3__s1,446,1,412
square__C_rand_3__s1,447,1,323
square__C_rand_3__s1,448,1,221
square__C_rand_3__s1,449,1,240
square__C_rand_3__s1,450,1,205
square__C_rand_3__s1,451,0,500
square__C_rand_3__s1,452,1,148
square__C_rand_3__s1,453,1,481
square__C_rand_3__s1,454,1,376
square__C_rand_3__s1,455,1,198
square__C_rand_3__s1,456,1,238
square__C_rand_3__s1,457,1,362
square__C_rand_3__s1,458,0,500
square__C_rand_3__s1,459,1,187
square__C_rand_3__s1,460,1,199
square__C_rand_3__s1,461,0,500
square__C_rand_3__s1,462,0,500
square__C_rand_3__s1,463,0,500
square__C_rand_3__s1,464,1,349
square__C_rand_3__s1,465,1,354
square__C_rand_3__s1,466,1,395
square__C_rand_3__s1,467,0,500
square__C_rand_3__s1,468,1,278
square__C_rand_3__s1,469,0,500
square__C_rand_3__s1,470,0,500
square__C_rand_3__s1,471,1,371
square__C_rand_3__s1,472,1,341
square__C_rand_3__s1,473,1,240
square__C_rand_3__s1,474,0,500
square__C_rand_3__s1,475,1,340
square__C_rand_3__s1,476,1,269
square__C_rand_3__s1,477,0,500
square__C_rand_3__s1,478,0,500
square__C_rand_3__s1,479,0,500
square__C_rand_3__s1,480,0,500
square__C_rand_3__s1,481,1,272
square__C_rand_3__s1,482,0,500
square__C_rand_3__s1,483,1,201
square__C_rand_3__s1,484,1,401
square__C_rand_3__s1,485,1,351
square__C_rand_3__s1,486,1,491
square__C_rand_3__s1,487,1,316
square__C_rand_3__s1,488,1,308
square__C_rand_3__s1,489,1,223
square__C_rand_3__s1,490,1,247
square__C_rand_3__s1,491,1,168
square__C_rand_3__s1,492,1,200
square__C_rand_3__s1,493,1,312
square__C_rand_3__s1,494,1,251
square__C_rand_3__s1,495,1,309
square__C_rand_3__s1,496,1,230
square__C_rand_3__s1,497,1,320
square__C_rand_3__s1,498,1,200
square__C_rand_3__s1,499,1,372
square__C_rand_3__s2,0,0,500
square__C_rand_3__s2,1,1,391
square__C_rand_3__s2,2,0,500
square__C_rand_3__s2,3,1,160
square__C_rand_3__s2,4,0,500
square__C_rand_3__s2,5,0,500
square__C_rand_3__s2,6,1,203
square__C_rand_3__s2,7,1,199
square__C_rand_3__s2,8,1,489
square__C_rand_3__s2,9,0,500
square__C_rand_3__s2,10,1,238
square__C_rand_3__s2,11,1,192
square__C_rand_3__s2,12,1,391
square__C_rand_3__s2,13,0,500
square__C_rand_3__s2,14,0,500
square__C_rand_3__s2,15,0,500
square__C_rand_3__s2,16,1,425
square__C_rand_3__s2,17,0,500
square__C_rand_3__s2,18,1,149
square__C_rand_3__s2,19,1,188
square__C_rand_3__s2,20,1,230
square__C_rand_3__s2,21,1,378
square__C_rand_3__s2,22,1,290
square__C_rand_3__s2,23,1,161
square__C_rand_3__s2,24,1,321
square__C_rand_3__s2,25,1,250
square__C_rand_3__s2,26,1,150
square__C_rand_3__s2,27,0,500
square__C_rand_3__s2,28,1,237
square__C_rand_3__s2,29,1,173
square__C_rand_3__s2,30,1,291
square__C_rand_3__s2,31,1,182
square__C_rand_3__s2,32,1,216
square__C_rand_3__s2,33,1,157
square__C_rand_3__s2,34,1,202
square__C_rand_3__s2,35,1,182
square__C_rand_3__s2,36,0,500
square__C_rand_3__s2,37,1,212
square__C_rand_3__s2,38,0,500
square__C_rand_3__s2,39,1,167
square__C_rand_3__s2,40,0,500
square__C_rand_3__s2,41,1,220
square__C_rand_3__s2,42,1,192
square__C_rand_3__s2,43,0,500
square__C_rand_3__s2,44,1,185
square__C_rand_3__s2,45,0,500
square__C_rand_3__s2,46,1,450
square__C_rand_3__s2,47,1,174
square__C_rand_3__s2,48,0,500
square__C_rand_3__s2,49,1,172
square__C_rand_3__s2,50,0,500
square__C_rand_3__s2,51,1,370
square__C_rand_3__s2,52,0,500
square__C_rand_3__s2,53,1,159
square__C_rand_3__s2,54,0,500
square__C_rand_3__s2,55,0,500
square__C_rand_3__s2,56,1,170
square__C_rand_3__s2,57,1,254
square__C_rand_3__s2,58,1,226
square__C_rand_3__s2,59,1,343
square__C_rand_3__s2,60,1,188
square__C_rand_3__s2,61,1,212
square__C_rand_3__s2,62,1,320
square__C_rand_3__s2,63,0,500
square__C_rand_3__s2,64,0,500
square__C_rand_3__s2,65,1,353
square__C_rand_3__s2,66,1,312
square__C_rand_3__s2,67,1,220
square__C_rand_3__s2,68,1,228
square__C_rand_3__s2,69,1,388
square__C_rand_3__s2,70,1,220
square__C_rand_3__s2,71,1,372
square__C_rand_3__s2,72,0,500
square__C_rand_3__s2,73,0,500
square__C_rand_3__s2,74,0,500
square__C_rand_3__s2,75,0,500
square__C_rand_3__s2,76,0,500
square__C_rand_3__s2,77,1,222
square__C_rand_3__s2,78,1,237
square__C_rand_3__s2,79,1,173
square__C_rand_3__s2,80,1,209
square__C_rand_3__s2,81,1,200
square__C_rand_3__s2,82,0,500
square__C_rand_3__s2,83,1,312
square__C_rand_3__s2,84,1,192
square__C_rand_3__s2,85,0,500
square__C_rand_3__s2,86,0,500
square__C_rand_3__s2,87,0,500
square__C_rand_3__s2,88,0,500
square__C_rand_3__s2,89,1,171
square__C_rand_3__s2,90,1,426
square__C_rand_3__s2,91,0,500
square__C_rand_3__s2,92,1,226
square__C_rand_3__s2,93,0,500
square__C_rand_3__s2,94,0,500
square__C_rand_3__s2,95,0,500
square__C_rand_3__s2,96,1,178
square__C_rand_3__s2,97,0,500
square__C_rand_3__s2,98,1,239
square__C_rand_3__s2,99,1,163
square__C_rand_3__s2,100,1,240
square__C_rand_3__s2,101,1,290
square__C_rand_3__s2,102,1,367
square__C_rand_3__s2,103,1,283
square__C_rand_3__s2,104,0,500
square__C_rand_3__s2,105,0,500
square__C_rand_3__s2,106,0,500
square__C_rand_3__s2,107,0,500
square__C_rand_3__s2,108,0,500
square__C_rand_3__s2,109,1,322
square__C_rand_3__s2,110,1,182
square__C_rand_3__s2,111,0,500
square__C_rand_3__s2,112,1,380
square__C_rand_3__s2,113,0,500
square__C_rand_3__s2,114,0,500
square__C_rand_3__s2,115,0,500
square__C_rand_3__s2,116,1,162
square__C_rand_3__s2,117,0,500
square__C_rand_3__s2,118,0,500
square__C_rand_3__s2,119,1,182
square__C_rand_3__s2,120,1,261
square__C_rand_3__s2,121,1,279
square__C_rand_3__s2,122,0,500
square__C_rand_3__s2,123,1,319
square__C_rand_3__s2,124,1,223
square__C_rand_3__s2,125,0,500
square__C_rand_3__s2,126,0,500
square__C_rand_3__s2,127,0,500
square__C_rand_3__s2,128,1,433
square__C_rand_3__s2,129,0,500
square__C_rand_3__s2,130,1,232
square__C_rand_3__s2,131,0,500
square__C_rand_3__s2,132,1,268
square__C_rand_3__s2,133,0,500
square__C_rand_3__s2,134,0,500
square__C_rand_3__s2,135,1,383
square__C_rand_3__s2,136,1,449
square__C_rand_3__s2,137,1,170
square__C_rand_3__s2,138,1,189
square__C_rand_3__s2,139,0,500
square__C_rand_3__s2,140,0,500
square__C_rand_3__s2,141,0,500
square__C_rand_3__s2,142,1,170
square__C_rand_3__s2,143,0,500
square__C_rand_3__s2,144,1,177
square__C_rand_3__s2,145,1,314
square__C_rand_3__s2,146,0,500
square__C_rand_3__s2,147,1,236
square__C_rand_3__s2,148,1,348
square__C_rand_3__s2,149,1,200
square__C_rand_3__s2,150,1,389
square__C_rand_3__s2,151,1,353
square__C_rand_3__s2,152,1,200
square__C_rand_3__s2,153,1,350
square__C_rand_3__s2,154,1,278
square__C_rand_3__s2,155,0,500
square__C_rand_3__s2,156,1,168
square__C_rand_3__s2,157,1,246
square__C_rand_3__s2,158,1,311
square__C_rand_3__s2,159,0,500
square__C_rand_3__s2,160,1,156
square__C_rand_3__s2,161,0,500
square__C_rand_3__s2,162,1,178
square__C_rand_3__s2,163,0,500
square__C_rand_3__s2,164,1,235
square__C_rand_3__s2,165,0,500
square__C_rand_3__s2,166,1,303
square__C_rand_3__s2,167,1,224
square__C_rand_3__s2,168,0,500
square__C_rand_3__s2,169,1,398
square__C_rand_3__s2,170,0,500
square__C_rand_3__s2,171,1,321
square__C_rand_3__s2,172,1,258
square__C_rand_3__s2,173,1,230
square__C_rand_3__s2,174,0,500
square__C_rand_3__s2,175,1,310
square__C_rand_3__s2,176,0,500
square__C_rand_3__s2,177,1,231
square__C_rand_3__s2,178,1,392
square__C_rand_3__s2,179,1,296
square__C_rand_3__s2,180,0,500
square__C_rand_3__s2,181,1,316
square__C_rand_3__s2,182,1,401
square__C_rand_3__s2,183,1,262
square__C_rand_3__s2,184,1,168
square__C_rand_3__s2,185,1,292
square__C_rand_3__s2,186,0,500
square__C_rand_3__s2,187,1,285
square__C_rand_3__s2,188,0,500
square__C_rand_3__s2,189,0,500
square__C_rand_3__s2,190,1,212
square__C_rand_3__s2,191,1,152
square__C_rand_3__s2,192,0,500
square__C_rand_3__s2,193,1,161
square__C_rand_3__s2,194,0,500
square__C_rand_3__s2,195,1,193
square__C_rand_3__s2,196,0,500
square__C_rand_3__s2,197,1,200
square__C_rand_3__s2,198,1,402
square__C_rand_3__s2,199,0,500
square__C_rand_3__s2,200,0,500
square__C_rand_3__s2,201,1,160
square__C_rand_3__s2,202,0,500
square__C_rand_3__s2,203,1,226
square__C_rand_3__s2,204,0,500
square__C_rand_3__s2,205,1,318
square__C_rand_3__s2,206,1,231
square__C_rand_3__s2,207,1,240
square__C_rand_3__s2,208,0,500
square__C_rand_3__s2,209,0,500
square__C_rand_3__s2,210,1,178
square__C_rand_3__s2,211,1,440
square__C_rand_3__s2,212,1,281
square__C_rand_3__s2,213,0,500
square__C_rand_3__s2,214,0,500
square__C_rand_3__s2,215,0,500
square__C_rand_3__s2,216,0,500
square__C_rand_3__s2,217,1,196
square__C_rand_3__s2,218,0,500
square__C_rand_3__s2,219,0,500
square__C_rand_3__s2,220,0,500
square__C_rand_3__s2,221,0,500
square__C_rand_3__s2,222,1,280
square__C_rand_3__s2,223,1,288
square__C_rand_3__s2,224,0,500
square__C_rand_3__s2,225,1,196
square__C_rand_3__s2,226,1,353
square__C_rand_3__s2,227,0,500
square__C_rand_3__s2,228,1,331
square__C_rand_3__s2,229,1,308
square__C_rand_3__s2,230,1,241
square__C_rand_3__s2,231,1,322
square__C_rand_3__s2,232,1,312
square__C_rand_3__s2,233,1,374
square__C_rand_3__s2,234,0,500
square__C_rand_3__s2,235,1,380
square__C_rand_3__s2,236,1,321
square__C_rand_3__s2,237,0,500
square__C_rand_3__s2,238,1,342
square__C_rand_3__s2,239,1,177
square__C_rand_3__s2,240,1,240
square__C_rand_3__s2,241,1,243
square__C_rand_3__s2,242,1,210
square__C_rand_3__s2,243,1,458
square__C_rand_3__s2,244,1,190
square__C_rand_3__s2,245,1,183
square__C_rand_3__s2,246,1,150
square__C_rand_3__s2,247,0,500
square__C_rand_3__s2,248,1,269
square__C_rand_3__s2,249,1,351
square__C_rand_3__s2,250,1,179
square__C_rand_3__s2,251,1,231
square__C_rand_3__s2,252,1,206
square__C_rand_3__s2,253,1,359
square__C_rand_3__s2,254,0,500
square__C_rand_3__s2,255,0,500
square__C_rand_3__s2,256,0,500
square__C_rand_3__s2,257,1,291
square__C_rand_3__s2,258,1,430
square__C_rand_3__s2,259,0,500
square__C_rand_3__s2,260,1,242
square__C_rand_3__s2,261,1,247
square__C_rand_3__s2,262,1,170
square__C_rand_3__s2,263,0,500
square__C_rand_3__s2,264,1,201
square__C_rand_3__s2,265,0,500
square__C_rand_3__s2,266,1,251
square__C_rand_3__s2,267,1,202
square__C_rand_3__s2,268,0,500
square__C_rand_3__s2,269,1,245
square__C_rand_3__s2,270,1,178
square__C_rand_3__s2,271,0,500
square__C_rand_3__s2,272,1,163
square__C_rand_3__s2,273,0,500
square__C_rand_3__s2,274,1,163
square__C_rand_3__s2,275,0,500
square__C_rand_3__s2,276,0,500
square__C_rand_3__s2,277,0,500
square__C_rand_3__s2,278,1,176
square__C_rand_3__s2,279,1,149
square__C_rand_3__s2,280,1,289
square__C_rand_3__s2,281,0,500
square__C_rand_3__s2,282,0,500
square__C_rand_3__s2,283,1,178
square__C_rand_3__s2,284,1,348
square__C_rand_3__s2,285,1,251
square__C_rand_3__s2,286,1,335
square__C_rand_3__s2,287,0,500
square__C_rand_3__s2,288,1,360
square__C_rand_3__s2,289,1,363
square__C_rand_3__s2,290,1,320
square__C_rand_3__s2,291,0,500
square__C_rand_3__s2,292,1,190
square__C_rand_3__s2,293,1,348
square__C_rand_3__s2,294,0,500
square__C_rand_3__s2,295,1,371
square__C_rand_3__s2,296,0,500
square__C_rand_3__s2,297,0,500
square__C_rand_3__s2,298,1,262
square__C_rand_3__s2,299,1,327
square__C_rand_3__s2,300,0,500
square__C_rand_3__s2,301,0,500
square__C_rand_3__s2,302,1,295
square__C_rand_3__s2,303,0,500
square__C_rand_3__s2,304,1,149
square__C_rand_3__s2,305,0,500
square__C_rand_3__s2,306,0,500
square__C_rand_3__s2,307,1,215
square__C_rand_3__s2,308,0,500
square__C_rand_3__s2,309,0,500
square__C_rand_3__s2,310,1,300
square__C_rand_3__s2,311,1,417
square__C_rand_3__s2,312,1,179
square__C_rand_3__s2,313,1,171
square__C_rand_3__s2,314,1,177
square__C_rand_3__s2,315,0,500
square__C_rand_3__s2,316,0,500
square__C_rand_3__s2,317,1,202
square__C_rand_3__s2,318,1,280
square__C_rand_3__s2,319,0,500
square__C_rand_3__s2,320,1,176
square__C_rand_3__s2,321,1,255
square__C_rand_3__s2,322,1,250
square__C_rand_3__s2,323,0,500
square__C_rand_3__s2,324,0,500
square__C_rand_3__s2,325,1,188
square__C_rand_3__s2,326,0,500
square__C_rand_3__s2,327,0,500
square__C_rand_3__s2,328,0,500
square__C_rand_3__s2,329,0,500
square__C_rand_3__s2,330,1,328
square__C_rand_3__s2,331,0,500
square__C_rand_3__s2,332,0,500
square__C_rand_3__s2,333,0,500
square__C_rand_3__s2,334,0,500
square__C_rand_3__s2,335,0,500
square__C_rand_3__s2,336,1,158
square__C_rand_3__s2,337,1,241
square__C_rand_3__s2,338,1,238
square__C_rand_3__s2,339,0,500
square__C_rand_3__s2,340,0,500
square__C_rand_3__s2,341,1,151
square__C_rand_3__s2,342,0,500
square__C_rand_3__s2,343,1,199
square__C_rand_3__s2,344,0,500
square__C_rand_3__s2,345,0,500
square__C_rand_3__s2,346,1,258
square__C_rand_3__s2,347,0,500
square__C_rand_3__s2,348,0,500
square__C_rand_3__s2,349,0,500
square__C_rand_3__s2,350,0,500
square__C_rand_3__s2,351,0,500
square__C_rand_3__s2,352,1,400
square__C_rand_3__s2,353,0,500
square__C_rand_3__s2,354,0,500
square__C_rand_3__s2,355,1,161
square__C_rand_3__s2,356,1,259
square__C_rand_3__s2,357,0,500
square__C_rand_3__s2,358,0,500
square__C_rand_3__s2,359,0,500
square__C_rand_3__s2,360,1,346
square__C_rand_3__s2,361,1,230
square__C_rand_3__s2,362,1,191
square__C_rand_3__s2,363,1,387
square__C_rand_3__s2,364,0,500
square__C_rand_3__s2,365,0,500
square__C_rand_3__s2,366,0,500
square__C_rand_3__s2,367,1,219
square__C_rand_3__s2,368,0,500
square__C_rand_3__s2,369,0,500
square__C_rand_3__s2,370,0,500
square__C_rand_3__s2,371,0,500
square__C_rand_3__s2,372,0,500
square__C_rand_3__s2,373,0,500
square__C_rand_3__s2,374,1,278
square__C_rand_3__s2,375,1,189
square__C_rand_3__s2,376,1,169
square__C_rand_3__s2,377,1,453
square__C_rand_3__s2,378,1,220
square__C_rand_3__s2,379,0,500
square__C_rand_3__s2,380,0,500
square__C_rand_3__s2,381,0,500
square__C_rand_3__s2,382,0,500
square__C_rand_3__s2,383,0,500
square__C_rand_3__s2,384,1,291
square__C_rand_3__s2,385,0,500
square__C_rand_3__s2,386,0,500
square__C_rand_3__s2,387,0,500
square__C_rand_3__s2,388,0,500
square__C_rand_3__s2,389,1,171
square__C_rand_3__s2,390,1,254
square__C_rand_3__s2,391,1,250
square__C_rand_3__s2,392,1,228
square__C_rand_3__s2,393,0,500
square__C_rand_3__s2,394,1,156
square__C_rand_3__s2,395,1,253
square__C_rand_3__s2,396,1,378
square__C_rand_3__s2,397,1,245
square__C_rand_3__s2,398,0,500
square__C_rand_3__s2,399,0,500
square__C_rand_3__s2,400,0,500
square__C_rand_3__s2,401,1,253
square__C_rand_3__s2,402,1,219
square__C_rand_3__s2,403,1,310
square__C_rand_3__s2,404,1,219
square__C_rand_3__s2,405,1,337
square__C_rand_3__s2,406,1,217
square__C_rand_3__s2,407,1,240
square__C_rand_3__s2,408,1,161
square__C_rand_3__s2,409,0,500
square__C_rand_3__s2,410,0,500
square__C_rand_3__s2,411,0,500
square__C_rand_3__s2,412,1,140
square__C_rand_3__s2,413,0,500
square__C_rand_3__s2,414,1,350
square__C_rand_3__s2,415,0,500
square__C_rand_3__s2,416,1,213
square__C_rand_3__s2,417,0,500
square__C_rand_3__s2,418,1,171
square__C_rand_3__s2,419,0,500
square__C_rand_3__s2,420,0,500
square__C_rand_3__s2,421,0,500
square__C_rand_3__s2,422,0,500
square__C_rand_3__s2,423,0,500
square__C_rand_3__s2,424,0,500
square__C_rand_3__s2,425,0,500
square__C_rand_3__s2,426,1,161
square__C_rand_3__s2,427,1,222
square__C_rand_3__s2,428,0,500
square__C_rand_3__s2,429,1,229
square__C_rand_3__s2,430,1,177
square__C_rand_3__s2,431,1,191
square__C_rand_3__s2,432,0,500
square__C_rand_3__s2,433,1,168
square__C_rand_3__s2,434,1,229
square__C_rand_3__s2,435,1,211
square__C_rand_3__s2,436,0,500
square__C_rand_3__s2,437,1,232
square__C_rand_3__s2,438,0,500
square__C_rand_3__s2,439,1,140
square__C_rand_3__s2,440,1,293
square__C_rand_3__s2,441,1,249
square__C_rand_3__s2,442,1,182
square__C_rand_3__s2,443,1,201
square__C_rand_3__s2,444,1,176
square__C_rand_3__s2,445,0,500
square__C_rand_3__s2,446,1,304
square__C_rand_3__s2,447,0,500
square__C_rand_3__s2,448,0,500
square__C_rand_3__s2,449,1,310
square__C_rand_3__s2,450,1,399
square__C_rand_3__s2,451,1,208
square__C_rand_3__s2,452,1,188
square__C_rand_3__s2,453,1,290
square__C_rand_3__s2,454,1,378
square__C_rand_3__s2,455,0,500
square__C_rand_3__s2,456,0,500
square__C_rand_3__s2,457,1,292
square__C_rand_3__s2,458,1,303
square__C_rand_3__s2,459,1,213
square__C_rand_3__s2,460,1,168
square__C_rand_3__s2,461,1,180
square__C_rand_3__s2,462,0,500
square__C_rand_3__s2,463,1,200
square__C_rand_3__s2,464,0,500
square__C_rand_3__s2,465,1,337
square__C_rand_3__s2,466,0,500
square__C_rand_3__s2,467,0,500
square__C_rand_3__s2,468,1,440
square__C_rand_3__s2,469,1,210
square__C_rand_3__s2,470,1,479
square__C_rand_3__s2,471,0,500
square__C_rand_3__s2,472,1,371
square__C_rand_3__s2,473,1,280
square__C_rand_3__s2,474,0,500
square__C_rand_3__s2,475,1,182
square__C_rand_3__s2,476,1,205
square__C_rand_3__s2,477,0,500
square__C_rand_3__s2,478,0,500
square__C_rand_3__s2,479,0,500
square__C_rand_3__s2,480,0,500
square__C_rand_3__s2,481,1,239
square__C_rand_3__s2,482,0,500
square__C_rand_3__s2,483,1,328
square__C_rand_3__s2,484,1,259
square__C_rand_3__s2,485,0,500
square__C_rand_3__s2,486,1,199
square__C_rand_3__s2,487,0,500
square__C_rand_3__s2,488,1,232
square__C_rand_3__s2,489,0,500
square__C_rand_3__s2,490,0,500
square__C_rand_3__s2,491,1,192
square__C_rand_3__s2,492,1,212
square__C_rand_3__s2,493,1,386
square__C_rand_3__s2,494,1,219
square__C_rand_3__s2,495,1,259
square__C_rand_3__s2,496,0,500
square__C_rand_3__s2,497,1,238
square__C_rand_3__s2,498,0,500
square__C_rand_3__s2,499,0,500
square__C_rand_3__s3,0,0,500
square__C_rand_3__s3,1,1,248
square__C_rand_3__s3,2,0,500
square__C_rand_3__s3,3,0,500
square__C_rand_3__s3,4,0,500
square__C_rand_3__s3,5,0,500
square__C_rand_3__s3,6,1,141
square__C_rand_3__s3,7,1,189
square__C_rand_3__s3,8,0,500
square__C_rand_3__s3,9,1,277
square__C_rand_3__s3,10,1,202
square__C_rand_3__s3,11,0,500
square__C_rand_3__s3,12,0,500
square__C_rand_3__s3,13,0,500
square__C_rand_3__s3,14,1,209
square__C_rand_3__s3,15,0,500
square__C_rand_3__s3,16,0,500
square__C_rand_3__s3,17,0,500
square__C_rand_3__s3,18,0,500
square__C_rand_3__s3,19,1,421
square__C_rand_3__s3,20,1,475
square__C_rand_3__s3,21,1,288
square__C_rand_3__s3,22,0,500
square__C_rand_3__s3,23,1,311
square__C_rand_3__s3,24,1,329
square__C_rand_3__s3,25,1,214
square__C_rand_3__s3,26,0,500
square__C_rand_3__s3,27,1,401
square__C_rand_3__s3,28,0,500
square__C_rand_3__s3,29,1,140
square__C_rand_3__s3,30,1,348
square__C_rand_3__s3,31,1,140
square__C_rand_3__s3,32,0,500
square__C_rand_3__s3,33,1,248
square__C_rand_3__s3,34,1,191
square__C_rand_3__s3,35,1,198
square__C_rand_3__s3,36,1,321
square__C_rand_3__s3,37,0,500
square__C_rand_3__s3,38,0,500
square__C_rand_3__s3,39,1,178
square__C_rand_3__s3,40,0,500
square__C_rand_3__s3,41,1,162
square__C_rand_3__s3,42,1,169
square__C_rand_3__s3,43,1,181
square__C_rand_3__s3,44,1,289
square__C_rand_3__s3,45,1,370
square__C_rand_3__s3,46,1,225
square__C_rand_3__s3,47,1,434
square__C_rand_3__s3,48,1,339
square__C_rand_3__s3,49,0,500
square__C_rand_3__s3,50,0,500
square__C_rand_3__s3,51,1,226
square__C_rand_3__s3,52,1,461
square__C_rand_3__s3,53,1,324
square__C_rand_3__s3,54,1,368
square__C_rand_3__s3,55,0,500
square__C_rand_3__s3,56,1,151
square__C_rand_3__s3,57,0,500
square__C_rand_3__s3,58,1,147
square__C_rand_3__s3,59,0,500
square__C_rand_3__s3,60,1,158
square__C_rand_3__s3,61,0,500
square__C_rand_3__s3,62,0,500
square__C_rand_3__s3,63,1,283
square__C_rand_3__s3,64,0,500
square__C_rand_3__s3,65,1,482
square__C_rand_3__s3,66,1,206
square__C_rand_3__s3,67,1,189
square__C_rand_3__s3,68,1,218
square__C_rand_3__s3,69,1,179
square__C_rand_3__s3,70,0,500
square__C_rand_3__s3,71,0,500
square__C_rand_3__s3,72,0,500
square__C_rand_3__s3,73,1,130
square__C_rand_3__s3,74,1,290
square__C_rand_3__s3,75,0,500
square__C_rand_3__s3,76,1,227
square__C_rand_3__s3,77,0,500
square__C_rand_3__s3,78,1,272
square__C_rand_3__s3,79,0,500
square__C_rand_3__s3,80,0,500
square__C_rand_3__s3,81,1,174
square__C_rand_3__s3,82,1,232
square__C_rand_3__s3,83,1,139
square__C_rand_3__s3,84,1,187
square__C_rand_3__s3,85,0,500
square__C_rand_3__s3,86,0,500
square__C_rand_3__s3,87,0,500
square__C_rand_3__s3,88,0,500
square__C_rand_3__s3,89,1,342
square__C_rand_3__s3,90,1,217
square__C_rand_3__s3,91,0,500
square__C_rand_3__s3,92,1,409
square__C_rand_3__s3,93,1,283
square__C_rand_3__s3,94,0,500
square__C_rand_3__s3,95,1,273
square__C_rand_3__s3,96,1,205
square__C_rand_3__s3,97,1,379
square__C_rand_3__s3,98,1,438
square__C_rand_3__s3,99,1,178
square__C_rand_3__s3,100,1,189
square__C_rand_3__s3,101,1,228
square__C_rand_3__s3,102,0,500
square__C_rand_3__s3,103,1,358
square__C_rand_3__s3,104,0,500
square__C_rand_3__s3,105,1,410
square__C_rand_3__s3,106,1,210
square__C_rand_3__s3,107,0,500
square__C_rand_3__s3,108,0,500
square__C_rand_3__s3,109,1,418
square__C_rand_3__s3,110,0,500
square__C_rand_3__s3,111,0,500
square__C_rand_3__s3,112,0,500
square__C_rand_3__s3,113,1,142
square__C_rand_3__s3,114,1,280
square__C_rand_3__s3,115,0,500
square__C_rand_3__s3,116,1,360
square__C_rand_3__s3,117,0,500
square__C_rand_3__s3,118,1,165
square__C_rand_3__s3,119,1,208
square__C_rand_3__s3,120,1,453
square__C_rand_3__s3,121,1,167
square__C_rand_3__s3,122,0,500
square__C_rand_3__s3,123,0,500
square__C_rand_3__s3,124,0,500
square__C_rand_3__s3,125,0,500
square__C_rand_3__s3,126,0,500
square__C_rand_3__s3,127,1,175
square__C_rand_3__s3,128,0,500
square__C_rand_3__s3,129,1,225
square__C_rand_3__s3,130,0,500
square__C_rand_3__s3,131,0,500
square__C_rand_3__s3,132,1,170
square__C_rand_3__s3,133,1,181
square__C_rand_3__s3,134,0,500
square__C_rand_3__s3,135,0,500
square__C_rand_3__s3,136,0,500
square__C_rand_3__s3,137,1,165
square__C_rand_3__s3,138,1,189
square__C_rand_3__s3,139,0,500
square__C_rand_3__s3,140,0,500
square__C_rand_3__s3,141,0,500
square__C_rand_3__s3,142,1,221
square__C_rand_3__s3,143,1,370
square__C_rand_3__s3,144,1,262
square__C_rand_3__s3,145,1,190
square__C_rand_3__s3,146,1,191
square__C_rand_3__s3,147,1,179
square__C_rand_3__s3,148,0,500
square__C_rand_3__s3,149,1,208
square__C_rand_3__s3,150,1,202
square__C_rand_3__s3,151,0,500
square__C_rand_3__s3,152,1,179
square__C_rand_3__s3,153,1,184
square__C_rand_3__s3,154,0,500
square__C_rand_3__s3,155,0,500
square__C_rand_3__s3,156,0,500
square__C_rand_3__s3,157,0,500
square__C_rand_3__s3,158,1,389
square__C_rand_3__s3,159,0,500
square__C_rand_3__s3,160,1,148
square__C_rand_3__s3,161,0,500
square__C_rand_3__s3,162,1,282
square__C_rand_3__s3,163,1,279
square__C_rand_3__s3,164,1,420
square__C_rand_3__s3,165,1,202
square__C_rand_3__s3,166,0,500
square__C_rand_3__s3,167,1,307
square__C_rand_3__s3,168,1,187
square__C_rand_3__s3,169,1,191
square__C_rand_3__s3,170,1,358
square__C_rand_3__s3,171,0,500
square__C_rand_3__s3,172,1,292
square__C_rand_3__s3,173,0,500
square__C_rand_3__s3,174,0,500
square__C_rand_3__s3,175,0,500
square__C_rand_3__s3,176,0,500
square__C_rand_3__s3,177,0,500
square__C_rand_3__s3,178,0,500
square__C_rand_3__s3,179,1,224
square__C_rand_3__s3,180,1,371
square__C_rand_3__s3,181,1,282
square__C_rand_3__s3,182,1,341
square__C_rand_3__s3,183,1,212
square__C_rand_3__s3,184,0,500
square__C_rand_3__s3,185,0,500
square__C_rand_3__s3,186,0,500
square__C_rand_3__s3,187,1,203
square__C_rand_3__s3,188,0,500
square__C_rand_3__s3,189,0,500
square__C_rand_3__s3,190,1,139
square__C_rand_3__s3,191,1,160
square__C_rand_3__s3,192,1,205
square__C_rand_3__s3,193,0,500
square__C_rand_3__s3,194,1,280
square__C_rand_3__s3,195,1,197
square__C_rand_3__s3,196,1,210
square__C_rand_3__s3,197,1,181
square__C_rand_3__s3,198,1,407
square__C_rand_3__s3,199,1,138
square__C_rand_3__s3,200,0,500
square__C_rand_3__s3,201,0,500
square__C_rand_3__s3,202,0,500
square__C_rand_3__s3,203,1,321
square__C_rand_3__s3,204,0,500
square__C_rand_3__s3,205,1,334
square__C_rand_3__s3,206,1,241
square__C_rand_3__s3,207,1,189
square__C_rand_3__s3,208,0,500
square__C_rand_3__s3,209,0,500
square__C_rand_3__s3,210,0,500
square__C_rand_3__s3,211,1,292
square__C_rand_3__s3,212,0,500
square__C_rand_3__s3,213,1,273
square__C_rand_3__s3,214,1,420
square__C_rand_3__s3,215,0,500
square__C_rand_3__s3,216,0,500
square__C_rand_3__s3,217,1,182
square__C_rand_3__s3,218,0,500
square__C_rand_3__s3,219,0,500
square__C_rand_3__s3,220,1,146
square__C_rand_3__s3,221,0,500
square__C_rand_3__s3,222,1,220
square__C_rand_3__s3,223,1,300
square__C_rand_3__s3,224,1,279
square__C_rand_3__s3,225,0,500
square__C_rand_3__s3,226,1,182
square__C_rand_3__s3,227,0,500
square__C_rand_3__s3,228,1,217
square__C_rand_3__s3,229,0,500
square__C_rand_3__s3,230,1,209
square__C_rand_3__s3,231,1,368
square__C_rand_3__s3,232,0,500
square__C_rand_3__s3,233,0,500
square__C_rand_3__s3,234,0,500
square__C_rand_3__s3,235,1,162
square__C_rand_3__s3,236,0,500
square__C_rand_3__s3,237,1,169
square__C_rand_3__s3,238,1,283
square__C_rand_3__s3,239,0,500
square__C_rand_3__s3,240,1,302
square__C_rand_3__s3,241,0,500
square__C_rand_3__s3,242,1,190
square__C_rand_3__s3,243,1,464
square__C_rand_3__s3,244,1,152
square__C_rand_3__s3,245,0,500
square__C_rand_3__s3,246,1,162
square__C_rand_3__s3,247,1,160
square__C_rand_3__s3,248,0,500
square__C_rand_3__s3,249,1,442
square__C_rand_3__s3,250,0,500
square__C_rand_3__s3,251,0,500
square__C_rand_3__s3,252,1,218
square__C_rand_3__s3,253,0,500
square__C_rand_3__s3,254,0,500
square__C_rand_3__s3,255,1,342
square__C_rand_3__s3,256,1,177
square__C_rand_3__s3,257,1,329
square__C_rand_3__s3,258,0,500
square__C_rand_3__s3,259,0,500
square__C_rand_3__s3,260,0,500
square__C_rand_3__s3,261,0,500
square__C_rand_3__s3,262,1,222
square__C_rand_3__s3,263,0,500
square__C_rand_3__s3,264,1,182
square__C_rand_3__s3,265,1,357
square__C_rand_3__s3,266,0,500
square__C_rand_3__s3,267,1,247
square__C_rand_3__s3,268,1,322
square__C_rand_3__s3,269,1,268
square__C_rand_3__s3,270,0,500
square__C_rand_3__s3,271,0,500
square__C_rand_3__s3,272,1,230
square__C_rand_3__s3,273,1,204
square__C_rand_3__s3,274,1,149
square__C_rand_3__s3,275,1,162
square__C_rand_3__s3,276,0,500
square__C_rand_3__s3,277,0,500
square__C_rand_3__s3,278,1,212
square__C_rand_3__s3,279,1,190
square__C_rand_3__s3,280,1,240
square__C_rand_3__s3,281,0,500
square__C_rand_3__s3,282,0,500
square__C_rand_3__s3,283,1,252
square__C_rand_3__s3,284,0,500
square__C_rand_3__s3,285,0,500
square__C_rand_3__s3,286,0,500
square__C_rand_3__s3,287,1,234
square__C_rand_3__s3,288,1,287
square__C_rand_3__s3,289,1,474
square__C_rand_3__s3,290,0,500
square__C_rand_3__s3,291,0,500
square__C_rand_3__s3,292,1,182
square__C_rand_3__s3,293,1,170
square__C_rand_3__s3,294,0,500
square__C_rand_3__s3,295,1,151
square__C_rand_3__s3,296,1,141
square__C_rand_3__s3,297,1,251
square__C_rand_3__s3,298,1,288
square__C_rand_3__s3,299,1,200
square__C_rand_3__s3,300,1,195
square__C_rand_3__s3,301,0,500
square__C_rand_3__s3,302,1,319
square__C_rand_3__s3,303,1,166
square__C_rand_3__s3,304,0,500
square__C_rand_3__s3,305,1,301
square__C_rand_3__s3,306,1,331
square__C_rand_3__s3,307,1,274
square__C_rand_3__s3,308,0,500
square__C_rand_3__s3,309,0,500
square__C_rand_3__s3,310,1,289
square__C_rand_3__s3,311,1,193
square__C_rand_3__s3,312,1,182
square__C_rand_3__s3,313,1,186
square__C_rand_3__s3,314,1,189
square__C_rand_3__s3,315,1,141
square__C_rand_3__s3,316,1,218
square__C_rand_3__s3,317,1,279
square__C_rand_3__s3,318,1,358
square__C_rand_3__s3,319,1,240
square__C_rand_3__s3,320,0,500
square__C_rand_3__s3,321,1,258
square__C_rand_3__s3,322,1,359
square__C_rand_3__s3,323,1,362
square__C_rand_3__s3,324,0,500
square__C_rand_3__s3,325,1,151
square__C_rand_3__s3,326,0,500
square__C_rand_3__s3,327,1,162
square__C_rand_3__s3,328,0,500
square__C_rand_3__s3,329,1,274
square__C_rand_3__s3,330,0,500
square__C_rand_3__s3,331,0,500
square__C_rand_3__s3,332,0,500
square__C_rand_3__s3,333,1,183
square__C_rand_3__s3,334,1,231
square__C_rand_3__s3,335,1,249
square__C_rand_3__s3,336,0,500
square__C_rand_3__s3,337,1,210
square__C_rand_3__s3,338,1,306
square__C_rand_3__s3,339,1,210
square__C_rand_3__s3,340,0,500
square__C_rand_3__s3,341,1,190
square__C_rand_3__s3,342,0,500
square__C_rand_3__s3,343,1,209
square__C_rand_3__s3,344,0,500
square__C_rand_3__s3,345,0,500
square__C_rand_3__s3,346,1,318
square__C_rand_3__s3,347,0,500
square__C_rand_3__s3,348,0,500
square__C_rand_3__s3,349,1,218
square__C_rand_3__s3,350,0,500
square__C_rand_3__s3,351,0,500
square__C_rand_3__s3,352,0,500
square__C_rand_3__s3,353,1,230
square__C_rand_3__s3,354,0,500
square__C_rand_3__s3,355,1,188
square__C_rand_3__s3,356,1,168
square__C_rand_3__s3,357,1,307
square__C_rand_3__s3,358,1,153
square__C_rand_3__s3,359,1,310
square__C_rand_3__s3,360,1,241
square__C_rand_3__s3,361,1,136
square__C_rand_3__s3,362,0,500
square__C_rand_3__s3,363,0,500
square__C_rand_3__s3,364,0,500
square__C_rand_3__s3,365,1,357
square__C_rand_3__s3,366,0,500
square__C_rand_3__s3,367,1,243
square__C_rand_3__s3,368,0,500
square__C_rand_3__s3,369,0,500
square__C_rand_3__s3,370,0,500
square__C_rand_3__s3,371,0,500
square__C_rand_3__s3,372,0,500
square__C_rand_3__s3,373,1,422
square__C_rand_3__s3,374,1,337
square__C_rand_3__s3,375,1,249
square__C_rand_3__s3,376,1,210
square__C_rand_3__s3,377,0,500
square__C_rand_3__s3,378,1,181
square__C_rand_3__s3,379,0,500
square__C_rand_3__s3,380,0,500
square__C_rand_3__s3,381,1,234
square__C_rand_3__s3,382,0,500
square__C_rand_3__s3,383,1,181
square__C_rand_3__s3,384,0,500
square__C_rand_3__s3,385,0,500
square__C_rand_3__s3,386,0,500
square__C_rand_3__s3,387,1,169
square__C_rand_3__s3,388,0,500
square__C_rand_3__s3,389,0,500
square__C_rand_3__s3,390,0,500
square__C_rand_3__s3,391,1,190
square__C_rand_3__s3,392,1,227
square__C_rand_3__s3,393,0,500
square__C_rand_3__s3,394,1,160
square__C_rand_3__s3,395,0,500
square__C_rand_3__s3,396,1,393
square__C_rand_3__s3,397,0,500
square__C_rand_3__s3,398,1,381
square__C_rand_3__s3,399,1,306
square__C_rand_3__s3,400,0,500
square__C_rand_3__s3,401,1,431
square__C_rand_3__s3,402,1,436
square__C_rand_3__s3,403,0,500
square__C_rand_3__s3,404,1,159
square__C_rand_3__s3,405,1,349
square__C_rand_3__s3,406,0,500
square__C_rand_3__s3,407,1,188
square__C_rand_3__s3,408,1,147
square__C_rand_3__s3,409,1,210
square__C_rand_3__s3,410,1,299
square__C_rand_3__s3,411,0,500
square__C_rand_3__s3,412,1,150
square__C_rand_3__s3,413,0,500
square__C_rand_3__s3,414,1,234
square__C_rand_3__s3,415,0,500
square__C_rand_3__s3,416,1,183
square__C_rand_3__s3,417,1,161
square__C_rand_3__s3,418,1,186
square__C_rand_3__s3,419,0,500
square__C_rand_3__s3,420,1,246
square__C_rand_3__s3,421,0,500
square__C_rand_3__s3,422,1,191
square__C_rand_3__s3,423,1,310
square__C_rand_3__s3,424,0,500
square__C_rand_3__s3,425,0,500
square__C_rand_3__s3,426,0,500
square__C_rand_3__s3,427,1,408
square__C_rand_3__s3,428,1,281
square__C_rand_3__s3,429,1,242
square__C_rand_3__s3,430,1,219
square__C_rand_3__s3,431,1,292
square__C_rand_3__s3,432,1,143
square__C_rand_3__s3,433,1,302
square__C_rand_3__s3,434,1,362
square__C_rand_3__s3,435,1,381
square__C_rand_3__s3,436,1,292
square__C_rand_3__s3,437,0,500
square__C_rand_3__s3,438,0,500
square__C_rand_3__s3,439,0,500
square__C_rand_3__s3,440,1,317
square__C_rand_3__s3,441,1,320
square__C_rand_3__s3,442,1,329
square__C_rand_3__s3,443,1,288
square__C_rand_3__s3,444,1,216
square__C_rand_3__s3,445,0,500
square__C_rand_3__s3,446,1,271
square__C_rand_3__s3,447,0,500
square__C_rand_3__s3,448,0,500
square__C_rand_3__s3,449,1,142
square__C_rand_3__s3,450,1,362
square__C_rand_3__s3,451,0,500
square__C_rand_3__s3,452,1,168
square__C_rand_3__s3,453,1,221
square__C_rand_3__s3,454,1,259
square__C_rand_3__s3,455,1,370
square__C_rand_3__s3,456,0,500
square__C_rand_3__s3,457,1,177
square__C_rand_3__s3,458,0,500
square__C_rand_3__s3,459,0,500
square__C_rand_3__s3,460,1,200
square__C_rand_3__s3,461,1,172
square__C_rand_3__s3,462,0,500
square__C_rand_3__s3,463,0,500
square__C_rand_3__s3,464,0,500
square__C_rand_3__s3,465,1,343
square__C_rand_3__s3,466,0,500
square__C_rand_3__s3,467,0,500
square__C_rand_3__s3,468,0,500
square__C_rand_3__s3,469,0,500
square__C_rand_3__s3,470,0,500
square__C_rand_3__s3,471,1,383
square__C_rand_3__s3,472,1,268
square__C_rand_3__s3,473,0,500
square__C_rand_3__s3,474,0,500
square__C_rand_3__s3,475,1,242
square__C_rand_3__s3,476,0,500
square__C_rand_3__s3,477,1,325
square__C_rand_3__s3,478,1,324
square__C_rand_3__s3,479,0,500
square__C_rand_3__s3,480,1,175
square__C_rand_3__s3,481,1,370
square__C_rand_3__s3,482,0,500
square__C_rand_3__s3,483,1,268
square__C_rand_3__s3,484,0,500
square__C_rand_3__s3,485,1,340
square__C_rand_3__s3,486,0,500
square__C_rand_3__s3,487,1,289
square__C_rand_3__s3,488,0,500
square__C_rand_3__s3,489,0,500
square__C_rand_3__s3,490,1,240
square__C_rand_3__s3,491,1,140
square__C_rand_3__s3,492,1,383
square__C_rand_3__s3,493,1,258
square__C_rand_3__s3,494,0,500
square__C_rand_3__s3,495,1,301
square__C_rand_3__s3,496,1,172
square__C_rand_3__s3,497,1,302
square__C_rand_3__s3,498,1,319
square__C_rand_3__s3,499,1,394
square__C_rand_4__s1,0,1,229
square__C_rand_4__s1,1,1,383
square__C_rand_4__s1,2,0,500
square__C_rand_4__s1,3,1,305
square__C_rand_4__s1,4,0,500
square__C_rand_4__s1,5,1,441
square__C_rand_4__s1,6,1,251
square__C_rand_4__s1,7,0,500
square__C_rand_4__s1,8,0,500
square__C_rand_4__s1,9,0,500
square__C_rand_4__s1,10,0,500
square__C_rand_4__s1,11,0,500
square__C_rand_4__s1,12,0,500
square__C_rand_4__s1,13,1,234
square__C_rand_4__s1,14,0,500
square__C_rand_4__s1,15,1,323
square__C_rand_4__s1,16,1,316
square__C_rand_4__s1,17,1,182
square__C_rand_4__s1,18,1,232
square__C_rand_4__s1,19,1,280
square__C_rand_4__s1,20,1,168
square__C_rand_4__s1,21,1,271
square__C_rand_4__s1,22,1,250
square__C_rand_4__s1,23,1,175
square__C_rand_4__s1,24,0,500
square__C_rand_4__s1,25,1,197
square__C_rand_4__s1,26,1,162
square__C_rand_4__s1,27,0,500
square__C_rand_4__s1,28,1,293
square__C_rand_4__s1,29,1,162
square__C_rand_4__s1,30,0,500
square__C_rand_4__s1,31,1,165
square__C_rand_4__s1,32,1,404
square__C_rand_4__s1,33,0,500
square__C_rand_4__s1,34,0,500
square__C_rand_4__s1,35,0,500
square__C_rand_4__s1,36,1,239
square__C_rand_4__s1,37,0,500
square__C_rand_4__s1,38,0,500
square__C_rand_4__s1,39,1,172
square__C_rand_4__s1,40,1,302
square__C_rand_4__s1,41,1,151
square__C_rand_4__s1,42,1,211
square__C_rand_4__s1,43,0,500
square__C_rand_4__s1,44,1,278
square__C_rand_4__s1,45,1,307
square__C_rand_4__s1,46,1,232
square__C_rand_4__s1,47,0,500
square__C_rand_4__s1,48,0,500
square__C_rand_4__s1,49,0,500
square__C_rand_4__s1,50,1,240
square__C_rand_4__s1,51,1,260
square__C_rand_4__s1,52,1,312
square__C_rand_4__s1,53,1,193
square__C_rand_4__s1,54,0,500
square__C_rand_4__s1,55,1,208
square__C_rand_4__s1,56,1,188
square__C_rand_4__s1,57,1,350
square__C_rand_4__s1,58,0,500
square__C_rand_4__s1,59,0,500
square__C_rand_4__s1,60,0,500
square__C_rand_4__s1,61,1,252
square__C_rand_4__s1,62,0,500
square__C_rand_4__s1,63,0,500
square__C_rand_4__s1,64,0,500
square__C_rand_4__s1,65,1,199
square__C_rand_4__s1,66,1,200
square__C_rand_4__s1,67,0,500
square__C_rand_4__s1,68,1,201
square__C_rand_4__s1,69,1,248
square__C_rand_4__s1,70,0,500
square__C_rand_4__s1,71,1,192
square__C_rand_4__s1,72,1,218
square__C_rand_4__s1,73,1,428
square__C_rand_4__s1,74,0,500
square__C_rand_4__s1,75,1,250
square__C_rand_4__s1,76,1,258
square__C_rand_4__s1,77,1,157
square__C_rand_4__s1,78,1,287
square__C_rand_4__s1,79,1,281
square__C_rand_4__s1,80,1,221
square__C_rand_4__s1,81,1,212
square__C_rand_4__s1,82,1,390
square__C_rand_4__s1,83,1,171
square__C_rand_4__s1,84,1,208
square__C_rand_4__s1,85,1,215
square__C_rand_4__s1,86,0,500
square__C_rand_4__s1,87,1,339
square__C_rand_4__s1,88,0,500
square__C_rand_4__s1,89,1,181
square__C_rand_4__s1,90,0,500
square__C_rand_4__s1,91,0,500
square__C_rand_4__s1,92,1,211
square__C_rand_4__s1,93,0,500
square__C_rand_4__s1,94,0,500
square__C_rand_4__s1,95,0,500
square__C_rand_4__s1,96,0,500
square__C_rand_4__s1,97,0,500
square__C_rand_4__s1,98,1,197
square__C_rand_4__s1,99,1,240
square__C_rand_4__s1,100,0,500
square__C_rand_4__s1,101,0,500
square__C_rand_4__s1,102,0,500
square__C_rand_4__s1,103,1,180
square__C_rand_4__s1,104,1,185
square__C_rand_4__s1,105,1,258
square__C_rand_4__s1,106,0,500
square__C_rand_4__s1,107,1,199
square__C_rand_4__s1,108,1,197
square__C_rand_4__s1,109,0,500
square__C_rand_4__s1,110,0,500
square__C_rand_4__s1,111,1,278
square__C_rand_4__s1,112,1,200
square__C_rand_4__s1,113,1,171
square__C_rand_4__s1,114,1,212
square__C_rand_4__s1,115,0,500
square__C_rand_4__s1,116,1,301
square__C_rand_4__s1,117,1,186
square__C_rand_4__s1,118,1,217
square__C_rand_4__s1,119,1,162
square__C_rand_4__s1,120,0,500
square__C_rand_4__s1,121,1,233
square__C_rand_4__s1,122,0,500
square__C_rand_4__s1,123,0,500
square__C_rand_4__s1,124,0,500
square__C_rand_4__s1,125,1,335
square__C_rand_4__s1,126,1,308
square__C_rand_4__s1,127,0,500
square__C_rand_4__s1,128,0,500
square__C_rand_4__s1,129,0,500
square__C_rand_4__s1,130,1,481
square__C_rand_4__s1,131,1,241
square__C_rand_4__s1,132,0,500
square__C_rand_4__s1,133,1,210
square__C_rand_4__s1,134,1,342
square__C_rand_4__s1,135,1,170
square__C_rand_4__s1,136,0,500
square__C_rand_4__s1,137,1,130
square__C_rand_4__s1,138,1,203
square__C_rand_4__s1,139,0,500
square__C_rand_4__s1,140,0,500
square__C_rand_4__s1,141,1,257
square__C_rand_4__s1,142,0,500
square__C_rand_4__s1,143,0,500
square__C_rand_4__s1,144,1,169
square__C_rand_4__s1,145,0,500
square__C_rand_4__s1,146,1,219
square__C_rand_4__s1,147,1,182
square__C_rand_4__s1,148,1,241
square__C_rand_4__s1,149,1,329
square__C_rand_4__s1,150,0,500
square__C_rand_4__s1,151,1,343
square__C_rand_4__s1,152,1,191
square__C_rand_4__s1,153,1,219
square__C_rand_4__s1,154,1,218
square__C_rand_4__s1,155,0,500
square__C_rand_4__s1,156,0,500
square__C_rand_4__s1,157,1,181
square__C_rand_4__s1,158,0,500
square__C_rand_4__s1,159,1,249
square__C_rand_4__s1,160,1,332
square__C_rand_4__s1,161,0,500
square__C_rand_4__s1,162,1,220
square__C_rand_4__s1,163,1,280
square__C_rand_4__s1,164,0,500
square__C_rand_4__s1,165,0,500
square__C_rand_4__s1,166,0,500
square__C_rand_4__s1,167,0,500
square__C_rand_4__s1,168,0,500
square__C_rand_4__s1,169,1,257
square__C_rand_4__s1,170,0,500
square__C_rand_4__s1,171,0,500
square__C_rand_4__s1,172,0,500
square__C_rand_4__s1,173,1,485
square__C_rand_4__s1,174,1,217
square__C_rand_4__s1,175,1,378
square__C_rand_4__s1,176,1,211
square__C_rand_4__s1,177,1,162
square__C_rand_4__s1,178,1,231
square__C_rand_4__s1,179,0,500
square__C_rand_4__s1,180,0,500
square__C_rand_4__s1,181,1,197
square__C_rand_4__s1,182,0,500
square__C_rand_4__s1,183,0,500
square__C_rand_4__s1,184,1,238
square__C_rand_4__s1,185,0,500
square__C_rand_4__s1,186,0,500
square__C_rand_4__s1,187,1,179
square__C_rand_4__s1,188,1,232
square__C_rand_4__s1,189,1,242
square__C_rand_4__s1,190,1,171
square__C_rand_4__s1,191,1,151
square__C_rand_4__s1,192,1,238
square__C_rand_4__s1,193,1,198
square__C_rand_4__s1,194,0,500
square__C_rand_4__s1,195,1,212
square__C_rand_4__s1,196,1,275
square__C_rand_4__s1,197,1,253
square__C_rand_4__s1,198,1,281
square__C_rand_4__s1,199,1,248
square__C_rand_4__s1,200,0,500
square__C_rand_4__s1,201,0,500
square__C_rand_4__s1,202,1,218
square__C_rand_4__s1,203,0,500
square__C_rand_4__s1,204,1,191
square__C_rand_4__s1,205,0,500
square__C_rand_4__s1,206,1,193
square__C_rand_4__s1,207,1,172
square__C_rand_4__s1,208,1,213
square__C_rand_4__s1,209,0,500
square__C_rand_4__s1,210,1,260
square__C_rand_4__s1,211,0,500
square__C_rand_4__s1,212,0,500
square__C_rand_4__s1,213,0,500
square__C_rand_4__s1,214,1,370
square__C_rand_4__s1,215,0,500
square__C_rand_4__s1,216,1,421
square__C_rand_4__s1,217,1,253
square__C_rand_4__s1,218,0,500
square__C_rand_4__s1,219,1,182
square__C_rand_4__s1,220,1,171
square__C_rand_4__s1,221,1,200
square__C_rand_4__s1,222,0,500
square__C_rand_4__s1,223,1,211
square__C_rand_4__s1,224,0,500
square__C_rand_4__s1,225,0,500
square__C_rand_4__s1,226,1,208
square__C_rand_4__s1,227,1,211
square__C_rand_4__s1,228,1,181
square__C_rand_4__s1,229,0,500
square__C_rand_4__s1,230,0,500
square__C_rand_4__s1,231,0,500
square__C_rand_4__s1,232,1,207
square__C_rand_4__s1,233,1,423
square__C_rand_4__s1,234,0,500
square__C_rand_4__s1,235,0,500
square__C_rand_4__s1,236,0,500
square__C_rand_4__s1,237,1,188
square__C_rand_4__s1,238,0,500
square__C_rand_4__s1,239,1,261
square__C_rand_4__s1,240,1,296
square__C_rand_4__s1,241,0,500
square__C_rand_4__s1,242,0,500
square__C_rand_4__s1,243,1,340
square__C_rand_4__s1,244,1,159
square__C_rand_4__s1,245,1,202
square__C_rand_4__s1,246,1,166
square__C_rand_4__s1,247,0,500
square__C_rand_4__s1,248,1,288
square__C_rand_4__s1,249,1,224
square__C_rand_4__s1,250,1,217
square__C_rand_4__s1,251,1,228
square__C_rand_4__s1,252,1,208
square__C_rand_4__s1,253,0,500
square__C_rand_4__s1,254,0,500
square__C_rand_4__s1,255,0,500
square__C_rand_4__s1,256,1,200
square__C_rand_4__s1,257,1,391
square__C_rand_4__s1,258,1,250
square__C_rand_4__s1,259,0,500
square__C_rand_4__s1,260,0,500
square__C_rand_4__s1,261,0,500
square__C_rand_4__s1,262,1,498
square__C_rand_4__s1,263,1,289
square__C_rand_4__s1,264,1,141
square__C_rand_4__s1,265,0,500
square__C_rand_4__s1,266,0,500
square__C_rand_4__s1,267,1,209
square__C_rand_4__s1,268,0,500
square__C_rand_4__s1,269,1,292
square__C_rand_4__s1,270,1,251
square__C_rand_4__s1,271,1,231
square__C_rand_4__s1,272,1,221
square__C_rand_4__s1,273,1,291
square__C_rand_4__s1,274,1,168
square__C_rand_4__s1,275,1,210
square__C_rand_4__s1,276,1,251
square__C_rand_4__s1,277,0,500
square__C_rand_4__s1,278,1,308
square__C_rand_4__s1,279,1,183
square__C_rand_4__s1,280,1,199
square__C_rand_4__s1,281,0,500
square__C_rand_4__s1,282,0,500
square__C_rand_4__s1,283,1,193
square__C_rand_4__s1,284,1,253
square__C_rand_4__s1,285,1,223
square__C_rand_4__s1,286,1,211
square__C_rand_4__s1,287,0,500
square__C_rand_4__s1,288,1,201
square__C_rand_4__s1,289,1,369
square__C_rand_4__s1,290,1,212
square__C_rand_4__s1,291,1,263
square__C_rand_4__s1,292,1,197
square__C_rand_4__s1,293,1,250
square__C_rand_4__s1,294,1,171
square__C_rand_4__s1,295,1,138
square__C_rand_4__s1,296,1,173
square__C_rand_4__s1,297,1,257
square__C_rand_4__s1,298,1,271
square__C_rand_4__s1,299,1,330
square__C_rand_4__s1,300,0,500
square__C_rand_4__s1,301,1,233
square__C_rand_4__s1,302,1,160
square__C_rand_4__s1,303,1,179
square__C_rand_4__s1,304,1,195
square__C_rand_4__s1,305,0,500
square__C_rand_4__s1,306,1,162
square__C_rand_4__s1,307,0,500
square__C_rand_4__s1,308,1,195
square__C_rand_4__s1,309,0,500
square__C_rand_4__s1,310,1,181
square__C_rand_4__s1,311,1,245
square__C_rand_4__s1,312,1,211
square__C_rand_4__s1,313,1,297
square__C_rand_4__s1,314,1,287
square__C_rand_4__s1,315,1,191
square__C_rand_4__s1,316,1,260
square__C_rand_4__s1,317,1,444
square__C_rand_4__s1,318,1,240
square__C_rand_4__s1,319,1,224
square__C_rand_4__s1,320,0,500
square__C_rand_4__s1,321,1,302
square__C_rand_4__s1,322,0,500
square__C_rand_4__s1,323,0,500
square__C_rand_4__s1,324,1,313
square__C_rand_4__s1,325,1,174
square__C_rand_4__s1,326,1,208
square__C_rand_4__s1,327,1,207
square__C_rand_4__s1,328,1,201
square__C_rand_4__s1,329,0,500
square__C_rand_4__s1,330,0,500
square__C_rand_4__s1,331,0,500
square__C_rand_4__s1,332,1,227
square__C_rand_4__s1,333,1,493
square__C_rand_4__s1,334,1,202
square__C_rand_4__s1,335,1,240
square__C_rand_4__s1,336,1,291
square__C_rand_4__s1,337,0,500
square__C_rand_4__s1,338,1,182
square__C_rand_4__s1,339,1,179
square__C_rand_4__s1,340,1,498
square__C_rand_4__s1,341,1,220
square__C_rand_4__s1,342,1,195
square__C_rand_4__s1,343,1,253
square__C_rand_4__s1,344,1,248
square__C_rand_4__s1,345,0,500
square__C_rand_4__s1,346,0,500
square__C_rand_4__s1,347,1,203
square__C_rand_4__s1,348,1,241
square__C_rand_4__s1,349,0,500
square__C_rand_4__s1,350,0,500
square__C_rand_4__s1,351,1,157
square__C_rand_4__s1,352,0,500
square__C_rand_4__s1,353,0,500
square__C_rand_4__s1,354,0,500
square__C_rand_4__s1,355,1,186
square__C_rand_4__s1,356,1,209
square__C_rand_4__s1,357,0,500
square__C_rand_4__s1,358,0,500
square__C_rand_4__s1,359,0,500
square__C_rand_4__s1,360,0,500
square__C_rand_4__s1,361,1,189
square__C_rand_4__s1,362,0,500
square__C_rand_4__s1,363,1,216
square__C_rand_4__s1,364,1,201
square__C_rand_4__s1,365,0,500
square__C_rand_4__s1,366,0,500
square__C_rand_4__s1,367,1,169
square__C_rand_4__s1,368,1,222
square__C_rand_4__s1,369,0,500
square__C_rand_4__s1,370,0,500
square__C_rand_4__s1,371,0,500
square__C_rand_4__s1,372,0,500
square__C_rand_4__s1,373,0,500
square__C_rand_4__s1,374,1,183
square__C_rand_4__s1,375,1,388
square__C_rand_4__s1,376,1,306
square__C_rand_4__s1,377,0,500
square__C_rand_4__s1,378,1,142
square__C_rand_4__s1,379,1,274
square__C_rand_4__s1,380,1,160
square__C_rand_4__s1,381,0,500
square__C_rand_4__s1,382,1,197
square__C_rand_4__s1,383,1,199
square__C_rand_4__s1,384,1,214
square__C_rand_4__s1,385,0,500
square__C_rand_4__s1,386,1,208
square__C_rand_4__s1,387,1,218
square__C_rand_4__s1,388,1,249
square__C_rand_4__s1,389,1,208
square__C_rand_4__s1,390,0,500
square__C_rand_4__s1,391,1,193
square__C_rand_4__s1,392,1,283
square__C_rand_4__s1,393,1,371
square__C_rand_4__s1,394,1,182
square__C_rand_4__s1,395,1,318
square__C_rand_4__s1,396,1,209
square__C_rand_4__s1,397,0,500
square__C_rand_4__s1,398,1,182
square__C_rand_4__s1,399,0,500
square__C_rand_4__s1,400,1,172
square__C_rand_4__s1,401,1,191
square__C_rand_4__s1,402,1,282
square__C_rand_4__s1,403,1,200
square__C_rand_4__s1,404,1,304
square__C_rand_4__s1,405,0,500
square__C_rand_4__s1,406,1,187
square__C_rand_4__s1,407,1,216
square__C_rand_4__s1,408,0,500
square__C_rand_4__s1,409,1,202
square__C_rand_4__s1,410,1,326
square__C_rand_4__s1,411,0,500
square__C_rand_4__s1,412,1,160
square__C_rand_4__s1,413,0,500
square__C_rand_4__s1,414,1,188
square__C_rand_4__s1,415,1,203
square__C_rand_4__s1,416,0,500
square__C_rand_4__s1,417,1,179
square__C_rand_4__s1,418,0,500
square__C_rand_4__s1,419,0,500
square__C_rand_4__s1,420,0,500
square__C_rand_4__s1,421,1,242
square__C_rand_4__s1,422,0,500
square__C_rand_4__s1,423,0,500
square__C_rand_4__s1,424,0,500
square__C_rand_4__s1,425,1,180
square__C_rand_4__s1,426,1,190
square__C_rand_4__s1,427,1,238
square__C_rand_4__s1,428,0,500
square__C_rand_4__s1,429,1,222
square__C_rand_4__s1,430,1,165
square__C_rand_4__s1,431,0,500
square__C_rand_4__s1,432,1,149
square__C_rand_4__s1,433,1,262
square__C_rand_4__s1,434,1,261
square__C_rand_4__s1,435,1,318
square__C_rand_4__s1,436,0,500
square__C_rand_4__s1,437,1,278
square__C_rand_4__s1,438,0,500
square__C_rand_4__s1,439,1,137
square__C_rand_4__s1,440,0,500
square__C_rand_4__s1,441,1,185
square__C_rand_4__s1,442,1,221
square__C_rand_4__s1,443,1,196
square__C_rand_4__s1,444,1,257
square__C_rand_4__s1,445,0,500
square__C_rand_4__s1,446,1,250
square__C_rand_4__s1,447,1,190
square__C_rand_4__s1,448,1,317
square__C_rand_4__s1,449,1,231
square__C_rand_4__s1,450,1,171
square__C_rand_4__s1,451,0,500
square__C_rand_4__s1,452,1,179
square__C_rand_4__s1,453,1,149
square__C_rand_4__s1,454,0,500
square__C_rand_4__s1,455,1,159
square__C_rand_4__s1,456,0,500
square__C_rand_4__s1,457,1,179
square__C_rand_4__s1,458,0,500
square__C_rand_4__s1,459,0,500
square__C_rand_4__s1,460,1,242
square__C_rand_4__s1,461,0,500
square__C_rand_4__s1,462,1,268
square__C_rand_4__s1,463,1,186
square__C_rand_4__s1,464,0,500
square__C_rand_4__s1,465,1,160
square__C_rand_4__s1,466,0,500
square__C_rand_4__s1,467,1,185
square__C_rand_4__s1,468,1,217
square__C_rand_4__s1,469,1,151
square__C_rand_4__s1,470,0,500
square__C_rand_4__s1,471,1,155
square__C_rand_4__s1,472,1,313
square__C_rand_4__s1,473,1,247
square__C_rand_4__s1,474,0,500
square__C_rand_4__s1,475,1,213
square__C_rand_4__s1,476,0,500
square__C_rand_4__s1,477,1,272
square__C_rand_4__s1,478,1,332
square__C_rand_4__s1,479,1,172
square__C_rand_4__s1,480,0,500
square__C_rand_4__s1,481,1,176
square__C_rand_4__s1,482,1,341
square__C_rand_4__s1,483,1,220
square__C_rand_4__s1,484,1,182
square__C_rand_4__s1,485,0,500
square__C_rand_4__s1,486,1,149
square__C_rand_4__s1,487,0,500
square__C_rand_4__s1,488,0,500
square__C_rand_4__s1,489,1,350
square__C_rand_4__s1,490,1,145
square__C_rand_4__s1,491,1,166
square__C_rand_4__s1,492,1,228
square__C_rand_4__s1,493,1,251
square__C_rand_4__s1,494,1,217
square__C_rand_4__s1,495,1,252
square__C_rand_4__s1,496,1,247
square__C_rand_4__s1,497,0,500
square__C_rand_4__s1,498,1,466
square__C_rand_4__s1,499,1,278
square__C_rand_4__s2,0,0,500
square__C_rand_4__s2,1,1,164
square__C_rand_4__s2,2,0,500
square__C_rand_4__s2,3,0,500
square__C_rand_4__s2,4,0,500
square__C_rand_4__s2,5,0,500
square__C_rand_4__s2,6,1,157
square__C_rand_4__s2,7,1,219
square__C_rand_4__s2,8,0,500
square__C_rand_4__s2,9,1,153
square__C_rand_4__s2,10,1,199
square__C_rand_4__s2,11,0,500
square__C_rand_4__s2,12,0,500
square__C_rand_4__s2,13,0,500
square__C_rand_4__s2,14,1,211
square__C_rand_4__s2,15,0,500
square__C_rand_4__s2,16,0,500
square__C_rand_4__s2,17,1,207
square__C_rand_4__s2,18,1,228
square__C_rand_4__s2,19,0,500
square__C_rand_4__s2,20,1,208
square__C_rand_4__s2,21,0,500
square__C_rand_4__s2,22,1,180
square__C_rand_4__s2,23,0,500
square__C_rand_4__s2,24,1,252
square__C_rand_4__s2,25,1,266
square__C_rand_4__s2,26,1,167
square__C_rand_4__s2,27,1,210
square__C_rand_4__s2,28,1,302
square__C_rand_4__s2,29,1,189
square__C_rand_4__s2,30,0,500
square__C_rand_4__s2,31,1,238
square__C_rand_4__s2,32,1,214
square__C_rand_4__s2,33,1,313
square__C_rand_4__s2,34,1,200
square__C_rand_4__s2,35,0,500
square__C_rand_4__s2,36,0,500
square__C_rand_4__s2,37,1,327
square__C_rand_4__s2,38,0,500
square__C_rand_4__s2,39,1,208
square__C_rand_4__s2,40,1,474
square__C_rand_4__s2,41,1,222
square__C_rand_4__s2,42,1,178
square__C_rand_4__s2,43,1,181
square__C_rand_4__s2,44,0,500
square__C_rand_4__s2,45,1,184
square__C_rand_4__s2,46,1,211
square__C_rand_4__s2,47,0,500
square__C_rand_4__s2,48,0,500
square__C_rand_4__s2,49,1,210
square__C_rand_4__s2,50,1,246
square__C_rand_4__s2,51,1,470
square__C_rand_4__s2,52,1,326
square__C_rand_4__s2,53,1,207
square__C_rand_4__s2,54,0,500
square__C_rand_4__s2,55,1,402
square__C_rand_4__s2,56,1,192
square__C_rand_4__s2,57,1,242
square__C_rand_4__s2,58,1,202
square__C_rand_4__s2,59,1,165
square__C_rand_4__s2,60,1,212
square__C_rand_4__s2,61,1,171
square__C_rand_4__s2,62,1,159
square__C_rand_4__s2,63,0,500
square__C_rand_4__s2,64,0,500
square__C_rand_4__s2,65,1,230
square__C_rand_4__s2,66,1,251
square__C_rand_4__s2,67,1,248
square__C_rand_4__s2,68,1,225
square__C_rand_4__s2,69,1,232
square__C_rand_4__s2,70,0,500
square__C_rand_4__s2,71,1,340
square__C_rand_4__s2,72,0,500
square__C_rand_4__s2,73,1,197
square__C_rand_4__s2,74,1,151
square__C_rand_4__s2,75,0,500
square__C_rand_4__s2,76,1,459
square__C_rand_4__s2,77,1,281
square__C_rand_4__s2,78,1,160
square__C_rand_4__s2,79,1,168
square__C_rand_4__s2,80,0,500
square__C_rand_4__s2,81,1,296
square__C_rand_4__s2,82,1,191
square__C_rand_4__s2,83,1,464
square__C_rand_4__s2,84,1,182
square__C_rand_4__s2,85,1,213
square__C_rand_4__s2,86,0,500
square__C_rand_4__s2,87,1,218
square__C_rand_4__s2,88,0,500
square__C_rand_4__s2,89,1,211
square__C_rand_4__s2,90,1,258
square__C_rand_4__s2,91,1,236
square__C_rand_4__s2,92,1,279
square__C_rand_4__s2,93,0,500
square__C_rand_4__s2,94,1,163
square__C_rand_4__s2,95,0,500
square__C_rand_4__s2,96,1,391
square__C_rand_4__s2,97,0,500
square__C_rand_4__s2,98,0,500
square__C_rand_4__s2,99,0,500
square__C_rand_4__s2,100,1,279
square__C_rand_4__s2,101,0,500
square__C_rand_4__s2,102,0,500
square__C_rand_4__s2,103,1,220
square__C_rand_4__s2,104,0,500
square__C_rand_4__s2,105,1,279
square__C_rand_4__s2,106,1,262
square__C_rand_4__s2,107,0,500
square__C_rand_4__s2,108,1,180
square__C_rand_4__s2,109,1,252
square__C_rand_4__s2,110,0,500
square__C_rand_4__s2,111,1,219
square__C_rand_4__s2,112,0,500
square__C_rand_4__s2,113,1,185
square__C_rand_4__s2,114,0,500
square__C_rand_4__s2,115,0,500
square__C_rand_4__s2,116,1,202
square__C_rand_4__s2,117,1,173
square__C_rand_4__s2,118,1,176
square__C_rand_4__s2,119,1,148
square__C_rand_4__s2,120,1,331
square__C_rand_4__s2,121,1,192
square__C_rand_4__s2,122,0,500
square__C_rand_4__s2,123,1,262
square__C_rand_4__s2,124,0,500
square__C_rand_4__s2,125,0,500
square__C_rand_4__s2,126,0,500
square__C_rand_4__s2,127,1,180
square__C_rand_4__s2,128,1,256
square__C_rand_4__s2,129,0,500
square__C_rand_4__s2,130,1,218
square__C_rand_4__s2,131,0,500
square__C_rand_4__s2,132,1,251
square__C_rand_4__s2,133,1,185
square__C_rand_4__s2,134,0,500
square__C_rand_4__s2,135,1,211
square__C_rand_4__s2,136,1,221
square__C_rand_4__s2,137,1,187
square__C_rand_4__s2,138,1,181
square__C_rand_4__s2,139,0,500
square__C_rand_4__s2,140,0,500
square__C_rand_4__s2,141,1,427
square__C_rand_4__s2,142,1,189
square__C_rand_4__s2,143,1,358
square__C_rand_4__s2,144,1,183
square__C_rand_4__s2,145,1,342
square__C_rand_4__s2,146,1,187
square__C_rand_4__s2,147,1,157
square__C_rand_4__s2,148,0,500
square__C_rand_4__s2,149,1,291
square__C_rand_4__s2,150,1,140
square__C_rand_4__s2,151,1,229
square__C_rand_4__s2,152,1,239
square__C_rand_4__s2,153,0,500
square__C_rand_4__s2,154,1,178
square__C_rand_4__s2,155,0,500
square__C_rand_4__s2,156,1,203
square__C_rand_4__s2,157,1,211
square__C_rand_4__s2,158,1,350
square__C_rand_4__s2,159,0,500
square__C_rand_4__s2,160,1,240
square__C_rand_4__s2,161,0,500
square__C_rand_4__s2,162,1,232
square__C_rand_4__s2,163,1,256
square__C_rand_4__s2,164,1,239
square__C_rand_4__s2,165,1,221
square__C_rand_4__s2,166,0,500
square__C_rand_4__s2,167,1,207
square__C_rand_4__s2,168,0,500
square__C_rand_4__s2,169,1,205
square__C_rand_4__s2,170,0,500
square__C_rand_4__s2,171,0,500
square__C_rand_4__s2,172,1,257
square__C_rand_4__s2,173,1,280
square__C_rand_4__s2,174,1,149
square__C_rand_4__s2,175,1,260
square__C_rand_4__s2,176,1,289
square__C_rand_4__s2,177,1,188
square__C_rand_4__s2,178,1,386
square__C_rand_4__s2,179,1,422
square__C_rand_4__s2,180,0,500
square__C_rand_4__s2,181,1,250
square__C_rand_4__s2,182,0,500
square__C_rand_4__s2,183,1,231
square__C_rand_4__s2,184,1,329
square__C_rand_4__s2,185,1,208
square__C_rand_4__s2,186,0,500
square__C_rand_4__s2,187,1,246
square__C_rand_4__s2,188,0,500
square__C_rand_4__s2,189,0,500
square__C_rand_4__s2,190,1,181
square__C_rand_4__s2,191,0,500
square__C_rand_4__s2,192,1,336
square__C_rand_4__s2,193,1,192
square__C_rand_4__s2,194,1,360
square__C_rand_4__s2,195,1,222
square__C_rand_4__s2,196,1,168
square__C_rand_4__s2,197,1,210
square__C_rand_4__s2,198,1,205
square__C_rand_4__s2,199,0,500
square__C_rand_4__s2,200,0,500
square__C_rand_4__s2,201,0,500
square__C_rand_4__s2,202,0,500
square__C_rand_4__s2,203,1,198
square__C_rand_4__s2,204,1,338
square__C_rand_4__s2,205,1,287
square__C_rand_4__s2,206,1,399
square__C_rand_4__s2,207,1,183
square__C_rand_4__s2,208,0,500
square__C_rand_4__s2,209,0,500
square__C_rand_4__s2,210,0,500
square__C_rand_4__s2,211,1,500
square__C_rand_4__s2,212,1,160
square__C_rand_4__s2,213,0,500
square__C_rand_4__s2,214,0,500
square__C_rand_4__s2,215,0,500
square__C_rand_4__s2,216,0,500
square__C_rand_4__s2,217,1,420
square__C_rand_4__s2,218,1,283
square__C_rand_4__s2,219,0,500
square__C_rand_4__s2,220,0,500
square__C_rand_4__s2,221,0,500
square__C_rand_4__s2,222,1,288
square__C_rand_4__s2,223,0,500
square__C_rand_4__s2,224,0,500
square__C_rand_4__s2,225,0,500
square__C_rand_4__s2,226,0,500
square__C_rand_4__s2,227,1,221
square__C_rand_4__s2,228,1,251
square__C_rand_4__s2,229,1,224
square__C_rand_4__s2,230,1,257
square__C_rand_4__s2,231,0,500
square__C_rand_4__s2,232,1,259
square__C_rand_4__s2,233,1,302
square__C_rand_4__s2,234,0,500
square__C_rand_4__s2,235,1,188
square__C_rand_4__s2,236,1,138
square__C_rand_4__s2,237,1,172
square__C_rand_4__s2,238,0,500
square__C_rand_4__s2,239,1,202
square__C_rand_4__s2,240,1,198
square__C_rand_4__s2,241,1,213
square__C_rand_4__s2,242,1,267
square__C_rand_4__s2,243,1,238
square__C_rand_4__s2,244,1,149
square__C_rand_4__s2,245,0,500
square__C_rand_4__s2,246,1,173
square__C_rand_4__s2,247,1,160
square__C_rand_4__s2,248,1,238
square__C_rand_4__s2,249,1,181
square__C_rand_4__s2,250,0,500
square__C_rand_4__s2,251,0,500
square__C_rand_4__s2,252,1,251
square__C_rand_4__s2,253,0,500
square__C_rand_4__s2,254,1,206
square__C_rand_4__s2,255,1,222
square__C_rand_4__s2,256,1,182
square__C_rand_4__s2,257,1,480
square__C_rand_4__s2,258,0,500
square__C_rand_4__s2,259,0,500
square__C_rand_4__s2,260,1,242
square__C_rand_4__s2,261,1,178
square__C_rand_4__s2,262,1,280
square__C_rand_4__s2,263,0,500
square__C_rand_4__s2,264,1,180
square__C_rand_4__s2,265,0,500
square__C_rand_4__s2,266,0,500
square__C_rand_4__s2,267,1,342
square__C_rand_4__s2,268,0,500
square__C_rand_4__s2,269,1,219
square__C_rand_4__s2,270,1,231
square__C_rand_4__s2,271,0,500
square__C_rand_4__s2,272,1,242
square__C_rand_4__s2,273,0,500
square__C_rand_4__s2,274,1,193
square__C_rand_4__s2,275,0,500
square__C_rand_4__s2,276,0,500
square__C_rand_4__s2,277,0,500
square__C_rand_4__s2,278,1,269
square__C_rand_4__s2,279,0,500
square__C_rand_4__s2,280,1,186
square__C_rand_4__s2,281,1,290
square__C_rand_4__s2,282,1,395
square__C_rand_4__s2,283,1,217
square__C_rand_4__s2,284,0,500
square__C_rand_4__s2,285,1,342
square__C_rand_4__s2,286,1,310
square__C_rand_4__s2,287,1,239
square__C_rand_4__s2,288,1,352
square__C_rand_4__s2,289,0,500
square__C_rand_4__s2,290,1,172
square__C_rand_4__s2,291,0,500
square__C_rand_4__s2,292,1,180
square__C_rand_4__s2,293,1,189
square__C_rand_4__s2,294,1,342
square__C_rand_4__s2,295,1,177
square__C_rand_4__s2,296,1,178
square__C_rand_4__s2,297,1,178
square__C_rand_4__s2,298,0,500
square__C_rand_4__s2,299,1,230
square__C_rand_4__s2,300,0,500
square__C_rand_4__s2,301,1,206
square__C_rand_4__s2,302,1,199
square__C_rand_4__s2,303,1,270
square__C_rand_4__s2,304,0,500
square__C_rand_4__s2,305,1,191
square__C_rand_4__s2,306,0,500
square__C_rand_4__s2,307,1,139
square__C_rand_4__s2,308,0,500
square__C_rand_4__s2,309,0,500
square__C_rand_4__s2,310,1,192
square__C_rand_4__s2,311,0,500
square__C_rand_4__s2,312,1,269
square__C_rand_4__s2,313,1,178
square__C_rand_4__s2,314,1,183
square__C_rand_4__s2,315,1,172
square__C_rand_4__s2,316,0,500
square__C_rand_4__s2,317,1,212
square__C_rand_4__s2,318,1,303
square__C_rand_4__s2,319,1,209
square__C_rand_4__s2,320,1,190
square__C_rand_4__s2,321,1,209
square__C_rand_4__s2,322,1,191
square__C_rand_4__s2,323,0,500
square__C_rand_4__s2,324,0,500
square__C_rand_4__s2,325,1,199
square__C_rand_4__s2,326,1,182
square__C_rand_4__s2,327,1,168
square__C_rand_4__s2,328,0,500
square__C_rand_4__s2,329,0,500
square__C_rand_4__s2,330,0,500
square__C_rand_4__s2,331,0,500
square__C_rand_4__s2,332,0,500
square__C_rand_4__s2,333,0,500
square__C_rand_4__s2,334,1,296
square__C_rand_4__s2,335,0,500
square__C_rand_4__s2,336,0,500
square__C_rand_4__s2,337,1,413
square__C_rand_4__s2,338,1,319
square__C_rand_4__s2,339,1,178
square__C_rand_4__s2,340,1,218
square__C_rand_4__s2,341,1,159
square__C_rand_4__s2,342,0,500
square__C_rand_4__s2,343,1,236
square__C_rand_4__s2,344,0,500
square__C_rand_4__s2,345,1,171
square__C_rand_4__s2,346,1,177
square__C_rand_4__s2,347,1,383
square__C_rand_4__s2,348,0,500
square__C_rand_4__s2,349,0,500
square__C_rand_4__s2,350,1,172
square__C_rand_4__s2,351,1,150
square__C_rand_4__s2,352,1,168
square__C_rand_4__s2,353,0,500
square__C_rand_4__s2,354,0,500
square__C_rand_4__s2,355,0,500
square__C_rand_4__s2,356,0,500
square__C_rand_4__s2,357,0,500
square__C_rand_4__s2,358,1,203
square__C_rand_4__s2,359,0,500
square__C_rand_4__s2,360,1,198
square__C_rand_4__s2,361,1,337
square__C_rand_4__s2,362,0,500
square__C_rand_4__s2,363,0,500
square__C_rand_4__s2,364,1,172
square__C_rand_4__s2,365,1,201
square__C_rand_4__s2,366,1,241
square__C_rand_4__s2,367,0,500
square__C_rand_4__s2,368,0,500
square__C_rand_4__s2,369,1,250
square__C_rand_4__s2,370,0,500
square__C_rand_4__s2,371,0,500
square__C_rand_4__s2,372,0,500
square__C_rand_4__s2,373,1,189
square__C_rand_4__s2,374,1,273
square__C_rand_4__s2,375,1,190
square__C_rand_4__s2,376,1,476
square__C_rand_4__s2,377,0,500
square__C_rand_4__s2,378,1,197
square__C_rand_4__s2,379,0,500
square__C_rand_4__s2,380,1,218
square__C_rand_4__s2,381,0,500
square__C_rand_4__s2,382,1,207
square__C_rand_4__s2,383,1,299
square__C_rand_4__s2,384,0,500
square__C_rand_4__s2,385,1,283
square__C_rand_4__s2,386,1,227
square__C_rand_4__s2,387,1,168
square__C_rand_4__s2,388,0,500
square__C_rand_4__s2,389,1,226
square__C_rand_4__s2,390,1,188
square__C_rand_4__s2,391,1,198
square__C_rand_4__s2,392,1,256
square__C_rand_4__s2,393,0,500
square__C_rand_4__s2,394,1,281
square__C_rand_4__s2,395,0,500
square__C_rand_4__s2,396,1,314
square__C_rand_4__s2,397,1,200
square__C_rand_4__s2,398,1,195
square__C_rand_4__s2,399,1,219
square__C_rand_4__s2,400,1,149
square__C_rand_4__s2,401,0,500
square__C_rand_4__s2,402,1,303
square__C_rand_4__s2,403,1,255
square__C_rand_4__s2,404,1,171
square__C_rand_4__s2,405,1,200
square__C_rand_4__s2,406,1,203
square__C_rand_4__s2,407,0,500
square__C_rand_4__s2,408,1,171
square__C_rand_4__s2,409,1,260
square__C_rand_4__s2,410,0,500
square__C_rand_4__s2,411,0,500
square__C_rand_4__s2,412,1,177
square__C_rand_4__s2,413,1,270
square__C_rand_4__s2,414,1,334
square__C_rand_4__s2,415,0,500
square__C_rand_4__s2,416,1,297
square__C_rand_4__s2,417,1,188
square__C_rand_4__s2,418,1,157
square__C_rand_4__s2,419,1,250
square__C_rand_4__s2,420,0,500
square__C_rand_4__s2,421,0,500
square__C_rand_4__s2,422,0,500
square__C_rand_4__s2,423,0,500
square__C_rand_4__s2,424,0,500
square__C_rand_4__s2,425,1,169
square__C_rand_4__s2,426,0,500
square__C_rand_4__s2,427,1,169
square__C_rand_4__s2,428,0,500
square__C_rand_4__s2,429,1,210
square__C_rand_4__s2,430,1,191
square__C_rand_4__s2,431,1,197
square__C_rand_4__s2,432,0,500
square__C_rand_4__s2,433,0,500
square__C_rand_4__s2,434,1,201
square__C_rand_4__s2,435,1,168
square__C_rand_4__s2,436,1,201
square__C_rand_4__s2,437,1,200
square__C_rand_4__s2,438,0,500
square__C_rand_4__s2,439,1,158
square__C_rand_4__s2,440,1,197
square__C_rand_4__s2,441,1,160
square__C_rand_4__s2,442,0,500
square__C_rand_4__s2,443,1,242
square__C_rand_4__s2,444,1,223
square__C_rand_4__s2,445,0,500
square__C_rand_4__s2,446,0,500
square__C_rand_4__s2,447,1,212
square__C_rand_4__s2,448,0,500
square__C_rand_4__s2,449,1,165
square__C_rand_4__s2,450,1,141
square__C_rand_4__s2,451,1,220
square__C_rand_4__s2,452,1,205
square__C_rand_4__s2,453,1,228
square__C_rand_4__s2,454,1,170
square__C_rand_4__s2,455,1,328
square__C_rand_4__s2,456,1,181
square__C_rand_4__s2,457,1,269
square__C_rand_4__s2,458,0,500
square__C_rand_4__s2,459,1,328
square__C_rand_4__s2,460,1,458
square__C_rand_4__s2,461,1,263
square__C_rand_4__s2,462,1,399
square__C_rand_4__s2,463,0,500
square__C_rand_4__s2,464,0,500
square__C_rand_4__s2,465,1,246
square__C_rand_4__s2,466,1,182
square__C_rand_4__s2,467,1,306
square__C_rand_4__s2,468,1,207
square__C_rand_4__s2,469,0,500
square__C_rand_4__s2,470,0,500
square__C_rand_4__s2,471,0,500
square__C_rand_4__s2,472,0,500
square__C_rand_4__s2,473,1,231
square__C_rand_4__s2,474,1,185
square__C_rand_4__s2,475,1,310
square__C_rand_4__s2,476,1,202
square__C_rand_4__s2,477,0,500
square__C_rand_4__s2,478,1,457
square__C_rand_4__s2,479,0,500
square__C_rand_4__s2,480,0,500
square__C_rand_4__s2,481,0,500
square__C_rand_4__s2,482,0,500
square__C_rand_4__s2,483,1,185
square__C_rand_4__s2,484,1,233
square__C_rand_4__s2,485,1,453
square__C_rand_4__s2,486,1,172
square__C_rand_4__s2,487,1,232
square__C_rand_4__s2,488,0,500
square__C_rand_4__s2,489,0,500
square__C_rand_4__s2,490,0,500
square__C_rand_4__s2,491,1,158
square__C_rand_4__s2,492,1,192
square__C_rand_4__s2,493,1,210
square__C_rand_4__s2,494,1,433
square__C_rand_4__s2,495,1,259
square__C_rand_4__s2,496,1,166
square__C_rand_4__s2,497,1,249
square__C_rand_4__s2,498,0,500
square__C_rand_4__s2,499,1,429
square__C_rand_4__s3,0,1,499
square__C_rand_4__s3,1,1,172
square__C_rand_4__s3,2,0,500
square__C_rand_4__s3,3,1,278
square__C_rand_4__s3,4,0,500
square__C_rand_4__s3,5,0,500
square__C_rand_4__s3,6,0,500
square__C_rand_4__s3,7,1,209
square__C_rand_4__s3,8,0,500
square__C_rand_4__s3,9,1,184
square__C_rand_4__s3,10,1,212
square__C_rand_4__s3,11,0,500
square__C_rand_4__s3,12,0,500
square__C_rand_4__s3,13,1,327
square__C_rand_4__s3,14,0,500
square__C_rand_4__s3,15,0,500
square__C_rand_4__s3,16,0,500
square__C_rand_4__s3,17,1,261
square__C_rand_4__s3,18,1,184
square__C_rand_4__s3,19,0,500
square__C_rand_4__s3,20,0,500
square__C_rand_4__s3,21,1,330
square__C_rand_4__s3,22,1,232
square__C_rand_4__s3,23,1,247
square__C_rand_4__s3,24,0,500
square__C_rand_4__s3,25,1,171
square__C_rand_4__s3,26,1,219
square__C_rand_4__s3,27,0,500
square__C_rand_4__s3,28,0,500
square__C_rand_4__s3,29,0,500
square__C_rand_4__s3,30,0,500
square__C_rand_4__s3,31,0,500
square__C_rand_4__s3,32,1,254
square__C_rand_4__s3,33,1,205
square__C_rand_4__s3,34,1,244
square__C_rand_4__s3,35,0,500
square__C_rand_4__s3,36,0,500
square__C_rand_4__s3,37,0,500
square__C_rand_4__s3,38,0,500
square__C_rand_4__s3,39,0,500
square__C_rand_4__s3,40,1,232
square__C_rand_4__s3,41,1,260
square__C_rand_4__s3,42,0,500
square__C_rand_4__s3,43,0,500
square__C_rand_4__s3,44,0,500
square__C_rand_4__s3,45,0,500
square__C_rand_4__s3,46,1,217
square__C_rand_4__s3,47,0,500
square__C_rand_4__s3,48,1,411
square__C_rand_4__s3,49,1,339
square__C_rand_4__s3,50,1,279
square__C_rand_4__s3,51,1,300
square__C_rand_4__s3,52,0,500
square__C_rand_4__s3,53,1,290
square__C_rand_4__s3,54,0,500
square__C_rand_4__s3,55,0,500
square__C_rand_4__s3,56,1,179
square__C_rand_4__s3,57,1,178
square__C_rand_4__s3,58,0,500
square__C_rand_4__s3,59,1,179
square__C_rand_4__s3,60,0,500
square__C_rand_4__s3,61,1,309
square__C_rand_4__s3,62,1,201
square__C_rand_4__s3,63,0,500
square__C_rand_4__s3,64,1,235
square__C_rand_4__s3,65,1,292
square__C_rand_4__s3,66,1,189
square__C_rand_4__s3,67,0,500
square__C_rand_4__s3,68,1,230
square__C_rand_4__s3,69,1,335
square__C_rand_4__s3,70,0,500
square__C_rand_4__s3,71,1,413
square__C_rand_4__s3,72,0,500
square__C_rand_4__s3,73,1,288
square__C_rand_4__s3,74,0,500
square__C_rand_4__s3,75,1,401
square__C_rand_4__s3,76,1,265
square__C_rand_4__s3,77,1,169
square__C_rand_4__s3,78,1,200
square__C_rand_4__s3,79,1,375
square__C_rand_4__s3,80,0,500
square__C_rand_4__s3,81,0,500
square__C_rand_4__s3,82,1,186
square__C_rand_4__s3,83,1,234
square__C_rand_4__s3,84,0,500
square__C_rand_4__s3,85,1,471
square__C_rand_4__s3,86,0,500
square__C_rand_4__s3,87,1,209
square__C_rand_4__s3,88,0,500
square__C_rand_4__s3,89,0,500
square__C_rand_4__s3,90,1,176
square__C_rand_4__s3,91,1,295
square__C_rand_4__s3,92,1,188
square__C_rand_4__s3,93,1,421
square__C_rand_4__s3,94,1,157
square__C_rand_4__s3,95,1,198
square__C_rand_4__s3,96,1,201
square__C_rand_4__s3,97,0,500
square__C_rand_4__s3,98,1,341
square__C_rand_4__s3,99,0,500
square__C_rand_4__s3,100,0,500
square__C_rand_4__s3,101,1,227
square__C_rand_4__s3,102,0,500
square__C_rand_4__s3,103,0,500
square__C_rand_4__s3,104,1,190
square__C_rand_4__s3,105,0,500
square__C_rand_4__s3,106,0,500
square__C_rand_4__s3,107,0,500
square__C_rand_4__s3,108,1,269
square__C_rand_4__s3,109,1,311
square__C_rand_4__s3,110,0,500
square__C_rand_4__s3,111,1,377
square__C_rand_4__s3,112,1,188
square__C_rand_4__s3,113,1,321
square__C_rand_4__s3,114,1,226
square__C_rand_4__s3,115,1,342
square__C_rand_4__s3,116,0,500
square__C_rand_4__s3,117,0,500
square__C_rand_4__s3,118,1,150
square__C_rand_4__s3,119,1,144
square__C_rand_4__s3,120,0,500
square__C_rand_4__s3,121,0,500
square__C_rand_4__s3,122,1,352
square__C_rand_4__s3,123,1,240
square__C_rand_4__s3,124,1,268
square__C_rand_4__s3,125,0,500
square__C_rand_4__s3,126,0,500
square__C_rand_4__s3,127,1,238
square__C_rand_4__s3,128,1,313
square__C_rand_4__s3,129,0,500
square__C_rand_4__s3,130,1,226
square__C_rand_4__s3,131,1,454
square__C_rand_4__s3,132,0,500
square__C_rand_4__s3,133,0,500
square__C_rand_4__s3,134,0,500
square__C_rand_4__s3,135,1,212
square__C_rand_4__s3,136,1,242
square__C_rand_4__s3,137,0,500
square__C_rand_4__s3,138,0,500
square__C_rand_4__s3,139,1,380
square__C_rand_4__s3,140,0,500
square__C_rand_4__s3,141,1,177
square__C_rand_4__s3,142,0,500
square__C_rand_4__s3,143,0,500
square__C_rand_4__s3,144,1,170
square__C_rand_4__s3,145,1,280
square__C_rand_4__s3,146,1,170
square__C_rand_4__s3,147,1,372
square__C_rand_4__s3,148,1,272
square__C_rand_4__s3,149,1,297
square__C_rand_4__s3,150,0,500
square__C_rand_4__s3,151,0,500
square__C_rand_4__s3,152,1,168
square__C_rand_4__s3,153,1,224
square__C_rand_4__s3,154,1,279
square__C_rand_4__s3,155,1,381
square__C_rand_4__s3,156,0,500
square__C_rand_4__s3,157,1,259
square__C_rand_4__s3,158,1,174
square__C_rand_4__s3,159,1,210
square__C_rand_4__s3,160,0,500
square__C_rand_4__s3,161,1,311
square__C_rand_4__s3,162,1,232
square__C_rand_4__s3,163,1,269
square__C_rand_4__s3,164,1,251
square__C_rand_4__s3,165,1,230
square__C_rand_4__s3,166,0,500
square__C_rand_4__s3,167,1,332
square__C_rand_4__s3,168,0,500
square__C_rand_4__s3,169,1,191
square__C_rand_4__s3,170,0,500
square__C_rand_4__s3,171,1,423
square__C_rand_4__s3,172,1,250
square__C_rand_4__s3,173,1,262
square__C_rand_4__s3,174,0,500
square__C_rand_4__s3,175,1,310
square__C_rand_4__s3,176,0,500
square__C_rand_4__s3,177,1,390
square__C_rand_4__s3,178,1,279
square__C_rand_4__s3,179,0,500
square__C_rand_4__s3,180,1,200
square__C_rand_4__s3,181,1,249
square__C_rand_4__s3,182,1,289
square__C_rand_4__s3,183,1,348
square__C_rand_4__s3,184,1,211
square__C_rand_4__s3,185,0,500
square__C_rand_4__s3,186,0,500
square__C_rand_4__s3,187,1,170
square__C_rand_4__s3,188,0,500
square__C_rand_4__s3,189,0,500
square__C_rand_4__s3,190,0,500
square__C_rand_4__s3,191,0,500
square__C_rand_4__s3,192,1,171
square__C_rand_4__s3,193,1,159
square__C_rand_4__s3,194,0,500
square__C_rand_4__s3,195,1,222
square__C_rand_4__s3,196,1,160
square__C_rand_4__s3,197,1,180
square__C_rand_4__s3,198,1,258
square__C_rand_4__s3,199,0,500
square__C_rand_4__s3,200,0,500
square__C_rand_4__s3,201,1,189
square__C_rand_4__s3,202,0,500
square__C_rand_4__s3,203,0,500
square__C_rand_4__s3,204,0,500
square__C_rand_4__s3,205,0,500
square__C_rand_4__s3,206,0,500
square__C_rand_4__s3,207,0,500
square__C_rand_4__s3,208,0,500
square__C_rand_4__s3,209,1,239
square__C_rand_4__s3,210,1,339
square__C_rand_4__s3,211,0,500
square__C_rand_4__s3,212,0,500
square__C_rand_4__s3,213,0,500
square__C_rand_4__s3,214,1,299
square__C_rand_4__s3,215,1,201
square__C_rand_4__s3,216,0,500
square__C_rand_4__s3,217,1,169
square__C_rand_4__s3,218,1,268
square__C_rand_4__s3,219,0,500
square__C_rand_4__s3,220,1,154
square__C_rand_4__s3,221,1,167
square__C_rand_4__s3,222,0,500
square__C_rand_4__s3,223,0,500
square__C_rand_4__s3,224,1,402
square__C_rand_4__s3,225,0,500
square__C_rand_4__s3,226,1,236
square__C_rand_4__s3,227,0,500
square__C_rand_4__s3,228,1,282
square__C_rand_4__s3,229,1,392
square__C_rand_4__s3,230,0,500
square__C_rand_4__s3,231,0,500
square__C_rand_4__s3,232,1,299
square__C_rand_4__s3,233,1,464
square__C_rand_4__s3,234,1,309
square__C_rand_4__s3,235,0,500
square__C_rand_4__s3,236,0,500
square__C_rand_4__s3,237,1,370
square__C_rand_4__s3,238,1,326
square__C_rand_4__s3,239,1,219
square__C_rand_4__s3,240,0,500
square__C_rand_4__s3,241,0,500
square__C_rand_4__s3,242,1,179
square__C_rand_4__s3,243,1,222
square__C_rand_4__s3,244,0,500
square__C_rand_4__s3,245,0,500
square__C_rand_4__s3,246,1,166
square__C_rand_4__s3,247,1,240
square__C_rand_4__s3,248,0,500
square__C_rand_4__s3,249,1,321
square__C_rand_4__s3,250,0,500
square__C_rand_4__s3,251,1,180
square__C_rand_4__s3,252,1,230
square__C_rand_4__s3,253,0,500
square__C_rand_4__s3,254,1,209
square__C_rand_4__s3,255,1,189
square__C_rand_4__s3,256,0,500
square__C_rand_4__s3,257,1,273
square__C_rand_4__s3,258,1,242
square__C_rand_4__s3,259,1,363
square__C_rand_4__s3,260,1,194
square__C_rand_4__s3,261,0,500
square__C_rand_4__s3,262,1,191
square__C_rand_4__s3,263,1,294
square__C_rand_4__s3,264,0,500
square__C_rand_4__s3,265,0,500
square__C_rand_4__s3,266,0,500
square__C_rand_4__s3,267,0,500
square__C_rand_4__s3,268,0,500
square__C_rand_4__s3,269,1,218
square__C_rand_4__s3,270,0,500
square__C_rand_4__s3,271,1,230
square__C_rand_4__s3,272,0,500
square__C_rand_4__s3,273,1,355
square__C_rand_4__s3,274,1,179
square__C_rand_4__s3,275,1,230
square__C_rand_4__s3,276,1,261
square__C_rand_4__s3,277,0,500
square__C_rand_4__s3,278,0,500
square__C_rand_4__s3,279,1,148
square__C_rand_4__s3,280,1,212
square__C_rand_4__s3,281,1,410
square__C_rand_4__s3,282,1,231
square__C_rand_4__s3,283,0,500
square__C_rand_4__s3,284,1,146
square__C_rand_4__s3,285,0,500
square__C_rand_4__s3,286,0,500
square__C_rand_4__s3,287,0,500
square__C_rand_4__s3,288,1,268
square__C_rand_4__s3,289,0,500
square__C_rand_4__s3,290,1,279
square__C_rand_4__s3,291,0,500
square__C_rand_4__s3,292,1,169
square__C_rand_4__s3,293,0,500
square__C_rand_4__s3,294,0,500
square__C_rand_4__s3,295,0,500
square__C_rand_4__s3,296,0,500
square__C_rand_4__s3,297,0,500
square__C_rand_4__s3,298,0,500
square__C_rand_4__s3,299,1,223
square__C_rand_4__s3,300,0,500
square__C_rand_4__s3,301,1,236
square__C_rand_4__s3,302,1,199
square__C_rand_4__s3,303,0,500
square__C_rand_4__s3,304,1,297
square__C_rand_4__s3,305,0,500
square__C_rand_4__s3,306,1,379
square__C_rand_4__s3,307,1,148
square__C_rand_4__s3,308,1,260
square__C_rand_4__s3,309,1,368
square__C_rand_4__s3,310,0,500
square__C_rand_4__s3,311,0,500
square__C_rand_4__s3,312,1,179
square__C_rand_4__s3,313,1,191
square__C_rand_4__s3,314,0,500
square__C_rand_4__s3,315,0,500
square__C_rand_4__s3,316,1,168
square__C_rand_4__s3,317,1,327
square__C_rand_4__s3,318,1,283
square__C_rand_4__s3,319,0,500
square__C_rand_4__s3,320,0,500
square__C_rand_4__s3,321,0,500
square__C_rand_4__s3,322,1,258
square__C_rand_4__s3,323,1,349
square__C_rand_4__s3,324,0,500
square__C_rand_4__s3,325,0,500
square__C_rand_4__s3,326,0,500
square__C_rand_4__s3,327,0,500
square__C_rand_4__s3,328,0,500
square__C_rand_4__s3,329,0,500
square__C_rand_4__s3,330,1,263
square__C_rand_4__s3,331,0,500
square__C_rand_4__s3,332,1,149
square__C_rand_4__s3,333,0,500
square__C_rand_4__s3,334,0,500
square__C_rand_4__s3,335,1,199
square__C_rand_4__s3,336,1,351
square__C_rand_4__s3,337,0,500
square__C_rand_4__s3,338,1,205
square__C_rand_4__s3,339,0,500
square__C_rand_4__s3,340,1,329
square__C_rand_4__s3,341,1,239
square__C_rand_4__s3,342,1,243
square__C_rand_4__s3,343,0,500
square__C_rand_4__s3,344,1,222
square__C_rand_4__s3,345,0,500
square__C_rand_4__s3,346,1,220
square__C_rand_4__s3,347,1,410
square__C_rand_4__s3,348,1,321
square__C_rand_4__s3,349,0,500
square__C_rand_4__s3,350,1,158
square__C_rand_4__s3,351,0,500
square__C_rand_4__s3,352,1,251
square__C_rand_4__s3,353,1,215
square__C_rand_4__s3,354,0,500
square__C_rand_4__s3,355,0,500
square__C_rand_4__s3,356,0,500
square__C_rand_4__s3,357,1,417
square__C_rand_4__s3,358,1,228
square__C_rand_4__s3,359,1,355
square__C_rand_4__s3,360,1,290
square__C_rand_4__s3,361,0,500
square__C_rand_4__s3,362,0,500
square__C_rand_4__s3,363,1,220
square__C_rand_4__s3,364,1,169
square__C_rand_4__s3,365,1,264
square__C_rand_4__s3,366,0,500
square__C_rand_4__s3,367,0,500
square__C_rand_4__s3,368,0,500
square__C_rand_4__s3,369,1,232
square__C_rand_4__s3,370,0,500
square__C_rand_4__s3,371,0,500
square__C_rand_4__s3,372,1,421
square__C_rand_4__s3,373,1,199
square__C_rand_4__s3,374,1,265
square__C_rand_4__s3,375,1,170
square__C_rand_4__s3,376,0,500
square__C_rand_4__s3,377,1,223
square__C_rand_4__s3,378,1,187
square__C_rand_4__s3,379,0,500
square__C_rand_4__s3,380,0,500
square__C_rand_4__s3,381,0,500
square__C_rand_4__s3,382,1,180
square__C_rand_4__s3,383,1,179
square__C_rand_4__s3,384,0,500
square__C_rand_4__s3,385,0,500
square__C_rand_4__s3,386,1,237
square__C_rand_4__s3,387,1,157
square__C_rand_4__s3,388,0,500
square__C_rand_4__s3,389,1,209
square__C_rand_4__s3,390,1,249
square__C_rand_4__s3,391,1,190
square__C_rand_4__s3,392,1,281
square__C_rand_4__s3,393,1,297
square__C_rand_4__s3,394,1,176
square__C_rand_4__s3,395,1,172
square__C_rand_4__s3,396,1,356
square__C_rand_4__s3,397,1,262
square__C_rand_4__s3,398,0,500
square__C_rand_4__s3,399,1,248
square__C_rand_4__s3,400,1,400
square__C_rand_4__s3,401,1,337
square__C_rand_4__s3,402,1,303
square__C_rand_4__s3,403,1,242
square__C_rand_4__s3,404,1,169
square__C_rand_4__s3,405,0,500
square__C_rand_4__s3,406,1,332
square__C_rand_4__s3,407,1,200
square__C_rand_4__s3,408,0,500
square__C_rand_4__s3,409,1,213
square__C_rand_4__s3,410,1,456
square__C_rand_4__s3,411,0,500
square__C_rand_4__s3,412,1,161
square__C_rand_4__s3,413,0,500
square__C_rand_4__s3,414,1,351
square__C_rand_4__s3,415,0,500
square__C_rand_4__s3,416,1,336
square__C_rand_4__s3,417,1,240
square__C_rand_4__s3,418,1,210
square__C_rand_4__s3,419,0,500
square__C_rand_4__s3,420,1,160
square__C_rand_4__s3,421,1,401
square__C_rand_4__s3,422,0,500
square__C_rand_4__s3,423,0,500
square__C_rand_4__s3,424,0,500
square__C_rand_4__s3,425,1,183
square__C_rand_4__s3,426,1,249
square__C_rand_4__s3,427,1,301
square__C_rand_4__s3,428,0,500
square__C_rand_4__s3,429,1,210
square__C_rand_4__s3,430,1,220
square__C_rand_4__s3,431,1,260
square__C_rand_4__s3,432,1,199
square__C_rand_4__s3,433,1,185
square__C_rand_4__s3,434,1,191
square__C_rand_4__s3,435,1,253
square__C_rand_4__s3,436,1,219
square__C_rand_4__s3,437,0,500
square__C_rand_4__s3,438,1,495
square__C_rand_4__s3,439,1,167
square__C_rand_4__s3,440,0,500
square__C_rand_4__s3,441,1,141
square__C_rand_4__s3,442,1,199
square__C_rand_4__s3,443,1,192
square__C_rand_4__s3,444,0,500
square__C_rand_4__s3,445,0,500
square__C_rand_4__s3,446,1,188
square__C_rand_4__s3,447,1,181
square__C_rand_4__s3,448,0,500
square__C_rand_4__s3,449,0,500
square__C_rand_4__s3,450,0,500
square__C_rand_4__s3,451,0,500
square__C_rand_4__s3,452,0,500
square__C_rand_4__s3,453,1,329
square__C_rand_4__s3,454,1,191
square__C_rand_4__s3,455,0,500
square__C_rand_4__s3,456,0,500
square__C_rand_4__s3,457,1,211
square__C_rand_4__s3,458,0,500
square__C_rand_4__s3,459,1,184
square__C_rand_4__s3,460,0,500
square__C_rand_4__s3,461,1,288
square__C_rand_4__s3,462,0,500
square__C_rand_4__s3,463,1,201
square__C_rand_4__s3,464,0,500
square__C_rand_4__s3,465,1,342
square__C_rand_4__s3,466,1,159
square__C_rand_4__s3,467,0,500
square__C_rand_4__s3,468,1,180
square__C_rand_4__s3,469,1,211
square__C_rand_4__s3,470,1,277
square__C_rand_4__s3,471,1,161
square__C_rand_4__s3,472,1,233
square__C_rand_4__s3,473,1,247
square__C_rand_4__s3,474,1,209
square__C_rand_4__s3,475,1,172
square__C_rand_4__s3,476,0,500
square__C_rand_4__s3,477,0,500
square__C_rand_4__s3,478,1,240
square__C_rand_4__s3,479,1,373
square__C_rand_4__s3,480,1,200
square__C_rand_4__s3,481,0,500
square__C_rand_4__s3,482,1,315
square__C_rand_4__s3,483,0,500
square__C_rand_4__s3,484,0,500
square__C_rand_4__s3,485,0,500
square__C_rand_4__s3,486,0,500
square__C_rand_4__s3,487,1,311
square__C_rand_4__s3,488,0,500
square__C_rand_4__s3,489,0,500
square__C_rand_4__s3,490,1,218
square__C_rand_4__s3,491,1,170
square__C_rand_4__s3,492,0,500
square__C_rand_4__s3,493,1,268
square__C_rand_4__s3,494,1,380
square__C_rand_4__s3,495,0,500
square__C_rand_4__s3,496,1,199
square__C_rand_4__s3,497,1,187
square__C_rand_4__s3,498,0,500
square__C_rand_4__s3,499,0,500
square__C_rand_5__s1,0,1,169
square__C_rand_5__s1,1,0,500
square__C_rand_5__s1,2,0,500
square__C_rand_5__s1,3,1,313
square__C_rand_5__s1,4,0,500
square__C_rand_5__s1,5,0,500
square__C_rand_5__s1,6,1,370
square__C_rand_5__s1,7,0,500
square__C_rand_5__s1,8,1,342
square__C_rand_5__s1,9,1,466
square__C_rand_5__s1,10,0,500
square__C_rand_5__s1,11,1,198
square__C_rand_5__s1,12,1,191
square__C_rand_5__s1,13,1,416
square__C_rand_5__s1,14,1,218
square__C_rand_5__s1,15,1,489
square__C_rand_5__s1,16,1,259
square__C_rand_5__s1,17,1,196
square__C_rand_5__s1,18,1,263
square__C_rand_5__s1,19,1,352
square__C_rand_5__s1,20,0,500
square__C_rand_5__s1,21,1,234
square__C_rand_5__s1,22,0,500
square__C_rand_5__s1,23,1,262
square__C_rand_5__s1,24,1,187
square__C_rand_5__s1,25,1,177
square__C_rand_5__s1,26,1,375
square__C_rand_5__s1,27,0,500
square__C_rand_5__s1,28,0,500
square__C_rand_5__s1,29,1,200
square__C_rand_5__s1,30,1,417
square__C_rand_5__s1,31,1,151
square__C_rand_5__s1,32,1,311
square__C_rand_5__s1,33,1,365
square__C_rand_5__s1,34,1,198
square__C_rand_5__s1,35,0,500
square__C_rand_5__s1,36,0,500
square__C_rand_5__s1,37,1,257
square__C_rand_5__s1,38,0,500
square__C_rand_5__s1,39,1,187
square__C_rand_5__s1,40,1,231
square__C_rand_5__s1,41,1,367
square__C_rand_5__s1,42,0,500
square__C_rand_5__s1,43,0,500
square__C_rand_5__s1,44,1,468
square__C_rand_5__s1,45,0,500
square__C_rand_5__s1,46,1,237
square__C_rand_5__s1,47,1,367
square__C_rand_5__s1,48,0,500
square__C_rand_5__s1,49,1,190
square__C_rand_5__s1,50,1,272
square__C_rand_5__s1,51,0,500
square__C_rand_5__s1,52,0,500
square__C_rand_5__s1,53,1,307
square__C_rand_5__s1,54,0,500
square__C_rand_5__s1,55,1,254
square__C_rand_5__s1,56,0,500
square__C_rand_5__s1,57,0,500
square__C_rand_5__s1,58,0,500
square__C_rand_5__s1,59,1,171
square__C_rand_5__s1,60,0,500
square__C_rand_5__s1,61,1,376
square__C_rand_5__s1,62,1,329
square__C_rand_5__s1,63,1,170
square__C_rand_5__s1,64,1,198
square__C_rand_5__s1,65,1,332
square__C_rand_5__s1,66,1,162
square__C_rand_5__s1,67,0,500
square__C_rand_5__s1,68,1,209
square__C_rand_5__s1,69,1,229
square__C_rand_5__s1,70,0,500
square__C_rand_5__s1,71,0,500
square__C_rand_5__s1,72,0,500
square__C_rand_5__s1,73,1,177
square__C_rand_5__s1,74,1,176
square__C_rand_5__s1,75,0,500
square__C_rand_5__s1,76,1,254
square__C_rand_5__s1,77,1,220
square__C_rand_5__s1,78,1,297
square__C_rand_5__s1,79,1,288
square__C_rand_5__s1,80,1,355
square__C_rand_5__s1,81,1,202
square__C_rand_5__s1,82,1,389
square__C_rand_5__s1,83,1,157
square__C_rand_5__s1,84,0,500
square__C_rand_5__s1,85,1,180
square__C_rand_5__s1,86,0,500
square__C_rand_5__s1,87,0,500
square__C_rand_5__s1,88,0,500
square__C_rand_5__s1,89,0,500
square__C_rand_5__s1,90,1,201
square__C_rand_5__s1,91,0,500
square__C_rand_5__s1,92,1,212
square__C_rand_5__s1,93,1,433
square__C_rand_5__s1,94,1,151
square__C_rand_5__s1,95,0,500
square__C_rand_5__s1,96,1,166
square__C_rand_5__s1,97,0,500
square__C_rand_5__s1,98,0,500
square__C_rand_5__s1,99,0,500
square__C_rand_5__s1,100,0,500
square__C_rand_5__s1,101,0,500
square__C_rand_5__s1,102,0,500
square__C_rand_5__s1,103,0,500
square__C_rand_5__s1,104,1,216
square__C_rand_5__s1,105,0,500
square__C_rand_5__s1,106,0,500
square__C_rand_5__s1,107,0,500
square__C_rand_5__s1,108,1,145
square__C_rand_5__s1,109,0,500
square__C_rand_5__s1,110,0,500
square__C_rand_5__s1,111,0,500
square__C_rand_5__s1,112,0,500
square__C_rand_5__s1,113,0,500
square__C_rand_5__s1,114,1,206
square__C_rand_5__s1,115,0,500
square__C_rand_5__s1,116,1,169
square__C_rand_5__s1,117,0,500
square__C_rand_5__s1,118,1,209
square__C_rand_5__s1,119,1,166
square__C_rand_5__s1,120,0,500
square__C_rand_5__s1,121,0,500
square__C_rand_5__s1,122,0,500
square__C_rand_5__s1,123,1,308
square__C_rand_5__s1,124,1,246
square__C_rand_5__s1,125,1,200
square__C_rand_5__s1,126,0,500
square__C_rand_5__s1,127,1,192
square__C_rand_5__s1,128,1,434
square__C_rand_5__s1,129,1,248
square__C_rand_5__s1,130,1,188
square__C_rand_5__s1,131,1,346
square__C_rand_5__s1,132,1,202
square__C_rand_5__s1,133,0,500
square__C_rand_5__s1,134,0,500
square__C_rand_5__s1,135,1,210
square__C_rand_5__s1,136,1,390
square__C_rand_5__s1,137,0,500
square__C_rand_5__s1,138,0,500
square__C_rand_5__s1,139,0,500
square__C_rand_5__s1,140,0,500
square__C_rand_5__s1,141,0,500
square__C_rand_5__s1,142,1,404
square__C_rand_5__s1,143,0,500
square__C_rand_5__s1,144,1,408
square__C_rand_5__s1,145,1,161
square__C_rand_5__s1,146,1,156
square__C_rand_5__s1,147,0,500
square__C_rand_5__s1,148,0,500
square__C_rand_5__s1,149,1,302
square__C_rand_5__s1,150,1,185
square__C_rand_5__s1,151,1,297
square__C_rand_5__s1,152,0,500
square__C_rand_5__s1,153,0,500
square__C_rand_5__s1,154,0,500
square__C_rand_5__s1,155,1,169
square__C_rand_5__s1,156,1,187
square__C_rand_5__s1,157,0,500
square__C_rand_5__s1,158,1,182
square__C_rand_5__s1,159,0,500
square__C_rand_5__s1,160,1,340
square__C_rand_5__s1,161,1,431
square__C_rand_5__s1,162,1,223
square__C_rand_5__s1,163,1,249
square__C_rand_5__s1,164,1,361
square__C_rand_5__s1,165,1,188
square__C_rand_5__s1,166,0,500
square__C_rand_5__s1,167,1,237
square__C_rand_5__s1,168,0,500
square__C_rand_5__s1,169,0,500
square__C_rand_5__s1,170,1,199
square__C_rand_5__s1,171,0,500
square__C_rand_5__s1,172,1,320
square__C_rand_5__s1,173,1,258
square__C_rand_5__s1,174,0,500
square__C_rand_5__s1,175,0,500
square__C_rand_5__s1,176,0,500
square__C_rand_5__s1,177,1,199
square__C_rand_5__s1,178,0,500
square__C_rand_5__s1,179,0,500
square__C_rand_5__s1,180,1,393
square__C_rand_5__s1,181,1,293
square__C_rand_5__s1,182,1,329
square__C_rand_5__s1,183,0,500
square__C_rand_5__s1,184,0,500
square__C_rand_5__s1,185,0,500
square__C_rand_5__s1,186,1,170
square__C_rand_5__s1,187,1,165
square__C_rand_5__s1,188,0,500
square__C_rand_5__s1,189,1,375
square__C_rand_5__s1,190,1,167
square__C_rand_5__s1,191,1,161
square__C_rand_5__s1,192,1,177
square__C_rand_5__s1,193,0,500
square__C_rand_5__s1,194,1,270
square__C_rand_5__s1,195,0,500
square__C_rand_5__s1,196,0,500
square__C_rand_5__s1,197,0,500
square__C_rand_5__s1,198,1,252
square__C_rand_5__s1,199,0,500
square__C_rand_5__s1,200,0,500
square__C_rand_5__s1,201,1,152
square__C_rand_5__s1,202,0,500
square__C_rand_5__s1,203,1,191
square__C_rand_5__s1,204,0,500
square__C_rand_5__s1,205,0,500
square__C_rand_5__s1,206,1,229
square__C_rand_5__s1,207,1,172
square__C_rand_5__s1,208,0,500
square__C_rand_5__s1,209,0,500
square__C_rand_5__s1,210,0,500
square__C_rand_5__s1,211,1,226
square__C_rand_5__s1,212,0,500
square__C_rand_5__s1,213,1,177
square__C_rand_5__s1,214,0,500
square__C_rand_5__s1,215,0,500
square__C_rand_5__s1,216,1,362
square__C_rand_5__s1,217,1,179
square__C_rand_5__s1,218,1,231
square__C_rand_5__s1,219,1,214
square__C_rand_5__s1,220,0,500
square__C_rand_5__s1,221,1,196
square__C_rand_5__s1,222,1,374
square__C_rand_5__s1,223,1,180
square__C_rand_5__s1,224,0,500
square__C_rand_5__s1,225,0,500
square__C_rand_5__s1,226,0,500
square__C_rand_5__s1,227,0,500
square__C_rand_5__s1,228,1,177
square__C_rand_5__s1,229,1,278
square__C_rand_5__s1,230,1,179
square__C_rand_5__s1,231,1,201
square__C_rand_5__s1,232,1,331
square__C_rand_5__s1,233,1,184
square__C_rand_5__s1,234,1,242
square__C_rand_5__s1,235,1,259
square__C_rand_5__s1,236,1,220
square__C_rand_5__s1,237,0,500
square__C_rand_5__s1,238,1,233
square__C_rand_5__s1,239,1,263
square__C_rand_5__s1,240,1,181
square__C_rand_5__s1,241,1,212
square__C_rand_5__s1,242,1,190
square__C_rand_5__s1,243,1,263
square__C_rand_5__s1,244,1,163
square__C_rand_5__s1,245,0,500
square__C_rand_5__s1,246,1,156
square__C_rand_5__s1,247,1,217
square__C_rand_5__s1,248,1,342
square__C_rand_5__s1,249,1,335
square__C_rand_5__s1,250,1,204
square__C_rand_5__s1,251,1,192
square__C_rand_5__s1,252,1,177
square__C_rand_5__s1,253,0,500
square__C_rand_5__s1,254,1,348
square__C_rand_5__s1,255,1,170
square__C_rand_5__s1,256,1,152
square__C_rand_5__s1,257,1,249
square__C_rand_5__s1,258,0,500
square__C_rand_5__s1,259,1,339
square__C_rand_5__s1,260,1,316
square__C_rand_5__s1,261,0,500
square__C_rand_5__s1,262,0,500
square__C_rand_5__s1,263,0,500
square__C_rand_5__s1,264,1,170
square__C_rand_5__s1,265,0,500
square__C_rand_5__s1,266,0,500
square__C_rand_5__s1,267,0,500
square__C_rand_5__s1,268,1,140
square__C_rand_5__s1,269,1,179
square__C_rand_5__s1,270,0,500
square__C_rand_5__s1,271,0,500
square__C_rand_5__s1,272,1,162
square__C_rand_5__s1,273,0,500
square__C_rand_5__s1,274,1,186
square__C_rand_5__s1,275,0,500
square__C_rand_5__s1,276,1,482
square__C_rand_5__s1,277,0,500
square__C_rand_5__s1,278,1,230
square__C_rand_5__s1,279,1,167
square__C_rand_5__s1,280,0,500
square__C_rand_5__s1,281,1,326
square__C_rand_5__s1,282,0,500
square__C_rand_5__s1,283,0,500
square__C_rand_5__s1,284,0,500
square__C_rand_5__s1,285,0,500
square__C_rand_5__s1,286,1,252
square__C_rand_5__s1,287,1,481
square__C_rand_5__s1,288,1,243
square__C_rand_5__s1,289,0,500
square__C_rand_5__s1,290,1,151
square__C_rand_5__s1,291,0,500
square__C_rand_5__s1,292,1,300
square__C_rand_5__s1,293,1,183
square__C_rand_5__s1,294,1,156
square__C_rand_5__s1,295,1,154
square__C_rand_5__s1,296,1,159
square__C_rand_5__s1,297,1,279
square__C_rand_5__s1,298,1,219
square__C_rand_5__s1,299,1,279
square__C_rand_5__s1,300,1,161
square__C_rand_5__s1,301,0,500
square__C_rand_5__s1,302,1,198
square__C_rand_5__s1,303,1,170
square__C_rand_5__s1,304,1,236
square__C_rand_5__s1,305,1,198
square__C_rand_5__s1,306,0,500
square__C_rand_5__s1,307,1,362
square__C_rand_5__s1,308,1,156
square__C_rand_5__s1,309,1,437
square__C_rand_5__s1,310,1,233
square__C_rand_5__s1,311,1,184
square__C_rand_5__s1,312,1,178
square__C_rand_5__s1,313,1,184
square__C_rand_5__s1,314,0,500
square__C_rand_5__s1,315,1,139
square__C_rand_5__s1,316,0,500
square__C_rand_5__s1,317,0,500
square__C_rand_5__s1,318,1,293
square__C_rand_5__s1,319,1,181
square__C_rand_5__s1,320,1,239
square__C_rand_5__s1,321,1,371
square__C_rand_5__s1,322,0,500
square__C_rand_5__s1,323,0,500
square__C_rand_5__s1,324,1,394
square__C_rand_5__s1,325,1,261
square__C_rand_5__s1,326,0,500
square__C_rand_5__s1,327,1,167
square__C_rand_5__s1,328,0,500
square__C_rand_5__s1,329,0,500
square__C_rand_5__s1,330,1,271
square__C_rand_5__s1,331,1,162
square__C_rand_5__s1,332,0,500
square__C_rand_5__s1,333,1,259
square__C_rand_5__s1,334,0,500
square__C_rand_5__s1,335,1,156
square__C_rand_5__s1,336,1,178
square__C_rand_5__s1,337,1,218
square__C_rand_5__s1,338,1,182
square__C_rand_5__s1,339,1,178
square__C_rand_5__s1,340,0,500
square__C_rand_5__s1,341,1,165
square__C_rand_5__s1,342,0,500
square__C_rand_5__s1,343,0,500
square__C_rand_5__s1,344,1,173
square__C_rand_5__s1,345,1,224
square__C_rand_5__s1,346,1,497
square__C_rand_5__s1,347,0,500
square__C_rand_5__s1,348,0,500
square__C_rand_5__s1,349,0,500
square__C_rand_5__s1,350,1,472
square__C_rand_5__s1,351,1,157
square__C_rand_5__s1,352,1,303
square__C_rand_5__s1,353,1,291
square__C_rand_5__s1,354,1,494
square__C_rand_5__s1,355,0,500
square__C_rand_5__s1,356,1,391
square__C_rand_5__s1,357,1,202
square__C_rand_5__s1,358,1,357
square__C_rand_5__s1,359,0,500
square__C_rand_5__s1,360,1,236
square__C_rand_5__s1,361,1,171
square__C_rand_5__s1,362,1,132
square__C_rand_5__s1,363,1,201
square__C_rand_5__s1,364,1,469
square__C_rand_5__s1,365,0,500
square__C_rand_5__s1,366,1,172
square__C_rand_5__s1,367,1,328
square__C_rand_5__s1,368,0,500
square__C_rand_5__s1,369,1,180
square__C_rand_5__s1,370,1,207
square__C_rand_5__s1,371,0,500
square__C_rand_5__s1,372,0,500
square__C_rand_5__s1,373,1,188
square__C_rand_5__s1,374,1,395
square__C_rand_5__s1,375,1,171
square__C_rand_5__s1,376,1,373
square__C_rand_5__s1,377,0,500
square__C_rand_5__s1,378,1,189
square__C_rand_5__s1,379,1,238
square__C_rand_5__s1,380,1,181
square__C_rand_5__s1,381,0,500
square__C_rand_5__s1,382,0,500
square__C_rand_5__s1,383,0,500
square__C_rand_5__s1,384,0,500
square__C_rand_5__s1,385,0,500
square__C_rand_5__s1,386,0,500
square__C_rand_5__s1,387,1,182
square__C_rand_5__s1,388,1,309
square__C_rand_5__s1,389,1,188
square__C_rand_5__s1,390,1,203
square__C_rand_5__s1,391,1,177
square__C_rand_5__s1,392,1,308
square__C_rand_5__s1,393,0,500
square__C_rand_5__s1,394,1,201
square__C_rand_5__s1,395,1,201
square__C_rand_5__s1,396,0,500
square__C_rand_5__s1,397,0,500
square__C_rand_5__s1,398,1,455
square__C_rand_5__s1,399,1,336
square__C_rand_5__s1,400,1,218
square__C_rand_5__s1,401,0,500
square__C_rand_5__s1,402,1,192
square__C_rand_5__s1,403,1,477
square__C_rand_5__s1,404,1,148
square__C_rand_5__s1,405,0,500
square__C_rand_5__s1,406,0,500
square__C_rand_5__s1,407,0,500
square__C_rand_5__s1,408,1,212
square__C_rand_5__s1,409,1,200
square__C_rand_5__s1,410,0,500
square__C_rand_5__s1,411,0,500
square__C_rand_5__s1,412,1,159
square__C_rand_5__s1,413,0,500
square__C_rand_5__s1,414,0,500
square__C_rand_5__s1,415,1,272
square__C_rand_5__s1,416,1,195
square__C_rand_5__s1,417,1,287
square__C_rand_5__s1,418,1,156
square__C_rand_5__s1,419,0,500
square__C_rand_5__s1,420,1,211
square__C_rand_5__s1,421,1,181
square__C_rand_5__s1,422,0,500
square__C_rand_5__s1,423,1,252
square__C_rand_5__s1,424,0,500
square__C_rand_5__s1,425,1,371
square__C_rand_5__s1,426,1,190
square__C_rand_5__s1,427,1,370
square__C_rand_5__s1,428,0,500
square__C_rand_5__s1,429,0,500
square__C_rand_5__s1,430,1,234
square__C_rand_5__s1,431,1,230
square__C_rand_5__s1,432,1,226
square__C_rand_5__s1,433,1,181
square__C_rand_5__s1,434,0,500
square__C_rand_5__s1,435,0,500
square__C_rand_5__s1,436,1,140
square__C_rand_5__s1,437,1,248
square__C_rand_5__s1,438,0,500
square__C_rand_5__s1,439,1,159
square__C_rand_5__s1,440,1,180
square__C_rand_5__s1,441,0,500
square__C_rand_5__s1,442,1,250
square__C_rand_5__s1,443,0,500
square__C_rand_5__s1,444,1,218
square__C_rand_5__s1,445,0,500
square__C_rand_5__s1,446,0,500
square__C_rand_5__s1,447,0,500
square__C_rand_5__s1,448,1,255
square__C_rand_5__s1,449,1,239
square__C_rand_5__s1,450,1,171
square__C_rand_5__s1,451,0,500
square__C_rand_5__s1,452,1,156
square__C_rand_5__s1,453,1,253
square__C_rand_5__s1,454,0,500
square__C_rand_5__s1,455,1,169
square__C_rand_5__s1,456,1,250
square__C_rand_5__s1,457,0,500
square__C_rand_5__s1,458,1,180
square__C_rand_5__s1,459,1,192
square__C_rand_5__s1,460,1,352
square__C_rand_5__s1,461,0,500
square__C_rand_5__s1,462,1,430
square__C_rand_5__s1,463,1,250
square__C_rand_5__s1,464,0,500
square__C_rand_5__s1,465,0,500
square__C_rand_5__s1,466,0,500
square__C_rand_5__s1,467,0,500
square__C_rand_5__s1,468,0,500
square__C_rand_5__s1,469,1,163
square__C_rand_5__s1,470,0,500
square__C_rand_5__s1,471,1,169
square__C_rand_5__s1,472,0,500
square__C_rand_5__s1,473,0,500
square__C_rand_5__s1,474,0,500
square__C_rand_5__s1,475,0,500
square__C_rand_5__s1,476,1,285
square__C_rand_5__s1,477,0,500
square__C_rand_5__s1,478,0,500
square__C_rand_5__s1,479,0,500
square__C_rand_5__s1,480,1,159
square__C_rand_5__s1,481,0,500
square__C_rand_5__s1,482,0,500
square__C_rand_5__s1,483,1,191
square__C_rand_5__s1,484,1,280
square__C_rand_5__s1,485,1,245
square__C_rand_5__s1,486,1,300
square__C_rand_5__s1,487,1,236
square__C_rand_5__s1,488,1,291
square__C_rand_5__s1,489,0,500
square__C_rand_5__s1,490,1,222
square__C_rand_5__s1,491,1,182
square__C_rand_5__s1,492,0,500
square__C_rand_5__s1,493,0,500
square__C_rand_5__s1,494,0,500
square__C_rand_5__s1,495,1,262
square__C_rand_5__s1,496,1,181
square__C_rand_5__s1,497,1,242
square__C_rand_5__s1,498,1,290
square__C_rand_5__s1,499,0,500
square__C_rand_5__s2,0,0,500
square__C_rand_5__s2,1,1,180
square__C_rand_5__s2,2,0,500
square__C_rand_5__s2,3,1,414
square__C_rand_5__s2,4,0,500
square__C_rand_5__s2,5,0,500
square__C_rand_5__s2,6,1,239
square__C_rand_5__s2,7,1,168
square__C_rand_5__s2,8,1,473
square__C_rand_5__s2,9,1,443
square__C_rand_5__s2,10,1,188
square__C_rand_5__s2,11,1,277
square__C_rand_5__s2,12,1,201
square__C_rand_5__s2,13,1,361
square__C_rand_5__s2,14,1,220
square__C_rand_5__s2,15,0,500
square__C_rand_5__s2,16,1,198
square__C_rand_5__s2,17,1,208
square__C_rand_5__s2,18,1,231
square__C_rand_5__s2,19,1,240
square__C_rand_5__s2,20,0,500
square__C_rand_5__s2,21,0,500
square__C_rand_5__s2,22,1,169
square__C_rand_5__s2,23,1,279
square__C_rand_5__s2,24,1,248
square__C_rand_5__s2,25,1,182
square__C_rand_5__s2,26,1,187
square__C_rand_5__s2,27,1,148
square__C_rand_5__s2,28,1,188
square__C_rand_5__s2,29,1,150
square__C_rand_5__s2,30,0,500
square__C_rand_5__s2,31,1,275
square__C_rand_5__s2,32,0,500
square__C_rand_5__s2,33,1,402
square__C_rand_5__s2,34,1,315
square__C_rand_5__s2,35,1,174
square__C_rand_5__s2,36,0,500
square__C_rand_5__s2,37,1,272
square__C_rand_5__s2,38,1,472
square__C_rand_5__s2,39,1,246
square__C_rand_5__s2,40,0,500
square__C_rand_5__s2,41,1,202
square__C_rand_5__s2,42,1,202
square__C_rand_5__s2,43,1,230
square__C_rand_5__s2,44,1,267
square__C_rand_5__s2,45,1,241
square__C_rand_5__s2,46,1,298
square__C_rand_5__s2,47,1,173
square__C_rand_5__s2,48,0,500
square__C_rand_5__s2,49,1,240
square__C_rand_5__s2,50,1,303
square__C_rand_5__s2,51,1,268
square__C_rand_5__s2,52,1,310
square__C_rand_5__s2,53,1,228
square__C_rand_5__s2,54,0,500
square__C_rand_5__s2,55,1,268
square__C_rand_5__s2,56,1,392
square__C_rand_5__s2,57,1,221
square__C_rand_5__s2,58,1,171
square__C_rand_5__s2,59,1,171
square__C_rand_5__s2,60,1,240
square__C_rand_5__s2,61,0,500
square__C_rand_5__s2,62,1,201
square__C_rand_5__s2,63,1,164
square__C_rand_5__s2,64,1,239
square__C_rand_5__s2,65,0,500
square__C_rand_5__s2,66,0,500
square__C_rand_5__s2,67,1,281
square__C_rand_5__s2,68,1,228
square__C_rand_5__s2,69,0,500
square__C_rand_5__s2,70,1,250
square__C_rand_5__s2,71,1,401
square__C_rand_5__s2,72,1,209
square__C_rand_5__s2,73,1,149
square__C_rand_5__s2,74,0,500
square__C_rand_5__s2,75,1,160
square__C_rand_5__s2,76,1,200
square__C_rand_5__s2,77,1,266
square__C_rand_5__s2,78,1,161
square__C_rand_5__s2,79,1,179
square__C_rand_5__s2,80,1,256
square__C_rand_5__s2,81,1,263
square__C_rand_5__s2,82,0,500
square__C_rand_5__s2,83,1,200
square__C_rand_5__s2,84,0,500
square__C_rand_5__s2,85,1,211
square__C_rand_5__s2,86,0,500
square__C_rand_5__s2,87,0,500
square__C_rand_5__s2,88,0,500
square__C_rand_5__s2,89,1,190
square__C_rand_5__s2,90,1,160
square__C_rand_5__s2,91,1,301
square__C_rand_5__s2,92,1,229
square__C_rand_5__s2,93,1,282
square__C_rand_5__s2,94,1,171
square__C_rand_5__s2,95,1,290
square__C_rand_5__s2,96,1,161
square__C_rand_5__s2,97,0,500
square__C_rand_5__s2,98,1,279
square__C_rand_5__s2,99,1,211
square__C_rand_5__s2,100,1,291
square__C_rand_5__s2,101,1,368
square__C_rand_5__s2,102,1,271
square__C_rand_5__s2,103,1,189
square__C_rand_5__s2,104,1,428
square__C_rand_5__s2,105,0,500
square__C_rand_5__s2,106,1,231
square__C_rand_5__s2,107,1,183
square__C_rand_5__s2,108,1,171
square__C_rand_5__s2,109,0,500
square__C_rand_5__s2,110,1,151
square__C_rand_5__s2,111,1,223
square__C_rand_5__s2,112,1,172
square__C_rand_5__s2,113,1,150
square__C_rand_5__s2,114,1,188
square__C_rand_5__s2,115,0,500
square__C_rand_5__s2,116,1,257
square__C_rand_5__s2,117,1,210
square__C_rand_5__s2,118,1,179
square__C_rand_5__s2,119,1,169
square__C_rand_5__s2,120,1,240
square__C_rand_5__s2,121,1,187
square__C_rand_5__s2,122,1,233
square__C_rand_5__s2,123,1,479
square__C_rand_5__s2,124,0,500
square__C_rand_5__s2,125,1,380
square__C_rand_5__s2,126,1,419
square__C_rand_5__s2,127,1,203
square__C_rand_5__s2,128,1,431
square__C_rand_5__s2,129,1,193
square__C_rand_5__s2,130,1,231
square__C_rand_5__s2,131,0,500
square__C_rand_5__s2,132,1,236
square__C_rand_5__s2,133,1,237
square__C_rand_5__s2,134,1,399
square__C_rand_5__s2,135,1,352
square__C_rand_5__s2,136,1,350
square__C_rand_5__s2,137,1,149
square__C_rand_5__s2,138,1,189
square__C_rand_5__s2,139,1,271
square__C_rand_5__s2,140,0,500
square__C_rand_5__s2,141,1,260
square__C_rand_5__s2,142,1,191
square__C_rand_5__s2,143,1,268
square__C_rand_5__s2,144,1,355
square__C_rand_5__s2,145,1,278
square__C_rand_5__s2,146,1,256
square__C_rand_5__s2,147,1,191
square__C_rand_5__s2,148,0,500
square__C_rand_5__s2,149,1,189
square__C_rand_5__s2,150,0,500
square__C_rand_5__s2,151,1,317
square__C_rand_5__s2,152,1,204
square__C_rand_5__s2,153,0,500
square__C_rand_5__s2,154,1,220
square__C_rand_5__s2,155,1,172
square__C_rand_5__s2,156,0,500
square__C_rand_5__s2,157,1,218
square__C_rand_5__s2,158,1,289
square__C_rand_5__s2,159,0,500
square__C_rand_5__s2,160,1,182
square__C_rand_5__s2,161,0,500
square__C_rand_5__s2,162,1,222
square__C_rand_5__s2,163,1,266
square__C_rand_5__s2,164,1,245
square__C_rand_5__s2,165,1,467
square__C_rand_5__s2,166,0,500
square__C_rand_5__s2,167,1,189
square__C_rand_5__s2,168,0,500
square__C_rand_5__s2,169,0,500
square__C_rand_5__s2,170,1,285
square__C_rand_5__s2,171,1,232
square__C_rand_5__s2,172,1,310
square__C_rand_5__s2,173,0,500
square__C_rand_5__s2,174,1,207
square__C_rand_5__s2,175,1,391
square__C_rand_5__s2,176,1,469
square__C_rand_5__s2,177,1,182
square__C_rand_5__s2,178,1,188
square__C_rand_5__s2,179,1,311
square__C_rand_5__s2,180,0,500
square__C_rand_5__s2,181,1,232
square__C_rand_5__s2,182,0,500
square__C_rand_5__s2,183,1,321
square__C_rand_5__s2,184,0,500
square__C_rand_5__s2,185,1,198
square__C_rand_5__s2,186,1,300
square__C_rand_5__s2,187,1,260
square__C_rand_5__s2,188,0,500
square__C_rand_5__s2,189,0,500
square__C_rand_5__s2,190,1,187
square__C_rand_5__s2,191,1,222
square__C_rand_5__s2,192,0,500
square__C_rand_5__s2,193,1,199
square__C_rand_5__s2,194,1,257
square__C_rand_5__s2,195,1,192
square__C_rand_5__s2,196,1,170
square__C_rand_5__s2,197,0,500
square__C_rand_5__s2,198,1,211
square__C_rand_5__s2,199,1,257
square__C_rand_5__s2,200,1,365
square__C_rand_5__s2,201,0,500
square__C_rand_5__s2,202,1,237
square__C_rand_5__s2,203,1,220
square__C_rand_5__s2,204,1,410
square__C_rand_5__s2,205,0,500
square__C_rand_5__s2,206,1,278
square__C_rand_5__s2,207,1,247
square__C_rand_5__s2,208,1,230
square__C_rand_5__s2,209,1,206
square__C_rand_5__s2,210,1,409
square__C_rand_5__s2,211,1,281
square__C_rand_5__s2,212,1,143
square__C_rand_5__s2,213,1,302
square__C_rand_5__s2,214,1,264
square__C_rand_5__s2,215,0,500
square__C_rand_5__s2,216,1,251
square__C_rand_5__s2,217,1,194
square__C_rand_5__s2,218,1,403
square__C_rand_5__s2,219,1,428
square__C_rand_5__s2,220,1,316
square__C_rand_5__s2,221,0,500
square__C_rand_5__s2,222,0,500
square__C_rand_5__s2,223,1,156
square__C_rand_5__s2,224,1,155
square__C_rand_5__s2,225,0,500
square__C_rand_5__s2,226,1,292
square__C_rand_5__s2,227,1,207
square__C_rand_5__s2,228,0,500
square__C_rand_5__s2,229,1,281
square__C_rand_5__s2,230,1,249
square__C_rand_5__s2,231,1,349
square__C_rand_5__s2,232,1,272
square__C_rand_5__s2,233,1,209
square__C_rand_5__s2,234,0,500
square__C_rand_5__s2,235,1,227
square__C_rand_5__s2,236,0,500
square__C_rand_5__s2,237,1,353
square__C_rand_5__s2,238,1,200
square__C_rand_5__s2,239,1,185
square__C_rand_5__s2,240,1,258
square__C_rand_5__s2,241,0,500
square__C_rand_5__s2,242,1,387
square__C_rand_5__s2,243,1,236
square__C_rand_5__s2,244,1,162
square__C_rand_5__s2,245,1,405
square__C_rand_5__s2,246,1,192
square__C_rand_5__s2,247,1,239
square__C_rand_5__s2,248,1,280
square__C_rand_5__s2,249,1,171
square__C_rand_5__s2,250,1,210
square__C_rand_5__s2,251,1,172
square__C_rand_5__s2,252,1,181
square__C_rand_5__s2,253,0,500
square__C_rand_5__s2,254,1,212
square__C_rand_5__s2,255,1,232
square__C_rand_5__s2,256,0,500
square__C_rand_5__s2,257,1,240
square__C_rand_5__s2,258,1,228
square__C_rand_5__s2,259,0,500
square__C_rand_5__s2,260,1,227
square__C_rand_5__s2,261,0,500
square__C_rand_5__s2,262,1,240
square__C_rand_5__s2,263,0,500
square__C_rand_5__s2,264,1,193
square__C_rand_5__s2,265,0,500
square__C_rand_5__s2,266,1,213
square__C_rand_5__s2,267,0,500
square__C_rand_5__s2,268,1,159
square__C_rand_5__s2,269,1,191
square__C_rand_5__s2,270,1,208
square__C_rand_5__s2,271,0,500
square__C_rand_5__s2,272,1,200
square__C_rand_5__s2,273,1,187
square__C_rand_5__s2,274,1,197
square__C_rand_5__s2,275,1,168
square__C_rand_5__s2,276,0,500
square__C_rand_5__s2,277,1,423
square__C_rand_5__s2,278,1,228
square__C_rand_5__s2,279,1,158
square__C_rand_5__s2,280,1,229
square__C_rand_5__s2,281,1,312
square__C_rand_5__s2,282,1,362
square__C_rand_5__s2,283,0,500
square__C_rand_5__s2,284,0,500
square__C_rand_5__s2,285,1,362
square__C_rand_5__s2,286,0,500
square__C_rand_5__s2,287,1,410
square__C_rand_5__s2,288,1,350
square__C_rand_5__s2,289,1,383
square__C_rand_5__s2,290,1,238
square__C_rand_5__s2,291,1,249
square__C_rand_5__s2,292,1,220
square__C_rand_5__s2,293,1,172
square__C_rand_5__s2,294,1,171
square__C_rand_5__s2,295,1,157
square__C_rand_5__s2,296,1,272
square__C_rand_5__s2,297,1,219
square__C_rand_5__s2,298,1,219
square__C_rand_5__s2,299,1,232
square__C_rand_5__s2,300,1,170
square__C_rand_5__s2,301,0,500
square__C_rand_5__s2,302,1,229
square__C_rand_5__s2,303,0,500
square__C_rand_5__s2,304,0,500
square__C_rand_5__s2,305,0,500
square__C_rand_5__s2,306,1,235
square__C_rand_5__s2,307,1,151
square__C_rand_5__s2,308,0,500
square__C_rand_5__s2,309,1,310
square__C_rand_5__s2,310,1,229
square__C_rand_5__s2,311,1,189
square__C_rand_5__s2,312,1,179
square__C_rand_5__s2,313,1,180
square__C_rand_5__s2,314,1,308
square__C_rand_5__s2,315,0,500
square__C_rand_5__s2,316,1,182
square__C_rand_5__s2,317,1,252
square__C_rand_5__s2,318,1,243
square__C_rand_5__s2,319,1,185
square__C_rand_5__s2,320,1,162
square__C_rand_5__s2,321,1,202
square__C_rand_5__s2,322,1,410
square__C_rand_5__s2,323,0,500
square__C_rand_5__s2,324,0,500
square__C_rand_5__s2,325,1,220
square__C_rand_5__s2,326,1,173
square__C_rand_5__s2,327,1,448
square__C_rand_5__s2,328,0,500
square__C_rand_5__s2,329,0,500
square__C_rand_5__s2,330,0,500
square__C_rand_5__s2,331,1,261
square__C_rand_5__s2,332,1,160
square__C_rand_5__s2,333,1,300
square__C_rand_5__s2,334,0,500
square__C_rand_5__s2,335,0,500
square__C_rand_5__s2,336,1,167
square__C_rand_5__s2,337,1,271
square__C_rand_5__s2,338,1,200
square__C_rand_5__s2,339,1,181
square__C_rand_5__s2,340,0,500
square__C_rand_5__s2,341,1,141
square__C_rand_5__s2,342,1,293
square__C_rand_5__s2,343,1,161
square__C_rand_5__s2,344,1,163
square__C_rand_5__s2,345,0,500
square__C_rand_5__s2,346,1,151
square__C_rand_5__s2,347,1,348
square__C_rand_5__s2,348,1,235
square__C_rand_5__s2,349,1,367
square__C_rand_5__s2,350,1,230
square__C_rand_5__s2,351,1,161
square__C_rand_5__s2,352,0,500
square__C_rand_5__s2,353,0,500
square__C_rand_5__s2,354,0,500
square__C_rand_5__s2,355,1,151
square__C_rand_5__s2,356,1,330
square__C_rand_5__s2,357,1,313
square__C_rand_5__s2,358,1,254
square__C_rand_5__s2,359,0,500
square__C_rand_5__s2,360,1,395
square__C_rand_5__s2,361,1,440
square__C_rand_5__s2,362,0,500
square__C_rand_5__s2,363,1,220
square__C_rand_5__s2,364,1,190
square__C_rand_5__s2,365,1,190
square__C_rand_5__s2,366,1,221
square__C_rand_5__s2,367,1,239
square__C_rand_5__s2,368,0,500
square__C_rand_5__s2,369,1,219
square__C_rand_5__s2,370,0,500
square__C_rand_5__s2,371,0,500
square__C_rand_5__s2,372,1,422
square__C_rand_5__s2,373,1,189
square__C_rand_5__s2,374,1,290
square__C_rand_5__s2,375,1,189
square__C_rand_5__s2,376,1,250
square__C_rand_5__s2,377,0,500
square__C_rand_5__s2,378,1,191
square__C_rand_5__s2,379,1,372
square__C_rand_5__s2,380,1,460
square__C_rand_5__s2,381,0,500
square__C_rand_5__s2,382,0,500
square__C_rand_5__s2,383,0,500
square__C_rand_5__s2,384,0,500
square__C_rand_5__s2,385,0,500
square__C_rand_5__s2,386,1,242
square__C_rand_5__s2,387,0,500
square__C_rand_5__s2,388,1,300
square__C_rand_5__s2,389,1,171
square__C_rand_5__s2,390,0,500
square__C_rand_5__s2,391,1,199
square__C_rand_5__s2,392,1,201
square__C_rand_5__s2,393,1,340
square__C_rand_5__s2,394,1,202
square__C_rand_5__s2,395,1,310
square__C_rand_5__s2,396,0,500
square__C_rand_5__s2,397,0,500
square__C_rand_5__s2,398,0,500
square__C_rand_5__s2,399,0,500
square__C_rand_5__s2,400,1,189
square__C_rand_5__s2,401,0,500
square__C_rand_5__s2,402,1,192
square__C_rand_5__s2,403,1,249
square__C_rand_5__s2,404,1,425
square__C_rand_5__s2,405,1,269
square__C_rand_5__s2,406,1,212
square__C_rand_5__s2,407,1,192
square__C_rand_5__s2,408,1,270
square__C_rand_5__s2,409,1,322
square__C_rand_5__s2,410,0,500
square__C_rand_5__s2,411,1,319
square__C_rand_5__s2,412,0,500
square__C_rand_5__s2,413,1,219
square__C_rand_5__s2,414,1,187
square__C_rand_5__s2,415,1,339
square__C_rand_5__s2,416,1,253
square__C_rand_5__s2,417,1,156
square__C_rand_5__s2,418,0,500
square__C_rand_5__s2,419,1,275
square__C_rand_5__s2,420,1,491
square__C_rand_5__s2,421,1,158
square__C_rand_5__s2,422,1,259
square__C_rand_5__s2,423,1,216
square__C_rand_5__s2,424,0,500
square__C_rand_5__s2,425,0,500
square__C_rand_5__s2,426,1,204
square__C_rand_5__s2,427,1,253
square__C_rand_5__s2,428,1,369
square__C_rand_5__s2,429,1,199
square__C_rand_5__s2,430,1,272
square__C_rand_5__s2,431,1,373
square__C_rand_5__s2,432,1,415
square__C_rand_5__s2,433,1,189
square__C_rand_5__s2,434,0,500
square__C_rand_5__s2,435,1,182
square__C_rand_5__s2,436,1,472
square__C_rand_5__s2,437,0,500
square__C_rand_5__s2,438,0,500
square__C_rand_5__s2,439,1,145
square__C_rand_5__s2,440,0,500
square__C_rand_5__s2,441,1,196
square__C_rand_5__s2,442,1,340
square__C_rand_5__s2,443,1,245
square__C_rand_5__s2,444,1,199
square__C_rand_5__s2,445,1,373
square__C_rand_5__s2,446,1,170
square__C_rand_5__s2,447,1,226
square__C_rand_5__s2,448,1,246
square__C_rand_5__s2,449,0,500
square__C_rand_5__s2,450,1,179
square__C_rand_5__s2,451,1,271
square__C_rand_5__s2,452,1,207
square__C_rand_5__s2,453,1,210
square__C_rand_5__s2,454,1,177
square__C_rand_5__s2,455,1,258
square__C_rand_5__s2,456,1,374
square__C_rand_5__s2,457,1,249
square__C_rand_5__s2,458,1,277
square__C_rand_5__s2,459,1,300
square__C_rand_5__s2,460,1,161
square__C_rand_5__s2,461,1,198
square__C_rand_5__s2,462,0,500
square__C_rand_5__s2,463,0,500
square__C_rand_5__s2,464,0,500
square__C_rand_5__s2,465,0,500
square__C_rand_5__s2,466,0,500
square__C_rand_5__s2,467,0,500
square__C_rand_5__s2,468,1,206
square__C_rand_5__s2,469,1,247
square__C_rand_5__s2,470,0,500
square__C_rand_5__s2,471,0,500
square__C_rand_5__s2,472,1,271
square__C_rand_5__s2,473,1,259
square__C_rand_5__s2,474,0,500
square__C_rand_5__s2,475,0,500
square__C_rand_5__s2,476,1,177
square__C_rand_5__s2,477,0,500
square__C_rand_5__s2,478,0,500
square__C_rand_5__s2,479,0,500
square__C_rand_5__s2,480,1,148
square__C_rand_5__s2,481,1,254
square__C_rand_5__s2,482,0,500
square__C_rand_5__s2,483,1,289
square__C_rand_5__s2,484,0,500
square__C_rand_5__s2,485,1,249
square__C_rand_5__s2,486,1,151
square__C_rand_5__s2,487,0,500
square__C_rand_5__s2,488,1,223
square__C_rand_5__s2,489,1,341
square__C_rand_5__s2,490,1,193
square__C_rand_5__s2,491,0,500
square__C_rand_5__s2,492,0,500
square__C_rand_5__s2,493,1,198
square__C_rand_5__s2,494,0,500
square__C_rand_5__s2,495,1,238
square__C_rand_5__s2,496,0,500
square__C_rand_5__s2,497,1,219
square__C_rand_5__s2,498,1,240
square__C_rand_5__s2,499,1,230
square__C_rand_5__s3,0,0,500
square__C_rand_5__s3,1,0,500
square__C_rand_5__s3,2,0,500
square__C_rand_5__s3,3,0,500
square__C_rand_5__s3,4,0,500
square__C_rand_5__s3,5,0,500
square__C_rand_5__s3,6,1,202
square__C_rand_5__s3,7,0,500
square__C_rand_5__s3,8,1,447
square__C_rand_5__s3,9,1,191
square__C_rand_5__s3,10,1,168
square__C_rand_5__s3,11,1,218
square__C_rand_5__s3,12,0,500
square__C_rand_5__s3,13,0,500
square__C_rand_5__s3,14,1,170
square__C_rand_5__s3,15,0,500
square__C_rand_5__s3,16,1,293
square__C_rand_5__s3,17,0,500
square__C_rand_5__s3,18,1,178
square__C_rand_5__s3,19,1,218
square__C_rand_5__s3,20,0,500
square__C_rand_5__s3,21,0,500
square__C_rand_5__s3,22,1,189
square__C_rand_5__s3,23,0,500
square__C_rand_5__s3,24,1,279
square__C_rand_5__s3,25,1,207
square__C_rand_5__s3,26,1,259
square__C_rand_5__s3,27,1,209
square__C_rand_5__s3,28,1,170
square__C_rand_5__s3,29,1,145
square__C_rand_5__s3,30,0,500
square__C_rand_5__s3,31,0,500
square__C_rand_5__s3,32,1,180
square__C_rand_5__s3,33,1,201
square__C_rand_5__s3,34,1,181
square__C_rand_5__s3,35,0,500
square__C_rand_5__s3,36,1,322
square__C_rand_5__s3,37,1,390
square__C_rand_5__s3,38,0,500
square__C_rand_5__s3,39,1,210
square__C_rand_5__s3,40,1,407
square__C_rand_5__s3,41,1,179
square__C_rand_5__s3,42,1,189
square__C_rand_5__s3,43,1,237
square__C_rand_5__s3,44,1,190
square__C_rand_5__s3,45,1,343
square__C_rand_5__s3,46,1,197
square__C_rand_5__s3,47,0,500
square__C_rand_5__s3,48,1,270
square__C_rand_5__s3,49,0,500
square__C_rand_5__s3,50,1,205
square__C_rand_5__s3,51,1,290
square__C_rand_5__s3,52,0,500
square__C_rand_5__s3,53,0,500
square__C_rand_5__s3,54,1,280
square__C_rand_5__s3,55,0,500
square__C_rand_5__s3,56,0,500
square__C_rand_5__s3,57,1,219
square__C_rand_5__s3,58,1,167
square__C_rand_5__s3,59,1,206
square__C_rand_5__s3,60,1,183
square__C_rand_5__s3,61,1,219
square__C_rand_5__s3,62,1,269
square__C_rand_5__s3,63,0,500
square__C_rand_5__s3,64,0,500
square__C_rand_5__s3,65,0,500
square__C_rand_5__s3,66,1,201
square__C_rand_5__s3,67,0,500
square__C_rand_5__s3,68,1,215
square__C_rand_5__s3,69,1,148
square__C_rand_5__s3,70,0,500
square__C_rand_5__s3,71,1,208
square__C_rand_5__s3,72,1,190
square__C_rand_5__s3,73,1,151
square__C_rand_5__s3,74,0,500
square__C_rand_5__s3,75,1,182
square__C_rand_5__s3,76,0,500
square__C_rand_5__s3,77,1,195
square__C_rand_5__s3,78,0,500
square__C_rand_5__s3,79,0,500
square__C_rand_5__s3,80,1,172
square__C_rand_5__s3,81,0,500
square__C_rand_5__s3,82,0,500
square__C_rand_5__s3,83,1,190
square__C_rand_5__s3,84,0,500
square__C_rand_5__s3,85,0,500
square__C_rand_5__s3,86,0,500
square__C_rand_5__s3,87,0,500
square__C_rand_5__s3,88,0,500
square__C_rand_5__s3,89,1,171
square__C_rand_5__s3,90,1,178
square__C_rand_5__s3,91,0,500
square__C_rand_5__s3,92,0,500
square__C_rand_5__s3,93,0,500
square__C_rand_5__s3,94,1,153
square__C_rand_5__s3,95,0,500
square__C_rand_5__s3,96,1,154
square__C_rand_5__s3,97,0,500
square__C_rand_5__s3,98,0,500
square__C_rand_5__s3,99,0,500
square__C_rand_5__s3,100,1,167
square__C_rand_5__s3,101,1,194
square__C_rand_5__s3,102,1,437
square__C_rand_5__s3,103,0,500
square__C_rand_5__s3,104,0,500
square__C_rand_5__s3,105,1,453
square__C_rand_5__s3,106,0,500
square__C_rand_5__s3,107,0,500
square__C_rand_5__s3,108,1,278
square__C_rand_5__s3,109,1,189
square__C_rand_5__s3,110,0,500
square__C_rand_5__s3,111,1,181
square__C_rand_5__s3,112,1,262
square__C_rand_5__s3,113,1,283
square__C_rand_5__s3,114,1,219
square__C_rand_5__s3,115,1,227
square__C_rand_5__s3,116,1,186
square__C_rand_5__s3,117,0,500
square__C_rand_5__s3,118,1,192
square__C_rand_5__s3,119,1,276
square__C_rand_5__s3,120,1,249
square__C_rand_5__s3,121,1,339
square__C_rand_5__s3,122,0,500
square__C_rand_5__s3,123,1,181
square__C_rand_5__s3,124,0,500
square__C_rand_5__s3,125,0,500
square__C_rand_5__s3,126,1,243
square__C_rand_5__s3,127,1,191
square__C_rand_5__s3,128,0,500
square__C_rand_5__s3,129,1,254
square__C_rand_5__s3,130,1,209
square__C_rand_5__s3,131,1,212
square__C_rand_5__s3,132,1,219
square__C_rand_5__s3,133,0,500
square__C_rand_5__s3,134,0,500
square__C_rand_5__s3,135,0,500
square__C_rand_5__s3,136,1,171
square__C_rand_5__s3,137,1,178
square__C_rand_5__s3,138,1,160
square__C_rand_5__s3,139,1,252
square__C_rand_5__s3,140,0,500
square__C_rand_5__s3,141,0,500
square__C_rand_5__s3,142,1,204
square__C_rand_5__s3,143,1,239
square__C_rand_5__s3,144,1,279
square__C_rand_5__s3,145,1,234
square__C_rand_5__s3,146,1,189
square__C_rand_5__s3,147,1,462
square__C_rand_5__s3,148,0,500
square__C_rand_5__s3,149,0,500
square__C_rand_5__s3,150,0,500
square__C_rand_5__s3,151,1,202
square__C_rand_5__s3,152,1,200
square__C_rand_5__s3,153,1,266
square__C_rand_5__s3,154,1,179
square__C_rand_5__s3,155,1,437
square__C_rand_5__s3,156,0,500
square__C_rand_5__s3,157,1,263
square__C_rand_5__s3,158,1,395
square__C_rand_5__s3,159,0,500
square__C_rand_5__s3,160,1,210
square__C_rand_5__s3,161,1,146
square__C_rand_5__s3,162,1,203
square__C_rand_5__s3,163,1,181
square__C_rand_5__s3,164,1,490
square__C_rand_5__s3,165,0,500
square__C_rand_5__s3,166,0,500
square__C_rand_5__s3,167,0,500
square__C_rand_5__s3,168,0,500
square__C_rand_5__s3,169,1,193
square__C_rand_5__s3,170,1,229
square__C_rand_5__s3,171,1,420
square__C_rand_5__s3,172,1,429
square__C_rand_5__s3,173,1,229
square__C_rand_5__s3,174,1,142
square__C_rand_5__s3,175,1,427
square__C_rand_5__s3,176,1,204
square__C_rand_5__s3,177,1,153
square__C_rand_5__s3,178,1,185
square__C_rand_5__s3,179,1,229
square__C_rand_5__s3,180,1,159
square__C_rand_5__s3,181,1,179
square__C_rand_5__s3,182,1,449
square__C_rand_5__s3,183,0,500
square__C_rand_5__s3,184,1,460
square__C_rand_5__s3,185,1,170
square__C_rand_5__s3,186,0,500
square__C_rand_5__s3,187,1,201
square__C_rand_5__s3,188,0,500
square__C_rand_5__s3,189,0,500
square__C_rand_5__s3,190,1,201
square__C_rand_5__s3,191,1,390
square__C_rand_5__s3,192,1,277
square__C_rand_5__s3,193,1,187
square__C_rand_5__s3,194,1,189
square__C_rand_5__s3,195,1,164
square__C_rand_5__s3,196,1,150
square__C_rand_5__s3,197,1,460
square__C_rand_5__s3,198,1,187
square__C_rand_5__s3,199,1,222
square__C_rand_5__s3,200,0,500
square__C_rand_5__s3,201,1,187
square__C_rand_5__s3,202,1,353
square__C_rand_5__s3,203,1,199
square__C_rand_5__s3,204,0,500
square__C_rand_5__s3,205,1,273
square__C_rand_5__s3,206,0,500
square__C_rand_5__s3,207,1,219
square__C_rand_5__s3,208,0,500
square__C_rand_5__s3,209,1,346
square__C_rand_5__s3,210,1,341
square__C_rand_5__s3,211,1,231
square__C_rand_5__s3,212,1,151
square__C_rand_5__s3,213,1,173
square__C_rand_5__s3,214,0,500
square__C_rand_5__s3,215,0,500
square__C_rand_5__s3,216,1,297
square__C_rand_5__s3,217,1,167
square__C_rand_5__s3,218,0,500
square__C_rand_5__s3,219,0,500
square__C_rand_5__s3,220,1,145
square__C_rand_5__s3,221,1,305
square__C_rand_5__s3,222,1,498
square__C_rand_5__s3,223,0,500
square__C_rand_5__s3,224,1,199
square__C_rand_5__s3,225,0,500
square__C_rand_5__s3,226,1,196
square__C_rand_5__s3,227,0,500
square__C_rand_5__s3,228,1,349
square__C_rand_5__s3,229,1,349
square__C_rand_5__s3,230,1,255
square__C_rand_5__s3,231,0,500
square__C_rand_5__s3,232,1,432
square__C_rand_5__s3,233,0,500
square__C_rand_5__s3,234,0,500
square__C_rand_5__s3,235,1,210
square__C_rand_5__s3,236,0,500
square__C_rand_5__s3,237,1,350
square__C_rand_5__s3,238,1,226
square__C_rand_5__s3,239,1,258
square__C_rand_5__s3,240,1,199
square__C_rand_5__s3,241,1,255
square__C_rand_5__s3,242,0,500
square__C_rand_5__s3,243,0,500
square__C_rand_5__s3,244,1,192
square__C_rand_5__s3,245,1,210
square__C_rand_5__s3,246,1,186
square__C_rand_5__s3,247,1,201
square__C_rand_5__s3,248,1,277
square__C_rand_5__s3,249,1,209
square__C_rand_5__s3,250,1,190
square__C_rand_5__s3,251,1,202
square__C_rand_5__s3,252,1,161
square__C_rand_5__s3,253,0,500
square__C_rand_5__s3,254,1,203
square__C_rand_5__s3,255,1,249
square__C_rand_5__s3,256,1,162
square__C_rand_5__s3,257,0,500
square__C_rand_5__s3,258,1,201
square__C_rand_5__s3,259,1,181
square__C_rand_5__s3,260,1,240
square__C_rand_5__s3,261,1,258
square__C_rand_5__s3,262,1,179
square__C_rand_5__s3,263,0,500
square__C_rand_5__s3,264,1,179
square__C_rand_5__s3,265,0,500
square__C_rand_5__s3,266,0,500
square__C_rand_5__s3,267,1,299
square__C_rand_5__s3,268,1,273
square__C_rand_5__s3,269,0,500
square__C_rand_5__s3,270,0,500
square__C_rand_5__s3,271,1,190
square__C_rand_5__s3,272,1,249
square__C_rand_5__s3,273,0,500
square__C_rand_5__s3,274,1,170
square__C_rand_5__s3,275,1,266
square__C_rand_5__s3,276,0,500
square__C_rand_5__s3,277,0,500
square__C_rand_5__s3,278,1,306
square__C_rand_5__s3,279,1,149
square__C_rand_5__s3,280,0,500
square__C_rand_5__s3,281,1,230
square__C_rand_5__s3,282,1,202
square__C_rand_5__s3,283,1,270
square__C_rand_5__s3,284,0,500
square__C_rand_5__s3,285,1,457
square__C_rand_5__s3,286,0,500
square__C_rand_5__s3,287,1,212
square__C_rand_5__s3,288,1,280
square__C_rand_5__s3,289,0,500
square__C_rand_5__s3,290,1,417
square__C_rand_5__s3,291,0,500
square__C_rand_5__s3,292,1,186
square__C_rand_5__s3,293,0,500
square__C_rand_5__s3,294,0,500
square__C_rand_5__s3,295,1,159
square__C_rand_5__s3,296,1,190
square__C_rand_5__s3,297,0,500
square__C_rand_5__s3,298,1,190
square__C_rand_5__s3,299,1,201
square__C_rand_5__s3,300,1,191
square__C_rand_5__s3,301,0,500
square__C_rand_5__s3,302,1,181
square__C_rand_5__s3,303,1,181
square__C_rand_5__s3,304,1,208
square__C_rand_5__s3,305,1,181
square__C_rand_5__s3,306,1,230
square__C_rand_5__s3,307,1,175
square__C_rand_5__s3,308,1,202
square__C_rand_5__s3,309,1,262
square__C_rand_5__s3,310,1,233
square__C_rand_5__s3,311,0,500
square__C_rand_5__s3,312,1,191
square__C_rand_5__s3,313,1,190
square__C_rand_5__s3,314,1,279
square__C_rand_5__s3,315,1,227
square__C_rand_5__s3,316,1,377
square__C_rand_5__s3,317,0,500
square__C_rand_5__s3,318,0,500
square__C_rand_5__s3,319,0,500
square__C_rand_5__s3,320,1,271
square__C_rand_5__s3,321,1,208
square__C_rand_5__s3,322,0,500
square__C_rand_5__s3,323,0,500
square__C_rand_5__s3,324,0,500
square__C_rand_5__s3,325,1,202
square__C_rand_5__s3,326,0,500
square__C_rand_5__s3,327,1,189
square__C_rand_5__s3,328,0,500
square__C_rand_5__s3,329,0,500
square__C_rand_5__s3,330,0,500
square__C_rand_5__s3,331,0,500
square__C_rand_5__s3,332,1,293
square__C_rand_5__s3,333,0,500
square__C_rand_5__s3,334,1,259
square__C_rand_5__s3,335,1,460
square__C_rand_5__s3,336,0,500
square__C_rand_5__s3,337,1,187
square__C_rand_5__s3,338,1,181
square__C_rand_5__s3,339,0,500
square__C_rand_5__s3,340,0,500
square__C_rand_5__s3,341,1,283
square__C_rand_5__s3,342,0,500
square__C_rand_5__s3,343,1,177
square__C_rand_5__s3,344,1,145
square__C_rand_5__s3,345,0,500
square__C_rand_5__s3,346,0,500
square__C_rand_5__s3,347,0,500
square__C_rand_5__s3,348,0,500
square__C_rand_5__s3,349,1,222
square__C_rand_5__s3,350,1,203
square__C_rand_5__s3,351,1,183
square__C_rand_5__s3,352,1,211
square__C_rand_5__s3,353,1,216
square__C_rand_5__s3,354,0,500
square__C_rand_5__s3,355,1,180
square__C_rand_5__s3,356,1,320
square__C_rand_5__s3,357,1,232
square__C_rand_5__s3,358,0,500
square__C_rand_5__s3,359,0,500
square__C_rand_5__s3,360,1,205
square__C_rand_5__s3,361,1,170
square__C_rand_5__s3,362,1,457
square__C_rand_5__s3,363,1,222
square__C_rand_5__s3,364,1,181
square__C_rand_5__s3,365,0,500
square__C_rand_5__s3,366,1,201
square__C_rand_5__s3,367,1,151
square__C_rand_5__s3,368,1,414
square__C_rand_5__s3,369,1,280
square__C_rand_5__s3,370,0,500
square__C_rand_5__s3,371,0,500
square__C_rand_5__s3,372,1,331
square__C_rand_5__s3,373,1,193
square__C_rand_5__s3,374,1,407
square__C_rand_5__s3,375,1,181
square__C_rand_5__s3,376,1,257
square__C_rand_5__s3,377,0,500
square__C_rand_5__s3,378,1,170
square__C_rand_5__s3,379,1,424
square__C_rand_5__s3,380,0,500
square__C_rand_5__s3,381,0,500
square__C_rand_5__s3,382,1,444
square__C_rand_5__s3,383,1,218
square__C_rand_5__s3,384,0,500
square__C_rand_5__s3,385,0,500
square__C_rand_5__s3,386,1,372
square__C_rand_5__s3,387,1,190
square__C_rand_5__s3,388,1,239
square__C_rand_5__s3,389,0,500
square__C_rand_5__s3,390,1,183
square__C_rand_5__s3,391,1,182
square__C_rand_5__s3,392,1,193
square__C_rand_5__s3,393,1,212
square__C_rand_5__s3,394,1,166
square__C_rand_5__s3,395,1,320
square__C_rand_5__s3,396,1,237
square__C_rand_5__s3,397,1,198
square__C_rand_5__s3,398,0,500
square__C_rand_5__s3,399,1,164
square__C_rand_5__s3,400,1,360
square__C_rand_5__s3,401,1,199
square__C_rand_5__s3,402,1,265
square__C_rand_5__s3,403,1,241
square__C_rand_5__s3,404,1,160
square__C_rand_5__s3,405,0,500
square__C_rand_5__s3,406,1,201
square__C_rand_5__s3,407,1,329
square__C_rand_5__s3,408,1,259
square__C_rand_5__s3,409,1,251
square__C_rand_5__s3,410,1,216
square__C_rand_5__s3,411,0,500
square__C_rand_5__s3,412,1,265
square__C_rand_5__s3,413,0,500
square__C_rand_5__s3,414,1,411
square__C_rand_5__s3,415,1,462
square__C_rand_5__s3,416,1,181
square__C_rand_5__s3,417,1,448
square__C_rand_5__s3,418,1,259
square__C_rand_5__s3,419,0,500
square__C_rand_5__s3,420,0,500
square__C_rand_5__s3,421,1,159
square__C_rand_5__s3,422,0,500
square__C_rand_5__s3,423,0,500
square__C_rand_5__s3,424,0,500
square__C_rand_5__s3,425,0,500
square__C_rand_5__s3,426,1,180
square__C_rand_5__s3,427,0,500
square__C_rand_5__s3,428,1,348
square__C_rand_5__s3,429,1,186
square__C_rand_5__s3,430,1,175
square__C_rand_5__s3,431,1,171
square__C_rand_5__s3,432,0,500
square__C_rand_5__s3,433,1,233
square__C_rand_5__s3,434,1,160
square__C_rand_5__s3,435,1,228
square__C_rand_5__s3,436,1,395
square__C_rand_5__s3,437,1,268
square__C_rand_5__s3,438,1,260
square__C_rand_5__s3,439,1,151
square__C_rand_5__s3,440,0,500
square__C_rand_5__s3,441,0,500
square__C_rand_5__s3,442,1,276
square__C_rand_5__s3,443,1,198
square__C_rand_5__s3,444,1,202
square__C_rand_5__s3,445,0,500
square__C_rand_5__s3,446,1,238
square__C_rand_5__s3,447,1,260
square__C_rand_5__s3,448,0,500
square__C_rand_5__s3,449,1,198
square__C_rand_5__s3,450,1,169
square__C_rand_5__s3,451,1,215
square__C_rand_5__s3,452,1,218
square__C_rand_5__s3,453,0,500
square__C_rand_5__s3,454,1,248
square__C_rand_5__s3,455,0,500
square__C_rand_5__s3,456,0,500
square__C_rand_5__s3,457,1,201
square__C_rand_5__s3,458,0,500
square__C_rand_5__s3,459,0,500
square__C_rand_5__s3,460,0,500
square__C_rand_5__s3,461,0,500
square__C_rand_5__s3,462,0,500
square__C_rand_5__s3,463,1,211
square__C_rand_5__s3,464,0,500
square__C_rand_5__s3,465,0,500
square__C_rand_5__s3,466,0,500
square__C_rand_5__s3,467,1,177
square__C_rand_5__s3,468,1,219
square__C_rand_5__s3,469,1,203
square__C_rand_5__s3,470,1,202
square__C_rand_5__s3,471,1,143
square__C_rand_5__s3,472,0,500
square__C_rand_5__s3,473,0,500
square__C_rand_5__s3,474,1,199
square__C_rand_5__s3,475,1,288
square__C_rand_5__s3,476,1,191
square__C_rand_5__s3,477,1,230
square__C_rand_5__s3,478,1,390
square__C_rand_5__s3,479,0,500
square__C_rand_5__s3,480,0,500
square__C_rand_5__s3,481,1,259
square__C_rand_5__s3,482,0,500
square__C_rand_5__s3,483,1,180
square__C_rand_5__s3,484,0,500
square__C_rand_5__s3,485,1,168
square__C_rand_5__s3,486,0,500
square__C_rand_5__s3,487,1,200
square__C_rand_5__s3,488,0,500
square__C_rand_5__s3,489,0,500
square__C_rand_5__s3,490,1,273
square__C_rand_5__s3,491,1,162
square__C_rand_5__s3,492,0,500
square__C_rand_5__s3,493,1,249
square__C_rand_5__s3,494,0,500
square__C_rand_5__s3,495,1,169
square__C_rand_5__s3,496,0,500
square__C_rand_5__s3,497,1,173
square__C_rand_5__s3,498,1,279
square__C_rand_5__s3,499,0,500
square__C_rand_6__s1,0,0,500
square__C_rand_6__s1,1,1,162
square__C_rand_6__s1,2,0,500
square__C_rand_6__s1,3,0,500
square__C_rand_6__s1,4,1,277
square__C_rand_6__s1,5,0,500
square__C_rand_6__s1,6,1,421
square__C_rand_6__s1,7,1,227
square__C_rand_6__s1,8,1,302
square__C_rand_6__s1,9,0,500
square__C_rand_6__s1,10,1,299
square__C_rand_6__s1,11,1,209
square__C_rand_6__s1,12,0,500
square__C_rand_6__s1,13,1,302
square__C_rand_6__s1,14,0,500
square__C_rand_6__s1,15,1,253
square__C_rand_6__s1,16,0,500
square__C_rand_6__s1,17,1,388
square__C_rand_6__s1,18,1,227
square__C_rand_6__s1,19,1,381
square__C_rand_6__s1,20,0,500
square__C_rand_6__s1,21,0,500
square__C_rand_6__s1,22,1,208
square__C_rand_6__s1,23,1,239
square__C_rand_6__s1,24,1,394
square__C_rand_6__s1,25,1,312
square__C_rand_6__s1,26,1,331
square__C_rand_6__s1,27,1,322
square__C_rand_6__s1,28,1,387
square__C_rand_6__s1,29,1,232
square__C_rand_6__s1,30,1,201
square__C_rand_6__s1,31,1,251
square__C_rand_6__s1,32,1,202
square__C_rand_6__s1,33,1,471
square__C_rand_6__s1,34,1,160
square__C_rand_6__s1,35,1,187
square__C_rand_6__s1,36,1,279
square__C_rand_6__s1,37,0,500
square__C_rand_6__s1,38,0,500
square__C_rand_6__s1,39,1,239
square__C_rand_6__s1,40,1,422
square__C_rand_6__s1,41,0,500
square__C_rand_6__s1,42,1,226
square__C_rand_6__s1,43,0,500
square__C_rand_6__s1,44,1,236
square__C_rand_6__s1,45,0,500
square__C_rand_6__s1,46,1,153
square__C_rand_6__s1,47,0,500
square__C_rand_6__s1,48,1,232
square__C_rand_6__s1,49,0,500
square__C_rand_6__s1,50,0,500
square__C_rand_6__s1,51,1,240
square__C_rand_6__s1,52,1,372
square__C_rand_6__s1,53,1,209
square__C_rand_6__s1,54,0,500
square__C_rand_6__s1,55,1,249
square__C_rand_6__s1,56,0,500
square__C_rand_6__s1,57,0,500
square__C_rand_6__s1,58,1,260
square__C_rand_6__s1,59,1,408
square__C_rand_6__s1,60,1,215
square__C_rand_6__s1,61,1,280
square__C_rand_6__s1,62,1,305
square__C_rand_6__s1,63,0,500
square__C_rand_6__s1,64,1,222
square__C_rand_6__s1,65,0,500
square__C_rand_6__s1,66,1,181
square__C_rand_6__s1,67,0,500
square__C_rand_6__s1,68,1,248
square__C_rand_6__s1,69,1,281
square__C_rand_6__s1,70,0,500
square__C_rand_6__s1,71,0,500
square__C_rand_6__s1,72,0,500
square__C_rand_6__s1,73,1,152
square__C_rand_6__s1,74,1,169
square__C_rand_6__s1,75,0,500
square__C_rand_6__s1,76,0,500
square__C_rand_6__s1,77,1,229
square__C_rand_6__s1,78,1,200
square__C_rand_6__s1,79,1,271
square__C_rand_6__s1,80,1,260
square__C_rand_6__s1,81,0,500
square__C_rand_6__s1,82,1,188
square__C_rand_6__s1,83,1,239
square__C_rand_6__s1,84,0,500
square__C_rand_6__s1,85,1,279
square__C_rand_6__s1,86,0,500
square__C_rand_6__s1,87,0,500
square__C_rand_6__s1,88,0,500
square__C_rand_6__s1,89,1,294
square__C_rand_6__s1,90,1,167
square__C_rand_6__s1,91,1,318
square__C_rand_6__s1,92,0,500
square__C_rand_6__s1,93,0,500
square__C_rand_6__s1,94,1,493
square__C_rand_6__s1,95,1,407
square__C_rand_6__s1,96,1,346
square__C_rand_6__s1,97,0,500
square__C_rand_6__s1,98,1,284
square__C_rand_6__s1,99,1,290
square__C_rand_6__s1,100,0,500
square__C_rand_6__s1,101,0,500
square__C_rand_6__s1,102,1,287
square__C_rand_6__s1,103,1,327
square__C_rand_6__s1,104,0,500
square__C_rand_6__s1,105,0,500
square__C_rand_6__s1,106,1,379
square__C_rand_6__s1,107,1,299
square__C_rand_6__s1,108,0,500
square__C_rand_6__s1,109,1,478
square__C_rand_6__s1,110,1,168
square__C_rand_6__s1,111,1,271
square__C_rand_6__s1,112,0,500
square__C_rand_6__s1,113,1,226
square__C_rand_6__s1,114,1,212
square__C_rand_6__s1,115,0,500
square__C_rand_6__s1,116,1,289
square__C_rand_6__s1,117,1,185
square__C_rand_6__s1,118,1,183
square__C_rand_6__s1,119,1,284
square__C_rand_6__s1,120,1,348
square__C_rand_6__s1,121,1,278
square__C_rand_6__s1,122,0,500
square__C_rand_6__s1,123,1,191
square__C_rand_6__s1,124,0,500
square__C_rand_6__s1,125,0,500
square__C_rand_6__s1,126,1,218
square__C_rand_6__s1,127,0,500
square__C_rand_6__s1,128,1,285
square__C_rand_6__s1,129,1,401
square__C_rand_6__s1,130,1,410
square__C_rand_6__s1,131,1,191
square__C_rand_6__s1,132,0,500
square__C_rand_6__s1,133,0,500
square__C_rand_6__s1,134,0,500
square__C_rand_6__s1,135,0,500
square__C_rand_6__s1,136,1,275
square__C_rand_6__s1,137,1,220
square__C_rand_6__s1,138,1,159
square__C_rand_6__s1,139,1,280
square__C_rand_6__s1,140,0,500
square__C_rand_6__s1,141,1,240
square__C_rand_6__s1,142,0,500
square__C_rand_6__s1,143,0,500
square__C_rand_6__s1,144,0,500
square__C_rand_6__s1,145,1,212
square__C_rand_6__s1,146,0,500
square__C_rand_6__s1,147,1,210
square__C_rand_6__s1,148,0,500
square__C_rand_6__s1,149,1,440
square__C_rand_6__s1,150,0,500
square__C_rand_6__s1,151,1,212
square__C_rand_6__s1,152,1,233
square__C_rand_6__s1,153,1,187
square__C_rand_6__s1,154,1,219
square__C_rand_6__s1,155,0,500
square__C_rand_6__s1,156,0,500
square__C_rand_6__s1,157,1,351
square__C_rand_6__s1,158,0,500
square__C_rand_6__s1,159,0,500
square__C_rand_6__s1,160,1,238
square__C_rand_6__s1,161,1,357
square__C_rand_6__s1,162,1,269
square__C_rand_6__s1,163,1,298
square__C_rand_6__s1,164,0,500
square__C_rand_6__s1,165,0,500
square__C_rand_6__s1,166,0,500
square__C_rand_6__s1,167,0,500
square__C_rand_6__s1,168,0,500
square__C_rand_6__s1,169,1,397
square__C_rand_6__s1,170,0,500
square__C_rand_6__s1,171,0,500
square__C_rand_6__s1,172,0,500
square__C_rand_6__s1,173,1,238
square__C_rand_6__s1,174,0,500
square__C_rand_6__s1,175,1,256
square__C_rand_6__s1,176,1,279
square__C_rand_6__s1,177,1,283
square__C_rand_6__s1,178,1,371
square__C_rand_6__s1,179,1,281
square__C_rand_6__s1,180,1,252
square__C_rand_6__s1,181,1,228
square__C_rand_6__s1,182,1,209
square__C_rand_6__s1,183,1,248
square__C_rand_6__s1,184,1,288
square__C_rand_6__s1,185,1,179
square__C_rand_6__s1,186,0,500
square__C_rand_6__s1,187,1,290
square__C_rand_6__s1,188,0,500
square__C_rand_6__s1,189,0,500
square__C_rand_6__s1,190,1,250
square__C_rand_6__s1,191,1,291
square__C_rand_6__s1,192,1,472
square__C_rand_6__s1,193,1,294
square__C_rand_6__s1,194,1,328
square__C_rand_6__s1,195,1,236
square__C_rand_6__s1,196,1,199
square__C_rand_6__s1,197,1,199
square__C_rand_6__s1,198,0,500
square__C_rand_6__s1,199,1,412
square__C_rand_6__s1,200,1,178
square__C_rand_6__s1,201,1,304
square__C_rand_6__s1,202,0,500
square__C_rand_6__s1,203,0,500
square__C_rand_6__s1,204,1,466
square__C_rand_6__s1,205,1,363
square__C_rand_6__s1,206,1,247
square__C_rand_6__s1,207,1,209
square__C_rand_6__s1,208,0,500
square__C_rand_6__s1,209,0,500
square__C_rand_6__s1,210,0,500
square__C_rand_6__s1,211,1,223
square__C_rand_6__s1,212,1,192
square__C_rand_6__s1,213,1,448
square__C_rand_6__s1,214,1,282
square__C_rand_6__s1,215,0,500
square__C_rand_6__s1,216,1,254
square__C_rand_6__s1,217,1,269
square__C_rand_6__s1,218,1,406
square__C_rand_6__s1,219,1,151
square__C_rand_6__s1,220,1,215
square__C_rand_6__s1,221,1,197
square__C_rand_6__s1,222,0,500
square__C_rand_6__s1,223,1,202
square__C_rand_6__s1,224,1,169
square__C_rand_6__s1,225,0,500
square__C_rand_6__s1,226,0,500
square__C_rand_6__s1,227,1,259
square__C_rand_6__s1,228,1,397
square__C_rand_6__s1,229,1,289
square__C_rand_6__s1,230,1,255
square__C_rand_6__s1,231,0,500
square__C_rand_6__s1,232,0,500
square__C_rand_6__s1,233,0,500
square__C_rand_6__s1,234,0,500
square__C_rand_6__s1,235,1,268
square__C_rand_6__s1,236,1,220
square__C_rand_6__s1,237,1,292
square__C_rand_6__s1,238,1,229
square__C_rand_6__s1,239,0,500
square__C_rand_6__s1,240,1,249
square__C_rand_6__s1,241,1,221
square__C_rand_6__s1,242,1,201
square__C_rand_6__s1,243,1,257
square__C_rand_6__s1,244,1,209
square__C_rand_6__s1,245,1,229
square__C_rand_6__s1,246,1,233
square__C_rand_6__s1,247,1,369
square__C_rand_6__s1,248,1,257
square__C_rand_6__s1,249,1,240
square__C_rand_6__s1,250,1,225
square__C_rand_6__s1,251,1,249
square__C_rand_6__s1,252,1,211
square__C_rand_6__s1,253,1,210
square__C_rand_6__s1,254,1,167
square__C_rand_6__s1,255,0,500
square__C_rand_6__s1,256,1,180
square__C_rand_6__s1,257,1,278
square__C_rand_6__s1,258,1,352
square__C_rand_6__s1,259,1,308
square__C_rand_6__s1,260,1,452
square__C_rand_6__s1,261,1,327
square__C_rand_6__s1,262,0,500
square__C_rand_6__s1,263,1,273
square__C_rand_6__s1,264,1,181
square__C_rand_6__s1,265,0,500
square__C_rand_6__s1,266,1,243
square__C_rand_6__s1,267,0,500
square__C_rand_6__s1,268,0,500
square__C_rand_6__s1,269,1,201
square__C_rand_6__s1,270,1,291
square__C_rand_6__s1,271,0,500
square__C_rand_6__s1,272,0,500
square__C_rand_6__s1,273,1,289
square__C_rand_6__s1,274,0,500
square__C_rand_6__s1,275,0,500
square__C_rand_6__s1,276,1,494
square__C_rand_6__s1,277,0,500
square__C_rand_6__s1,278,1,250
square__C_rand_6__s1,279,0,500
square__C_rand_6__s1,280,1,175
square__C_rand_6__s1,281,0,500
square__C_rand_6__s1,282,1,232
square__C_rand_6__s1,283,0,500
square__C_rand_6__s1,284,1,197
square__C_rand_6__s1,285,1,217
square__C_rand_6__s1,286,0,500
square__C_rand_6__s1,287,1,319
square__C_rand_6__s1,288,1,333
square__C_rand_6__s1,289,0,500
square__C_rand_6__s1,290,1,238
square__C_rand_6__s1,291,1,243
square__C_rand_6__s1,292,0,500
square__C_rand_6__s1,293,1,266
square__C_rand_6__s1,294,1,191
square__C_rand_6__s1,295,1,213
square__C_rand_6__s1,296,0,500
square__C_rand_6__s1,297,1,222
square__C_rand_6__s1,298,1,292
square__C_rand_6__s1,299,1,212
square__C_rand_6__s1,300,0,500
square__C_rand_6__s1,301,1,233
square__C_rand_6__s1,302,1,288
square__C_rand_6__s1,303,1,247
square__C_rand_6__s1,304,1,277
square__C_rand_6__s1,305,0,500
square__C_rand_6__s1,306,0,500
square__C_rand_6__s1,307,1,400
square__C_rand_6__s1,308,1,241
square__C_rand_6__s1,309,0,500
square__C_rand_6__s1,310,0,500
square__C_rand_6__s1,311,0,500
square__C_rand_6__s1,312,1,179
square__C_rand_6__s1,313,0,500
square__C_rand_6__s1,314,1,170
square__C_rand_6__s1,315,1,350
square__C_rand_6__s1,316,1,186
square__C_rand_6__s1,317,0,500
square__C_rand_6__s1,318,1,338
square__C_rand_6__s1,319,1,189
square__C_rand_6__s1,320,1,175
square__C_rand_6__s1,321,1,361
square__C_rand_6__s1,322,1,214
square__C_rand_6__s1,323,1,334
square__C_rand_6__s1,324,0,500
square__C_rand_6__s1,325,1,235
square__C_rand_6__s1,326,0,500
square__C_rand_6__s1,327,1,208
square__C_rand_6__s1,328,1,295
square__C_rand_6__s1,329,0,500
square__C_rand_6__s1,330,0,500
square__C_rand_6__s1,331,0,500
square__C_rand_6__s1,332,0,500
square__C_rand_6__s1,333,1,295
square__C_rand_6__s1,334,1,189
square__C_rand_6__s1,335,1,320
square__C_rand_6__s1,336,0,500
square__C_rand_6__s1,337,1,198
square__C_rand_6__s1,338,1,298
square__C_rand_6__s1,339,1,212
square__C_rand_6__s1,340,0,500
square__C_rand_6__s1,341,1,301
square__C_rand_6__s1,342,1,248
square__C_rand_6__s1,343,1,199
square__C_rand_6__s1,344,1,157
square__C_rand_6__s1,345,0,500
square__C_rand_6__s1,346,1,170
square__C_rand_6__s1,347,1,165
square__C_rand_6__s1,348,1,218
square__C_rand_6__s1,349,1,310
square__C_rand_6__s1,350,0,500
square__C_rand_6__s1,351,0,500
square__C_rand_6__s1,352,1,291
square__C_rand_6__s1,353,1,364
square__C_rand_6__s1,354,0,500
square__C_rand_6__s1,355,1,270
square__C_rand_6__s1,356,0,500
square__C_rand_6__s1,357,1,212
square__C_rand_6__s1,358,1,234
square__C_rand_6__s1,359,1,432
square__C_rand_6__s1,360,1,199
square__C_rand_6__s1,361,1,330
square__C_rand_6__s1,362,0,500
square__C_rand_6__s1,363,0,500
square__C_rand_6__s1,364,1,230
square__C_rand_6__s1,365,1,426
square__C_rand_6__s1,366,1,180
square__C_rand_6__s1,367,1,147
square__C_rand_6__s1,368,0,500
square__C_rand_6__s1,369,0,500
square__C_rand_6__s1,370,0,500
square__C_rand_6__s1,371,0,500
square__C_rand_6__s1,372,1,412
square__C_rand_6__s1,373,1,209
square__C_rand_6__s1,374,1,225
square__C_rand_6__s1,375,1,188
square__C_rand_6__s1,376,1,231
square__C_rand_6__s1,377,1,269
square__C_rand_6__s1,378,1,172
square__C_rand_6__s1,379,1,249
square__C_rand_6__s1,380,1,241
square__C_rand_6__s1,381,1,189
square__C_rand_6__s1,382,1,179
square__C_rand_6__s1,383,0,500
square__C_rand_6__s1,384,0,500
square__C_rand_6__s1,385,1,261
square__C_rand_6__s1,386,1,223
square__C_rand_6__s1,387,1,180
square__C_rand_6__s1,388,1,332
square__C_rand_6__s1,389,1,269
square__C_rand_6__s1,390,1,364
square__C_rand_6__s1,391,1,180
square__C_rand_6__s1,392,1,220
square__C_rand_6__s1,393,1,331
square__C_rand_6__s1,394,1,293
square__C_rand_6__s1,395,0,500
square__C_rand_6__s1,396,1,201
square__C_rand_6__s1,397,0,500
square__C_rand_6__s1,398,0,500
square__C_rand_6__s1,399,1,227
square__C_rand_6__s1,400,1,234
square__C_rand_6__s1,401,0,500
square__C_rand_6__s1,402,1,269
square__C_rand_6__s1,403,0,500
square__C_rand_6__s1,404,1,139
square__C_rand_6__s1,405,1,224
square__C_rand_6__s1,406,1,360
square__C_rand_6__s1,407,1,240
square__C_rand_6__s1,408,1,233
square__C_rand_6__s1,409,1,220
square__C_rand_6__s1,410,0,500
square__C_rand_6__s1,411,0,500
square__C_rand_6__s1,412,1,241
square__C_rand_6__s1,413,0,500
square__C_rand_6__s1,414,1,211
square__C_rand_6__s1,415,1,214
square__C_rand_6__s1,416,1,230
square__C_rand_6__s1,417,1,248
square__C_rand_6__s1,418,1,299
square__C_rand_6__s1,419,0,500
square__C_rand_6__s1,420,0,500
square__C_rand_6__s1,421,1,470
square__C_rand_6__s1,422,1,373
square__C_rand_6__s1,423,0,500
square__C_rand_6__s1,424,0,500
square__C_rand_6__s1,425,0,500
square__C_rand_6__s1,426,1,261
square__C_rand_6__s1,427,1,188
square__C_rand_6__s1,428,1,241
square__C_rand_6__s1,429,1,273
square__C_rand_6__s1,430,0,500
square__C_rand_6__s1,431,0,500
square__C_rand_6__s1,432,1,248
square__C_rand_6__s1,433,1,239
square__C_rand_6__s1,434,1,243
square__C_rand_6__s1,435,1,170
square__C_rand_6__s1,436,1,344
square__C_rand_6__s1,437,1,259
square__C_rand_6__s1,438,0,500
square__C_rand_6__s1,439,1,198
square__C_rand_6__s1,440,1,189
square__C_rand_6__s1,441,1,242
square__C_rand_6__s1,442,1,330
square__C_rand_6__s1,443,1,342
square__C_rand_6__s1,444,1,244
square__C_rand_6__s1,445,1,232
square__C_rand_6__s1,446,1,470
square__C_rand_6__s1,447,1,270
square__C_rand_6__s1,448,0,500
square__C_rand_6__s1,449,1,466
square__C_rand_6__s1,450,1,217
square__C_rand_6__s1,451,1,256
square__C_rand_6__s1,452,1,184
square__C_rand_6__s1,453,1,230
square__C_rand_6__s1,454,1,256
square__C_rand_6__s1,455,0,500
square__C_rand_6__s1,456,1,259
square__C_rand_6__s1,457,1,285
square__C_rand_6__s1,458,0,500
square__C_rand_6__s1,459,1,211
square__C_rand_6__s1,460,1,197
square__C_rand_6__s1,461,0,500
square__C_rand_6__s1,462,0,500
square__C_rand_6__s1,463,0,500
square__C_rand_6__s1,464,0,500
square__C_rand_6__s1,465,1,221
square__C_rand_6__s1,466,1,181
square__C_rand_6__s1,467,0,500
square__C_rand_6__s1,468,1,250
square__C_rand_6__s1,469,1,246
square__C_rand_6__s1,470,1,250
square__C_rand_6__s1,471,0,500
square__C_rand_6__s1,472,1,321
square__C_rand_6__s1,473,0,500
square__C_rand_6__s1,474,1,253
square__C_rand_6__s1,475,1,254
square__C_rand_6__s1,476,1,338
square__C_rand_6__s1,477,1,174
square__C_rand_6__s1,478,0,500
square__C_rand_6__s1,479,1,158
square__C_rand_6__s1,480,0,500
square__C_rand_6__s1,481,1,276
square__C_rand_6__s1,482,0,500
square__C_rand_6__s1,483,0,500
square__C_rand_6__s1,484,0,500
square__C_rand_6__s1,485,1,290
square__C_rand_6__s1,486,1,179
square__C_rand_6__s1,487,0,500
square__C_rand_6__s1,488,0,500
square__C_rand_6__s1,489,1,353
square__C_rand_6__s1,490,0,500
square__C_rand_6__s1,491,0,500
square__C_rand_6__s1,492,1,247
square__C_rand_6__s1,493,1,329
square__C_rand_6__s1,494,0,500
square__C_rand_6__s1,495,1,269
square__C_rand_6__s1,496,1,178
square__C_rand_6__s1,497,0,500
square__C_rand_6__s1,498,0,500
square__C_rand_6__s1,499,1,339
square__C_rand_6__s2,0,0,500
square__C_rand_6__s2,1,0,500
square__C_rand_6__s2,2,0,500
square__C_rand_6__s2,3,1,274
square__C_rand_6__s2,4,0,500
square__C_rand_6__s2,5,0,500
square__C_rand_6__s2,6,1,172
square__C_rand_6__s2,7,1,389
square__C_rand_6__s2,8,0,500
square__C_rand_6__s2,9,0,500
square__C_rand_6__s2,10,0,500
square__C_rand_6__s2,11,0,500
square__C_rand_6__s2,12,0,500
square__C_rand_6__s2,13,0,500
square__C_rand_6__s2,14,0,500
square__C_rand_6__s2,15,1,416
square__C_rand_6__s2,16,1,452
square__C_rand_6__s2,17,1,172
square__C_rand_6__s2,18,0,500
square__C_rand_6__s2,19,1,200
square__C_rand_6__s2,20,1,408
square__C_rand_6__s2,21,1,255
square__C_rand_6__s2,22,1,202
square__C_rand_6__s2,23,1,284
square__C_rand_6__s2,24,0,500
square__C_rand_6__s2,25,1,182
square__C_rand_6__s2,26,1,199
square__C_rand_6__s2,27,0,500
square__C_rand_6__s2,28,1,202
square__C_rand_6__s2,29,1,165
square__C_rand_6__s2,30,1,469
square__C_rand_6__s2,31,1,267
square__C_rand_6__s2,32,0,500
square__C_rand_6__s2,33,1,198
square__C_rand_6__s2,34,1,176
square__C_rand_6__s2,35,1,239
square__C_rand_6__s2,36,1,216
square__C_rand_6__s2,37,1,278
square__C_rand_6__s2,38,0,500
square__C_rand_6__s2,39,0,500
square__C_rand_6__s2,40,0,500
square__C_rand_6__s2,41,1,170
square__C_rand_6__s2,42,1,421
square__C_rand_6__s2,43,1,359
square__C_rand_6__s2,44,1,179
square__C_rand_6__s2,45,1,212
square__C_rand_6__s2,46,0,500
square__C_rand_6__s2,47,1,266
square__C_rand_6__s2,48,1,373
square__C_rand_6__s2,49,0,500
square__C_rand_6__s2,50,1,242
square__C_rand_6__s2,51,0,500
square__C_rand_6__s2,52,1,188
square__C_rand_6__s2,53,1,226
square__C_rand_6__s2,54,0,500
square__C_rand_6__s2,55,0,500
square__C_rand_6__s2,56,0,500
square__C_rand_6__s2,57,1,287
square__C_rand_6__s2,58,1,282
square__C_rand_6__s2,59,1,188
square__C_rand_6__s2,60,1,237
square__C_rand_6__s2,61,1,169
square__C_rand_6__s2,62,0,500
square__C_rand_6__s2,63,0,500
square__C_rand_6__s2,64,1,240
square__C_rand_6__s2,65,1,270
square__C_rand_6__s2,66,1,466
square__C_rand_6__s2,67,1,221
square__C_rand_6__s2,68,1,192
square__C_rand_6__s2,69,1,300
square__C_rand_6__s2,70,1,428
square__C_rand_6__s2,71,1,394
square__C_rand_6__s2,72,1,203
square__C_rand_6__s2,73,1,201
square__C_rand_6__s2,74,1,219
square__C_rand_6__s2,75,1,180
square__C_rand_6__s2,76,1,451
square__C_rand_6__s2,77,1,339
square__C_rand_6__s2,78,1,172
square__C_rand_6__s2,79,1,299
square__C_rand_6__s2,80,1,182
square__C_rand_6__s2,81,0,500
square__C_rand_6__s2,82,0,500
square__C_rand_6__s2,83,1,217
square__C_rand_6__s2,84,1,181
square__C_rand_6__s2,85,1,214
square__C_rand_6__s2,86,0,500
square__C_rand_6__s2,87,1,220
square__C_rand_6__s2,88,0,500
square__C_rand_6__s2,89,1,199
square__C_rand_6__s2,90,1,187
square__C_rand_6__s2,91,0,500
square__C_rand_6__s2,92,1,439
square__C_rand_6__s2,93,1,160
square__C_rand_6__s2,94,0,500
square__C_rand_6__s2,95,1,440
square__C_rand_6__s2,96,1,300
square__C_rand_6__s2,97,1,243
square__C_rand_6__s2,98,1,189
square__C_rand_6__s2,99,1,169
square__C_rand_6__s2,100,1,199
square__C_rand_6__s2,101,1,247
square__C_rand_6__s2,102,1,196
square__C_rand_6__s2,103,1,209
square__C_rand_6__s2,104,1,161
square__C_rand_6__s2,105,0,500
square__C_rand_6__s2,106,1,223
square__C_rand_6__s2,107,1,359
square__C_rand_6__s2,108,1,161
square__C_rand_6__s2,109,0,500
square__C_rand_6__s2,110,1,157
square__C_rand_6__s2,111,1,221
square__C_rand_6__s2,112,1,219
square__C_rand_6__s2,113,1,206
square__C_rand_6__s2,114,1,233
square__C_rand_6__s2,115,1,226
square__C_rand_6__s2,116,1,157
square__C_rand_6__s2,117,1,189
square__C_rand_6__s2,118,1,148
square__C_rand_6__s2,119,0,500
square__C_rand_6__s2,120,1,329
square__C_rand_6__s2,121,0,500
square__C_rand_6__s2,122,0,500
square__C_rand_6__s2,123,0,500
square__C_rand_6__s2,124,0,500
square__C_rand_6__s2,125,1,211
square__C_rand_6__s2,126,1,180
square__C_rand_6__s2,127,0,500
square__C_rand_6__s2,128,1,201
square__C_rand_6__s2,129,1,211
square__C_rand_6__s2,130,0,500
square__C_rand_6__s2,131,0,500
square__C_rand_6__s2,132,1,200
square__C_rand_6__s2,133,1,206
square__C_rand_6__s2,134,1,191
square__C_rand_6__s2,135,0,500
square__C_rand_6__s2,136,1,432
square__C_rand_6__s2,137,1,170
square__C_rand_6__s2,138,1,150
square__C_rand_6__s2,139,0,500
square__C_rand_6__s2,140,0,500
square__C_rand_6__s2,141,1,237
square__C_rand_6__s2,142,1,378
square__C_rand_6__s2,143,0,500
square__C_rand_6__s2,144,0,500
square__C_rand_6__s2,145,1,201
square__C_rand_6__s2,146,1,169
square__C_rand_6__s2,147,0,500
square__C_rand_6__s2,148,0,500
square__C_rand_6__s2,149,1,192
square__C_rand_6__s2,150,0,500
square__C_rand_6__s2,151,1,197
square__C_rand_6__s2,152,1,178
square__C_rand_6__s2,153,0,500
square__C_rand_6__s2,154,1,159
square__C_rand_6__s2,155,0,500
square__C_rand_6__s2,156,0,500
square__C_rand_6__s2,157,1,205
square__C_rand_6__s2,158,1,192
square__C_rand_6__s2,159,1,313
square__C_rand_6__s2,160,1,151
square__C_rand_6__s2,161,1,321
square__C_rand_6__s2,162,1,217
square__C_rand_6__s2,163,1,228
square__C_rand_6__s2,164,0,500
square__C_rand_6__s2,165,1,235
square__C_rand_6__s2,166,0,500
square__C_rand_6__s2,167,1,250
square__C_rand_6__s2,168,1,467
square__C_rand_6__s2,169,1,181
square__C_rand_6__s2,170,1,202
square__C_rand_6__s2,171,0,500
square__C_rand_6__s2,172,0,500
square__C_rand_6__s2,173,1,302
square__C_rand_6__s2,174,1,180
square__C_rand_6__s2,175,0,500
square__C_rand_6__s2,176,1,205
square__C_rand_6__s2,177,1,226
square__C_rand_6__s2,178,1,179
square__C_rand_6__s2,179,1,300
square__C_rand_6__s2,180,0,500
square__C_rand_6__s2,181,1,241
square__C_rand_6__s2,182,0,500
square__C_rand_6__s2,183,1,221
square__C_rand_6__s2,184,1,295
square__C_rand_6__s2,185,1,262
square__C_rand_6__s2,186,0,500
square__C_rand_6__s2,187,1,239
square__C_rand_6__s2,188,1,419
square__C_rand_6__s2,189,0,500
square__C_rand_6__s2,190,1,168
square__C_rand_6__s2,191,1,389
square__C_rand_6__s2,192,0,500
square__C_rand_6__s2,193,0,500
square__C_rand_6__s2,194,1,449
square__C_rand_6__s2,195,1,225
square__C_rand_6__s2,196,1,191
square__C_rand_6__s2,197,1,314
square__C_rand_6__s2,198,0,500
square__C_rand_6__s2,199,0,500
square__C_rand_6__s2,200,1,249
square__C_rand_6__s2,201,0,500
square__C_rand_6__s2,202,1,308
square__C_rand_6__s2,203,1,227
square__C_rand_6__s2,204,1,199
square__C_rand_6__s2,205,0,500
square__C_rand_6__s2,206,1,190
square__C_rand_6__s2,207,1,250
square__C_rand_6__s2,208,0,500
square__C_rand_6__s2,209,1,310
square__C_rand_6__s2,210,0,500
square__C_rand_6__s2,211,1,212
square__C_rand_6__s2,212,1,178
square__C_rand_6__s2,213,0,500
square__C_rand_6__s2,214,1,381
square__C_rand_6__s2,215,0,500
square__C_rand_6__s2,216,1,229
square__C_rand_6__s2,217,1,210
square__C_rand_6__s2,218,0,500
square__C_rand_6__s2,219,0,500
square__C_rand_6__s2,220,1,370
square__C_rand_6__s2,221,1,169
square__C_rand_6__s2,222,1,148
square__C_rand_6__s2,223,1,180
square__C_rand_6__s2,224,1,327
square__C_rand_6__s2,225,1,279
square__C_rand_6__s2,226,0,500
square__C_rand_6__s2,227,1,197
square__C_rand_6__s2,228,1,161
square__C_rand_6__s2,229,0,500
square__C_rand_6__s2,230,1,209
square__C_rand_6__s2,231,1,349
square__C_rand_6__s2,232,1,318
square__C_rand_6__s2,233,1,240
square__C_rand_6__s2,234,0,500
square__C_rand_6__s2,235,1,282
square__C_rand_6__s2,236,1,193
square__C_rand_6__s2,237,0,500
square__C_rand_6__s2,238,0,500
square__C_rand_6__s2,239,1,451
square__C_rand_6__s2,240,1,199
square__C_rand_6__s2,241,1,486
square__C_rand_6__s2,242,1,187
square__C_rand_6__s2,243,1,269
square__C_rand_6__s2,244,1,191
square__C_rand_6__s2,245,1,207
square__C_rand_6__s2,246,1,149
square__C_rand_6__s2,247,1,221
square__C_rand_6__s2,248,1,179
square__C_rand_6__s2,249,1,208
square__C_rand_6__s2,250,1,170
square__C_rand_6__s2,251,0,500
square__C_rand_6__s2,252,1,188
square__C_rand_6__s2,253,0,500
square__C_rand_6__s2,254,1,220
square__C_rand_6__s2,255,1,199
square__C_rand_6__s2,256,1,161
square__C_rand_6__s2,257,1,477
square__C_rand_6__s2,258,1,209
square__C_rand_6__s2,259,1,351
square__C_rand_6__s2,260,0,500
square__C_rand_6__s2,261,1,209
square__C_rand_6__s2,262,1,182
square__C_rand_6__s2,263,1,321
square__C_rand_6__s2,264,1,239
square__C_rand_6__s2,265,0,500
square__C_rand_6__s2,266,0,500
square__C_rand_6__s2,267,1,330
square__C_rand_6__s2,268,0,500
square__C_rand_6__s2,269,1,202
square__C_rand_6__s2,270,1,270
square__C_rand_6__s2,271,0,500
square__C_rand_6__s2,272,1,208
square__C_rand_6__s2,273,1,231
square__C_rand_6__s2,274,0,500
square__C_rand_6__s2,275,1,187
square__C_rand_6__s2,276,0,500
square__C_rand_6__s2,277,1,273
square__C_rand_6__s2,278,1,228
square__C_rand_6__s2,279,0,500
square__C_rand_6__s2,280,1,190
square__C_rand_6__s2,281,1,269
square__C_rand_6__s2,282,1,290
square__C_rand_6__s2,283,0,500
square__C_rand_6__s2,284,0,500
square__C_rand_6__s2,285,1,275
square__C_rand_6__s2,286,0,500
square__C_rand_6__s2,287,1,228
square__C_rand_6__s2,288,1,435
square__C_rand_6__s2,289,1,292
square__C_rand_6__s2,290,1,242
square__C_rand_6__s2,291,1,350
square__C_rand_6__s2,292,1,192
square__C_rand_6__s2,293,0,500
square__C_rand_6__s2,294,1,252
square__C_rand_6__s2,295,1,154
square__C_rand_6__s2,296,1,370
square__C_rand_6__s2,297,1,222
square__C_rand_6__s2,298,1,242
square__C_rand_6__s2,299,1,211
square__C_rand_6__s2,300,1,200
square__C_rand_6__s2,301,1,252
square__C_rand_6__s2,302,1,270
square__C_rand_6__s2,303,0,500
square__C_rand_6__s2,304,0,500
square__C_rand_6__s2,305,0,500
square__C_rand_6__s2,306,1,163
square__C_rand_6__s2,307,0,500
square__C_rand_6__s2,308,1,199
square__C_rand_6__s2,309,1,343
square__C_rand_6__s2,310,0,500
square__C_rand_6__s2,311,1,314
square__C_rand_6__s2,312,1,192
square__C_rand_6__s2,313,1,176
square__C_rand_6__s2,314,1,217
square__C_rand_6__s2,315,0,500
square__C_rand_6__s2,316,1,160
square__C_rand_6__s2,317,1,293
square__C_rand_6__s2,318,0,500
square__C_rand_6__s2,319,1,198
square__C_rand_6__s2,320,1,222
square__C_rand_6__s2,321,1,194
square__C_rand_6__s2,322,0,500
square__C_rand_6__s2,323,1,303
square__C_rand_6__s2,324,0,500
square__C_rand_6__s2,325,1,149
square__C_rand_6__s2,326,1,280
square__C_rand_6__s2,327,0,500
square__C_rand_6__s2,328,0,500
square__C_rand_6__s2,329,0,500
square__C_rand_6__s2,330,0,500
square__C_rand_6__s2,331,0,500
square__C_rand_6__s2,332,0,500
square__C_rand_6__s2,333,1,288
square__C_rand_6__s2,334,0,500
square__C_rand_6__s2,335,1,494
square__C_rand_6__s2,336,0,500
square__C_rand_6__s2,337,1,202
square__C_rand_6__s2,338,1,198
square__C_rand_6__s2,339,1,169
square__C_rand_6__s2,340,1,319
square__C_rand_6__s2,341,1,202
square__C_rand_6__s2,342,1,292
square__C_rand_6__s2,343,1,300
square__C_rand_6__s2,344,1,159
square__C_rand_6__s2,345,1,232
square__C_rand_6__s2,346,1,220
square__C_rand_6__s2,347,0,500
square__C_rand_6__s2,348,0,500
square__C_rand_6__s2,349,1,335
square__C_rand_6__s2,350,1,299
square__C_rand_6__s2,351,1,178
square__C_rand_6__s2,352,0,500
square__C_rand_6__s2,353,1,292
square__C_rand_6__s2,354,0,500
square__C_rand_6__s2,355,1,235
square__C_rand_6__s2,356,1,185
square__C_rand_6__s2,357,1,302
square__C_rand_6__s2,358,1,293
square__C_rand_6__s2,359,1,323
square__C_rand_6__s2,360,1,192
square__C_rand_6__s2,361,1,282
square__C_rand_6__s2,362,0,500
square__C_rand_6__s2,363,1,231
square__C_rand_6__s2,364,1,171
square__C_rand_6__s2,365,1,181
square__C_rand_6__s2,366,0,500
square__C_rand_6__s2,367,1,151
square__C_rand_6__s2,368,0,500
square__C_rand_6__s2,369,1,183
square__C_rand_6__s2,370,0,500
square__C_rand_6__s2,371,0,500
square__C_rand_6__s2,372,0,500
square__C_rand_6__s2,373,1,190
square__C_rand_6__s2,374,0,500
square__C_rand_6__s2,375,1,250
square__C_rand_6__s2,376,0,500
square__C_rand_6__s2,377,0,500
square__C_rand_6__s2,378,1,155
square__C_rand_6__s2,379,1,181
square__C_rand_6__s2,380,0,500
square__C_rand_6__s2,381,1,194
square__C_rand_6__s2,382,1,189
square__C_rand_6__s2,383,0,500
square__C_rand_6__s2,384,1,302
square__C_rand_6__s2,385,0,500
square__C_rand_6__s2,386,1,255
square__C_rand_6__s2,387,1,140
square__C_rand_6__s2,388,1,291
square__C_rand_6__s2,389,1,229
square__C_rand_6__s2,390,1,177
square__C_rand_6__s2,391,1,182
square__C_rand_6__s2,392,1,152
square__C_rand_6__s2,393,1,240
square__C_rand_6__s2,394,1,161
square__C_rand_6__s2,395,1,265
square__C_rand_6__s2,396,1,242
square__C_rand_6__s2,397,1,181
square__C_rand_6__s2,398,1,217
square__C_rand_6__s2,399,1,271
square__C_rand_6__s2,400,1,180
square__C_rand_6__s2,401,1,361
square__C_rand_6__s2,402,1,227
square__C_rand_6__s2,403,0,500
square__C_rand_6__s2,404,1,370
square__C_rand_6__s2,405,1,189
square__C_rand_6__s2,406,1,300
square__C_rand_6__s2,407,1,200
square__C_rand_6__s2,408,0,500
square__C_rand_6__s2,409,1,172
square__C_rand_6__s2,410,0,500
square__C_rand_6__s2,411,0,500
square__C_rand_6__s2,412,1,261
square__C_rand_6__s2,413,0,500
square__C_rand_6__s2,414,1,171
square__C_rand_6__s2,415,1,219
square__C_rand_6__s2,416,1,182
square__C_rand_6__s2,417,1,342
square__C_rand_6__s2,418,1,249
square__C_rand_6__s2,419,1,277
square__C_rand_6__s2,420,0,500
square__C_rand_6__s2,421,1,278
square__C_rand_6__s2,422,1,182
square__C_rand_6__s2,423,0,500
square__C_rand_6__s2,424,0,500
square__C_rand_6__s2,425,1,179
square__C_rand_6__s2,426,1,183
square__C_rand_6__s2,427,0,500
square__C_rand_6__s2,428,0,500
square__C_rand_6__s2,429,1,372
square__C_rand_6__s2,430,1,216
square__C_rand_6__s2,431,1,217
square__C_rand_6__s2,432,1,212
square__C_rand_6__s2,433,0,500
square__C_rand_6__s2,434,0,500
square__C_rand_6__s2,435,1,170
square__C_rand_6__s2,436,1,382
square__C_rand_6__s2,437,1,219
square__C_rand_6__s2,438,0,500
square__C_rand_6__s2,439,1,149
square__C_rand_6__s2,440,0,500
square__C_rand_6__s2,441,1,178
square__C_rand_6__s2,442,0,500
square__C_rand_6__s2,443,0,500
square__C_rand_6__s2,444,1,356
square__C_rand_6__s2,445,1,253
square__C_rand_6__s2,446,0,500
square__C_rand_6__s2,447,1,482
square__C_rand_6__s2,448,0,500
square__C_rand_6__s2,449,1,151
square__C_rand_6__s2,450,1,176
square__C_rand_6__s2,451,1,187
square__C_rand_6__s2,452,1,157
square__C_rand_6__s2,453,1,229
square__C_rand_6__s2,454,1,242
square__C_rand_6__s2,455,1,330
square__C_rand_6__s2,456,0,500
square__C_rand_6__s2,457,1,271
square__C_rand_6__s2,458,0,500
square__C_rand_6__s2,459,1,193
square__C_rand_6__s2,460,1,179
square__C_rand_6__s2,461,1,182
square__C_rand_6__s2,462,1,191
square__C_rand_6__s2,463,0,500
square__C_rand_6__s2,464,1,258
square__C_rand_6__s2,465,1,199
square__C_rand_6__s2,466,1,368
square__C_rand_6__s2,467,0,500
square__C_rand_6__s2,468,0,500
square__C_rand_6__s2,469,1,239
square__C_rand_6__s2,470,1,180
square__C_rand_6__s2,471,0,500
square__C_rand_6__s2,472,0,500
square__C_rand_6__s2,473,0,500
square__C_rand_6__s2,474,1,181
square__C_rand_6__s2,475,1,209
square__C_rand_6__s2,476,1,202
square__C_rand_6__s2,477,1,383
square__C_rand_6__s2,478,0,500
square__C_rand_6__s2,479,1,170
square__C_rand_6__s2,480,0,500
square__C_rand_6__s2,481,1,197
square__C_rand_6__s2,482,1,267
square__C_rand_6__s2,483,1,169
square__C_rand_6__s2,484,0,500
square__C_rand_6__s2,485,1,151
square__C_rand_6__s2,486,1,172
square__C_rand_6__s2,487,1,328
square__C_rand_6__s2,488,1,225
square__C_rand_6__s2,489,0,500
square__C_rand_6__s2,490,1,419
square__C_rand_6__s2,491,1,239
square__C_rand_6__s2,492,1,284
square__C_rand_6__s2,493,1,363
square__C_rand_6__s2,494,0,500
square__C_rand_6__s2,495,1,179
square__C_rand_6__s2,496,1,307
square__C_rand_6__s2,497,1,200
square__C_rand_6__s2,498,1,187
square__C_rand_6__s2,499,1,269
square__C_rand_6__s3,0,0,500
square__C_rand_6__s3,1,1,240
square__C_rand_6__s3,2,0,500
square__C_rand_6__s3,3,1,191
square__C_rand_6__s3,4,1,432
square__C_rand_6__s3,5,0,500
square__C_rand_6__s3,6,0,500
square__C_rand_6__s3,7,1,227
square__C_rand_6__s3,8,0,500
square__C_rand_6__s3,9,0,500
square__C_rand_6__s3,10,0,500
square__C_rand_6__s3,11,1,198
square__C_rand_6__s3,12,1,430
square__C_rand_6__s3,13,1,279
square__C_rand_6__s3,14,1,168
square__C_rand_6__s3,15,1,194
square__C_rand_6__s3,16,0,500
square__C_rand_6__s3,17,0,500
square__C_rand_6__s3,18,1,197
square__C_rand_6__s3,19,1,251
square__C_rand_6__s3,20,0,500
square__C_rand_6__s3,21,0,500
square__C_rand_6__s3,22,1,189
square__C_rand_6__s3,23,1,201
square__C_rand_6__s3,24,1,424
square__C_rand_6__s3,25,1,213
square__C_rand_6__s3,26,1,188
square__C_rand_6__s3,27,0,500
square__C_rand_6__s3,28,1,350
square__C_rand_6__s3,29,1,233
square__C_rand_6__s3,30,1,213
square__C_rand_6__s3,31,1,198
square__C_rand_6__s3,32,1,168
square__C_rand_6__s3,33,0,500
square__C_rand_6__s3,34,1,189
square__C_rand_6__s3,35,0,500
square__C_rand_6__s3,36,1,201
square__C_rand_6__s3,37,1,217
square__C_rand_6__s3,38,1,262
square__C_rand_6__s3,39,1,297
square__C_rand_6__s3,40,0,500
square__C_rand_6__s3,41,0,500
square__C_rand_6__s3,42,1,226
square__C_rand_6__s3,43,0,500
square__C_rand_6__s3,44,0,500
square__C_rand_6__s3,45,1,206
square__C_rand_6__s3,46,1,219
square__C_rand_6__s3,47,0,500
square__C_rand_6__s3,48,1,253
square__C_rand_6__s3,49,1,195
square__C_rand_6__s3,50,1,453
square__C_rand_6__s3,51,1,230
square__C_rand_6__s3,52,1,470
square__C_rand_6__s3,53,0,500
square__C_rand_6__s3,54,1,220
square__C_rand_6__s3,55,0,500
square__C_rand_6__s3,56,1,178
square__C_rand_6__s3,57,1,211
square__C_rand_6__s3,58,1,217
square__C_rand_6__s3,59,1,210
square__C_rand_6__s3,60,0,500
square__C_rand_6__s3,61,1,331
square__C_rand_6__s3,62,0,500
square__C_rand_6__s3,63,0,500
square__C_rand_6__s3,64,0,500
square__C_rand_6__s3,65,1,295
square__C_rand_6__s3,66,1,162
square__C_rand_6__s3,67,1,317
square__C_rand_6__s3,68,0,500
square__C_rand_6__s3,69,1,198
square__C_rand_6__s3,70,0,500
square__C_rand_6__s3,71,0,500
square__C_rand_6__s3,72,0,500
square__C_rand_6__s3,73,1,150
square__C_rand_6__s3,74,0,500
square__C_rand_6__s3,75,1,149
square__C_rand_6__s3,76,1,229
square__C_rand_6__s3,77,1,302
square__C_rand_6__s3,78,1,161
square__C_rand_6__s3,79,1,400
square__C_rand_6__s3,80,1,162
square__C_rand_6__s3,81,0,500
square__C_rand_6__s3,82,1,236
square__C_rand_6__s3,83,0,500
square__C_rand_6__s3,84,1,348
square__C_rand_6__s3,85,1,207
square__C_rand_6__s3,86,0,500
square__C_rand_6__s3,87,0,500
square__C_rand_6__s3,88,0,500
square__C_rand_6__s3,89,0,500
square__C_rand_6__s3,90,1,215
square__C_rand_6__s3,91,0,500
square__C_rand_6__s3,92,1,250
square__C_rand_6__s3,93,1,257
square__C_rand_6__s3,94,1,168
square__C_rand_6__s3,95,0,500
square__C_rand_6__s3,96,1,309
square__C_rand_6__s3,97,1,171
square__C_rand_6__s3,98,0,500
square__C_rand_6__s3,99,0,500
square__C_rand_6__s3,100,1,360
square__C_rand_6__s3,101,1,432
square__C_rand_6__s3,102,0,500
square__C_rand_6__s3,103,0,500
square__C_rand_6__s3,104,0,500
square__C_rand_6__s3,105,0,500
square__C_rand_6__s3,106,0,500
square__C_rand_6__s3,107,1,322
square__C_rand_6__s3,108,1,179
square__C_rand_6__s3,109,0,500
square__C_rand_6__s3,110,1,223
square__C_rand_6__s3,111,1,220
square__C_rand_6__s3,112,1,196
square__C_rand_6__s3,113,1,149
square__C_rand_6__s3,114,0,500
square__C_rand_6__s3,115,1,391
square__C_rand_6__s3,116,1,187
square__C_rand_6__s3,117,1,188
square__C_rand_6__s3,118,1,231
square__C_rand_6__s3,119,0,500
square__C_rand_6__s3,120,0,500
square__C_rand_6__s3,121,1,176
square__C_rand_6__s3,122,0,500
square__C_rand_6__s3,123,1,169
square__C_rand_6__s3,124,1,352
square__C_rand_6__s3,125,0,500
square__C_rand_6__s3,126,0,500
square__C_rand_6__s3,127,1,193
square__C_rand_6__s3,128,1,340
square__C_rand_6__s3,129,0,500
square__C_rand_6__s3,130,0,500
square__C_rand_6__s3,131,1,183
square__C_rand_6__s3,132,1,341
square__C_rand_6__s3,133,0,500
square__C_rand_6__s3,134,1,204
square__C_rand_6__s3,135,0,500
square__C_rand_6__s3,136,0,500
square__C_rand_6__s3,137,1,251
square__C_rand_6__s3,138,1,220
square__C_rand_6__s3,139,1,215
square__C_rand_6__s3,140,0,500
square__C_rand_6__s3,141,0,500
square__C_rand_6__s3,142,1,167
square__C_rand_6__s3,143,0,500
square__C_rand_6__s3,144,1,151
square__C_rand_6__s3,145,1,269
square__C_rand_6__s3,146,1,305
square__C_rand_6__s3,147,0,500
square__C_rand_6__s3,148,0,500
square__C_rand_6__s3,149,1,190
square__C_rand_6__s3,150,1,177
square__C_rand_6__s3,151,1,242
square__C_rand_6__s3,152,1,161
square__C_rand_6__s3,153,1,173
square__C_rand_6__s3,154,1,169
square__C_rand_6__s3,155,0,500
square__C_rand_6__s3,156,1,331
square__C_rand_6__s3,157,1,223
square__C_rand_6__s3,158,0,500
square__C_rand_6__s3,159,0,500
square__C_rand_6__s3,160,1,199
square__C_rand_6__s3,161,1,199
square__C_rand_6__s3,162,1,229
square__C_rand_6__s3,163,0,500
square__C_rand_6__s3,164,1,238
square__C_rand_6__s3,165,1,159
square__C_rand_6__s3,166,0,500
square__C_rand_6__s3,167,1,264
square__C_rand_6__s3,168,0,500
square__C_rand_6__s3,169,1,205
square__C_rand_6__s3,170,1,288
square__C_rand_6__s3,171,0,500
square__C_rand_6__s3,172,0,500
square__C_rand_6__s3,173,0,500
square__C_rand_6__s3,174,0,500
square__C_rand_6__s3,175,1,332
square__C_rand_6__s3,176,0,500
square__C_rand_6__s3,177,0,500
square__C_rand_6__s3,178,1,177
square__C_rand_6__s3,179,1,228
square__C_rand_6__s3,180,0,500
square__C_rand_6__s3,181,1,280
square__C_rand_6__s3,182,0,500
square__C_rand_6__s3,183,1,249
square__C_rand_6__s3,184,1,176
square__C_rand_6__s3,185,1,179
square__C_rand_6__s3,186,0,500
square__C_rand_6__s3,187,1,288
square__C_rand_6__s3,188,1,452
square__C_rand_6__s3,189,0,500
square__C_rand_6__s3,190,1,162
square__C_rand_6__s3,191,0,500
square__C_rand_6__s3,192,1,187
square__C_rand_6__s3,193,1,190
square__C_rand_6__s3,194,1,260
square__C_rand_6__s3,195,0,500
square__C_rand_6__s3,196,1,160
square__C_rand_6__s3,197,0,500
square__C_rand_6__s3,198,1,260
square__C_rand_6__s3,199,0,500
square__C_rand_6__s3,200,0,500
square__C_rand_6__s3,201,0,500
square__C_rand_6__s3,202,0,500
square__C_rand_6__s3,203,1,329
square__C_rand_6__s3,204,1,349
square__C_rand_6__s3,205,0,500
square__C_rand_6__s3,206,0,500
square__C_rand_6__s3,207,1,249
square__C_rand_6__s3,208,0,500
square__C_rand_6__s3,209,0,500
square__C_rand_6__s3,210,1,182
square__C_rand_6__s3,211,0,500
square__C_rand_6__s3,212,0,500
square__C_rand_6__s3,213,1,402
square__C_rand_6__s3,214,1,362
square__C_rand_6__s3,215,1,197
square__C_rand_6__s3,216,0,500
square__C_rand_6__s3,217,1,222
square__C_rand_6__s3,218,1,270
square__C_rand_6__s3,219,0,500
square__C_rand_6__s3,220,0,500
square__C_rand_6__s3,221,1,197
square__C_rand_6__s3,222,0,500
square__C_rand_6__s3,223,1,147
square__C_rand_6__s3,224,0,500
square__C_rand_6__s3,225,1,442
square__C_rand_6__s3,226,0,500
square__C_rand_6__s3,227,0,500
square__C_rand_6__s3,228,1,237
square__C_rand_6__s3,229,1,219
square__C_rand_6__s3,230,1,412
square__C_rand_6__s3,231,1,292
square__C_rand_6__s3,232,0,500
square__C_rand_6__s3,233,0,500
square__C_rand_6__s3,234,1,231
square__C_rand_6__s3,235,1,329
square__C_rand_6__s3,236,0,500
square__C_rand_6__s3,237,1,224
square__C_rand_6__s3,238,1,224
square__C_rand_6__s3,239,1,142
square__C_rand_6__s3,240,1,349
square__C_rand_6__s3,241,0,500
square__C_rand_6__s3,242,1,264
square__C_rand_6__s3,243,1,351
square__C_rand_6__s3,244,1,409
square__C_rand_6__s3,245,0,500
square__C_rand_6__s3,246,1,159
square__C_rand_6__s3,247,1,188
square__C_rand_6__s3,248,1,192
square__C_rand_6__s3,249,1,201
square__C_rand_6__s3,250,0,500
square__C_rand_6__s3,251,1,212
square__C_rand_6__s3,252,1,325
square__C_rand_6__s3,253,1,488
square__C_rand_6__s3,254,1,372
square__C_rand_6__s3,255,0,500
square__C_rand_6__s3,256,1,161
square__C_rand_6__s3,257,0,500
square__C_rand_6__s3,258,0,500
square__C_rand_6__s3,259,0,500
square__C_rand_6__s3,260,0,500
square__C_rand_6__s3,261,0,500
square__C_rand_6__s3,262,1,248
square__C_rand_6__s3,263,0,500
square__C_rand_6__s3,264,1,158
square__C_rand_6__s3,265,0,500
square__C_rand_6__s3,266,1,202
square__C_rand_6__s3,267,0,500
square__C_rand_6__s3,268,0,500
square__C_rand_6__s3,269,1,189
square__C_rand_6__s3,270,1,312
square__C_rand_6__s3,271,1,252
square__C_rand_6__s3,272,0,500
square__C_rand_6__s3,273,1,308
square__C_rand_6__s3,274,1,451
square__C_rand_6__s3,275,1,177
square__C_rand_6__s3,276,1,220
square__C_rand_6__s3,277,0,500
square__C_rand_6__s3,278,1,217
square__C_rand_6__s3,279,0,500
square__C_rand_6__s3,280,1,198
square__C_rand_6__s3,281,1,226
square__C_rand_6__s3,282,1,406
square__C_rand_6__s3,283,0,500
square__C_rand_6__s3,284,0,500
square__C_rand_6__s3,285,1,405
square__C_rand_6__s3,286,0,500
square__C_rand_6__s3,287,1,231
square__C_rand_6__s3,288,1,199
square__C_rand_6__s3,289,0,500
square__C_rand_6__s3,290,1,279
square__C_rand_6__s3,291,0,500
square__C_rand_6__s3,292,1,478
square__C_rand_6__s3,293,1,200
square__C_rand_6__s3,294,1,172
square__C_rand_6__s3,295,1,240
square__C_rand_6__s3,296,1,222
square__C_rand_6__s3,297,1,253
square__C_rand_6__s3,298,1,234
square__C_rand_6__s3,299,1,280
square__C_rand_6__s3,300,0,500
square__C_rand_6__s3,301,0,500
square__C_rand_6__s3,302,1,296
square__C_rand_6__s3,303,1,194
square__C_rand_6__s3,304,1,440
square__C_rand_6__s3,305,1,185
square__C_rand_6__s3,306,0,500
square__C_rand_6__s3,307,0,500
square__C_rand_6__s3,308,1,261
square__C_rand_6__s3,309,0,500
square__C_rand_6__s3,310,0,500
square__C_rand_6__s3,311,0,500
square__C_rand_6__s3,312,1,191
square__C_rand_6__s3,313,0,500
square__C_rand_6__s3,314,1,358
square__C_rand_6__s3,315,1,212
square__C_rand_6__s3,316,1,166
square__C_rand_6__s3,317,1,492
square__C_rand_6__s3,318,1,306
square__C_rand_6__s3,319,1,167
square__C_rand_6__s3,320,0,500
square__C_rand_6__s3,321,1,219
square__C_rand_6__s3,322,1,161
square__C_rand_6__s3,323,1,383
square__C_rand_6__s3,324,0,500
square__C_rand_6__s3,325,1,399
square__C_rand_6__s3,326,1,189
square__C_rand_6__s3,327,1,197
square__C_rand_6__s3,328,1,218
square__C_rand_6__s3,329,1,273
square__C_rand_6__s3,330,0,500
square__C_rand_6__s3,331,0,500
square__C_rand_6__s3,332,1,250
square__C_rand_6__s3,333,0,500
square__C_rand_6__s3,334,0,500
square__C_rand_6__s3,335,1,200
square__C_rand_6__s3,336,1,158
square__C_rand_6__s3,337,0,500
square__C_rand_6__s3,338,1,309
square__C_rand_6__s3,339,1,160
square__C_rand_6__s3,340,1,218
square__C_rand_6__s3,341,0,500
square__C_rand_6__s3,342,0,500
square__C_rand_6__s3,343,0,500
square__C_rand_6__s3,344,1,171
square__C_rand_6__s3,345,0,500
square__C_rand_6__s3,346,1,192
square__C_rand_6__s3,347,1,229
square__C_rand_6__s3,348,0,500
square__C_rand_6__s3,349,1,284
square__C_rand_6__s3,350,0,500
square__C_rand_6__s3,351,1,194
square__C_rand_6__s3,352,1,191
square__C_rand_6__s3,353,0,500
square__C_rand_6__s3,354,1,272
square__C_rand_6__s3,355,1,221
square__C_rand_6__s3,356,1,158
square__C_rand_6__s3,357,1,213
square__C_rand_6__s3,358,1,310
square__C_rand_6__s3,359,0,500
square__C_rand_6__s3,360,1,217
square__C_rand_6__s3,361,1,229
square__C_rand_6__s3,362,0,500
square__C_rand_6__s3,363,1,388
square__C_rand_6__s3,364,0,500
square__C_rand_6__s3,365,0,500
square__C_rand_6__s3,366,1,160
square__C_rand_6__s3,367,1,270
square__C_rand_6__s3,368,1,171
square__C_rand_6__s3,369,1,270
square__C_rand_6__s3,370,0,500
square__C_rand_6__s3,371,0,500
square__C_rand_6__s3,372,1,188
square__C_rand_6__s3,373,1,230
square__C_rand_6__s3,374,0,500
square__C_rand_6__s3,375,0,500
square__C_rand_6__s3,376,1,210
square__C_rand_6__s3,377,0,500
square__C_rand_6__s3,378,1,212
square__C_rand_6__s3,379,1,231
square__C_rand_6__s3,380,1,151
square__C_rand_6__s3,381,0,500
square__C_rand_6__s3,382,1,218
square__C_rand_6__s3,383,1,152
square__C_rand_6__s3,384,0,500
square__C_rand_6__s3,385,0,500
square__C_rand_6__s3,386,1,311
square__C_rand_6__s3,387,1,281
square__C_rand_6__s3,388,0,500
square__C_rand_6__s3,389,1,303
square__C_rand_6__s3,390,1,247
square__C_rand_6__s3,391,1,180
square__C_rand_6__s3,392,1,151
square__C_rand_6__s3,393,1,276
square__C_rand_6__s3,394,0,500
square__C_rand_6__s3,395,1,223
square__C_rand_6__s3,396,1,222
square__C_rand_6__s3,397,1,170
square__C_rand_6__s3,398,1,459
square__C_rand_6__s3,399,1,210
square__C_rand_6__s3,400,0,500
square__C_rand_6__s3,401,1,322
square__C_rand_6__s3,402,0,500
square__C_rand_6__s3,403,1,327
square__C_rand_6__s3,404,1,159
square__C_rand_6__s3,405,1,191
square__C_rand_6__s3,406,1,222
square__C_rand_6__s3,407,1,198
square__C_rand_6__s3,408,0,500
square__C_rand_6__s3,409,0,500
square__C_rand_6__s3,410,0,500
square__C_rand_6__s3,411,0,500
square__C_rand_6__s3,412,1,250
square__C_rand_6__s3,413,0,500
square__C_rand_6__s3,414,1,199
square__C_rand_6__s3,415,1,293
square__C_rand_6__s3,416,1,159
square__C_rand_6__s3,417,1,267
square__C_rand_6__s3,418,0,500
square__C_rand_6__s3,419,0,500
square__C_rand_6__s3,420,1,362
square__C_rand_6__s3,421,1,188
square__C_rand_6__s3,422,0,500
square__C_rand_6__s3,423,1,197
square__C_rand_6__s3,424,0,500
square__C_rand_6__s3,425,1,187
square__C_rand_6__s3,426,1,171
square__C_rand_6__s3,427,1,216
square__C_rand_6__s3,428,0,500
square__C_rand_6__s3,429,1,172
square__C_rand_6__s3,430,0,500
square__C_rand_6__s3,431,0,500
square__C_rand_6__s3,432,1,321
square__C_rand_6__s3,433,1,190
square__C_rand_6__s3,434,1,213
square__C_rand_6__s3,435,0,500
square__C_rand_6__s3,436,1,191
square__C_rand_6__s3,437,0,500
square__C_rand_6__s3,438,1,334
square__C_rand_6__s3,439,1,150
square__C_rand_6__s3,440,1,189
square__C_rand_6__s3,441,1,301
square__C_rand_6__s3,442,1,268
square__C_rand_6__s3,443,1,175
square__C_rand_6__s3,444,1,292
square__C_rand_6__s3,445,0,500
square__C_rand_6__s3,446,1,149
square__C_rand_6__s3,447,0,500
square__C_rand_6__s3,448,0,500
square__C_rand_6__s3,449,1,252
square__C_rand_6__s3,450,1,160
square__C_rand_6__s3,451,0,500
square__C_rand_6__s3,452,1,178
square__C_rand_6__s3,453,1,258
square__C_rand_6__s3,454,1,240
square__C_rand_6__s3,455,1,208
square__C_rand_6__s3,456,1,201
square__C_rand_6__s3,457,1,260
square__C_rand_6__s3,458,0,500
square__C_rand_6__s3,459,1,168
square__C_rand_6__s3,460,1,342
square__C_rand_6__s3,461,0,500
square__C_rand_6__s3,462,0,500
square__C_rand_6__s3,463,1,199
square__C_rand_6__s3,464,0,500
square__C_rand_6__s3,465,1,221
square__C_rand_6__s3,466,0,500
square__C_rand_6__s3,467,0,500
square__C_rand_6__s3,468,1,245
square__C_rand_6__s3,469,0,500
square__C_rand_6__s3,470,1,195
square__C_rand_6__s3,471,1,263
square__C_rand_6__s3,472,1,368
square__C_rand_6__s3,473,1,189
square__C_rand_6__s3,474,1,372
square__C_rand_6__s3,475,1,240
square__C_rand_6__s3,476,0,500
square__C_rand_6__s3,477,0,500
square__C_rand_6__s3,478,0,500
square__C_rand_6__s3,479,0,500
square__C_rand_6__s3,480,0,500
square__C_rand_6__s3,481,1,291
square__C_rand_6__s3,482,1,172
square__C_rand_6__s3,483,0,500
square__C_rand_6__s3,484,0,500
square__C_rand_6__s3,485,0,500
square__C_rand_6__s3,486,0,500
square__C_rand_6__s3,487,1,271
square__C_rand_6__s3,488,1,362
square__C_rand_6__s3,489,0,500
square__C_rand_6__s3,490,1,166
square__C_rand_6__s3,491,1,390
square__C_rand_6__s3,492,0,500
square__C_rand_6__s3,493,1,269
square__C_rand_6__s3,494,0,500
square__C_rand_6__s3,495,1,237
square__C_rand_6__s3,496,1,172
square__C_rand_6__s3,497,1,286
square__C_rand_6__s3,498,0,500
square__C_rand_6__s3,499,0,500
